year,specialTitle,baseSongTitle,baseSongId,relationType,relationNotes,currentSonglistRepresentation,currentSongId,permanentDifficultyClass,hasPermanentBYDRepresentation,currentApkSongFolderPresence,currentApkArtworkPresence,currentApkChartPresence,catalogPresence,catalogResourceId,reconciliationStatus,semanticStatus,apkArtworkRole,confidence,externalReference,apkEvidence
2018,Ignotus Afterburn,Ignotus,ignotus,permanent-byd-related,"The current APK keeps the special title/audio/jacket on songlist.id=ignotus difficulty BYD; this is the permanent BYD representation of the seasonal Error Track, not a separate songlist id.",base song record + permanent BYD override; no separate special songlist id,ignotus,BYD,true,yes: assets/songs/dl_ignotus; separate special folder not found,yes: arcaea:ignotus:difficulty:BYD; assets/songs/dl_ignotus/1080_3.jpg,yes: BYD record chartBodyPath=3.aff; chartFilePresent=False,true,01a00091-433a-7ed1-bfd0-6f97978d63d6;01a00091-4433-7261-acb2-de11ccfd2560,confirmed-current-permanent-byd-artwork,current-difficulty-artwork,current-difficulty-artwork,confirmed,https://arcaea.fandom.com/wiki/Category:April_Fools; https://arcaea.fandom.com/wiki/Ignotus_Afterburn_%28April_Fools%29,"assets/songs/songlist:songId=ignotus; songIdx=41; baseFolder=assets/songs/dl_ignotus; baseSongDifficultyCount=4; BYD.titleOverride={""en"":""Ignotus Afterburn""}; BYD.audioOverride=True; BYD.jacketOverride=True; artworkPath=assets/songs/dl_ignotus/1080_3.jpg; Catalog=01a00091-433a-7ed1-bfd0-6f97978d63d6;01a00091-4433-7261-acb2-de11ccfd2560"
2019,Red and Blue and Green,Red and Blue,redandblue,permanent-byd-related,The current APK keeps the special title/audio/jacket on songlist.id=redandblue difficulty BYD; no separate special songlist id was recovered.,base song record + permanent BYD override; no separate special songlist id,redandblue,BYD,true,yes: assets/songs/dl_redandblue; separate special folder not found,yes: arcaea:redandblue:difficulty:BYD; assets/songs/dl_redandblue/1080_3.jpg,yes: BYD record chartBodyPath=3.aff; chartFilePresent=False,true,01a00091-e80b-72fc-bc58-c85e11af3f54;01a00091-e8f5-7d9b-90a1-952e1cb72dee,confirmed-current-permanent-byd-artwork,current-difficulty-artwork,current-difficulty-artwork,confirmed,https://arcaea.fandom.com/wiki/Category:April_Fools,"assets/songs/songlist:songId=redandblue; songIdx=58; baseFolder=assets/songs/dl_redandblue; baseSongDifficultyCount=4; BYD.titleOverride={""en"":""Red and Blue and Green""}; BYD.audioOverride=True; BYD.jacketOverride=True; artworkPath=assets/songs/dl_redandblue/1080_3.jpg; Catalog=01a00091-e80b-72fc-bc58-c85e11af3f54;01a00091-e8f5-7d9b-90a1-952e1cb72dee"
2020,Singularity VVVIP,Singularity,singularity,permanent-byd-related,The current APK keeps the special title/audio/jacket on songlist.id=singularity difficulty BYD; no separate special songlist id was recovered.,base song record + permanent BYD override; no separate special songlist id,singularity,BYD,true,yes: assets/songs/dl_singularity; separate special folder not found,yes: arcaea:singularity:difficulty:BYD; assets/songs/dl_singularity/1080_3.jpg,yes: BYD record chartBodyPath=3.aff; chartFilePresent=False,true,01a00092-0bec-756a-a925-b2a00ece2b36;01a00092-0cf2-70b6-80ec-d1906cbf2388,confirmed-current-permanent-byd-artwork,current-difficulty-artwork,current-difficulty-artwork,confirmed,https://arcaea.fandom.com/wiki/Category:April_Fools,"assets/songs/songlist:songId=singularity; songIdx=70; baseFolder=assets/songs/dl_singularity; baseSongDifficultyCount=4; BYD.titleOverride={""en"":""Singularity VVVIP""}; BYD.audioOverride=True; BYD.jacketOverride=True; artworkPath=assets/songs/dl_singularity/1080_3.jpg; Catalog=01a00092-0bec-756a-a925-b2a00ece2b36;01a00092-0cf2-70b6-80ec-d1906cbf2388"
2021,overdead.,dropdead,dropdead,permanent-byd-related,The current APK keeps the special title/audio/artist/BPM/jacket on songlist.id=dropdead difficulty BYD; the 500 BPM value is difficulty-level evidence.,base song record + permanent BYD override; no separate special songlist id,dropdead,BYD,true,yes: assets/songs/dl_dropdead; separate special folder not found,yes: arcaea:dropdead:difficulty:BYD; assets/songs/dl_dropdead/1080_3.jpg,yes: BYD record chartBodyPath=3.aff; chartFilePresent=False,true,01a00090-f075-7a65-a6fe-9f633474150a;01a00091-c36d-7f63-a127-3f90aa03b939,confirmed-current-permanent-byd-artwork,current-difficulty-artwork,current-difficulty-artwork,confirmed,https://arcaea.fandom.com/wiki/Category:April_Fools,"assets/songs/songlist:songId=dropdead; songIdx=91; baseFolder=assets/songs/dl_dropdead; baseSongDifficultyCount=4; BYD.titleOverride={""en"":""overdead.""}; BYD.audioOverride=True; BYD.jacketOverride=True; artworkPath=assets/songs/dl_dropdead/1080_3.jpg; Catalog=01a00090-f075-7a65-a6fe-9f633474150a;01a00091-c36d-7f63-a127-3f90aa03b939"
2022,Mistempered Malignance,Malicious Mischance,maliciousmischance,remix-of,"The current APK contains the base song record and base artwork, but no separate special songlist record or permanent BYD override for this Error Track.",base song record only; no separate special songlist id or permanent BYD override recovered,maliciousmischance,,false,yes: assets/songs/dl_maliciousmischance; separate special folder not found,no separate special artwork; base artwork present at assets/songs/dl_maliciousmischance/1080_base.jpg,no separate seasonal chart record; base-song difficulty records only,true,01a00091-a029-70c2-9056-e14b9301e602,catalog-present-seasonal-special-unmatched-current-apk,april-fools-special-song-artwork,seasonal-only-in-audited-apk,high,https://arcaea.fandom.com/wiki/Category:April_Fools,assets/songs/songlist:songId=maliciousmischance; songIdx=174; baseFolder=assets/songs/dl_maliciousmischance; baseSongDifficultyCount=3; BYD.titleOverride=; BYD.audioOverride=; BYD.jacketOverride=; artworkPath=assets/songs/dl_maliciousmischance/1080_base.jpg; Catalog=01a00091-a029-70c2-9056-e14b9301e602
2023,0xe0e1ccull,#1f1e33,ifi,remix-of,"The current APK contains songlist.id=ifi for the base song, but no separate special songlist record or permanent BYD override for this Error Track.",base song record only; no separate special songlist id or permanent BYD override recovered,ifi,,false,yes: assets/songs/dl_ifi; separate special folder not found,no separate special artwork; base artwork present at assets/songs/dl_ifi/1080_base.jpg,no separate seasonal chart record; base-song difficulty records only,true,01a00090-2f0f-7253-bd02-6dcebacbbcfd,catalog-present-seasonal-special-unmatched-current-apk,april-fools-special-song-artwork,seasonal-only-in-audited-apk,high,https://arcaea.fandom.com/wiki/Category:April_Fools,assets/songs/songlist:songId=ifi; songIdx=159; baseFolder=assets/songs/dl_ifi; baseSongDifficultyCount=3; BYD.titleOverride=; BYD.audioOverride=; BYD.jacketOverride=; artworkPath=assets/songs/dl_ifi/1080_base.jpg; Catalog=01a00090-2f0f-7253-bd02-6dcebacbbcfd
2024,HIVEMIND INTERLINKED,HIVEMIND,hivemind,mashup-of,The external semantic baseline describes a mashup involving HIVEMIND and other Arcaea material; the current APK only exposes songlist.id=hivemind as the base record.,base song record only; no separate special songlist id or permanent BYD override recovered,hivemind,,false,yes: assets/songs/dl_hivemind; separate special folder not found,no separate special artwork; base artwork present at assets/songs/dl_hivemind/1080_base.jpg,no separate seasonal chart record; base-song difficulty records only,true,01a00091-3b61-7d33-8328-b7e9c1b7c0c4,catalog-present-seasonal-special-unmatched-current-apk,april-fools-special-song-artwork,seasonal-only-in-audited-apk,high,https://arcaea.fandom.com/wiki/Category:April_Fools; https://arcaea.fandom.com/wiki/HIVEMIND_INTERLINKED,assets/songs/songlist:songId=hivemind; songIdx=222; baseFolder=assets/songs/dl_hivemind; baseSongDifficultyCount=3; BYD.titleOverride=; BYD.audioOverride=; BYD.jacketOverride=; artworkPath=assets/songs/dl_hivemind/1080_base.jpg; Catalog=01a00091-3b61-7d33-8328-b7e9c1b7c0c4
2025,Live Faster Die Younger,Live Fast Die Young,livefastdieyoung,remix-of,"The current APK contains the base song record, but no separate seasonal special songlist record or permanent BYD override was recovered.",base song record only; no separate special songlist id or permanent BYD override recovered,livefastdieyoung,,false,yes: assets/songs/dl_livefastdieyoung; separate special folder not found,no separate special artwork; base artwork present at assets/songs/dl_livefastdieyoung/1080_base.jpg,no separate seasonal chart record; base-song difficulty records only,true,01a00091-7a91-731b-9da6-fbf860dd0d6e,catalog-present-seasonal-special-unmatched-current-apk,april-fools-special-song-artwork,seasonal-only-in-audited-apk,high,https://arcaea.fandom.com/wiki/Category:April_Fools,assets/songs/songlist:songId=livefastdieyoung; songIdx=242; baseFolder=assets/songs/dl_livefastdieyoung; baseSongDifficultyCount=3; BYD.titleOverride=; BYD.audioOverride=; BYD.jacketOverride=; artworkPath=assets/songs/dl_livefastdieyoung/1080_base.jpg; Catalog=01a00091-7a91-731b-9da6-fbf860dd0d6e
2026,UNUSED LEVELS,UNKNOWN LEVELS,unknownlevels,remix-of,"The current APK contains the base song record, but no separate seasonal special songlist record or permanent BYD override was recovered.",base song record only; no separate special songlist id or permanent BYD override recovered,unknownlevels,,false,yes: assets/songs/dl_unknownlevels; separate special folder not found,no separate special artwork; base artwork present at assets/songs/dl_unknownlevels/1080_base.jpg,no separate seasonal chart record; base-song difficulty records only,true,01a00092-45af-767f-8d89-bce8c0ee9978,catalog-present-seasonal-special-unmatched-current-apk,april-fools-special-song-artwork,seasonal-only-in-audited-apk,high,https://arcaea.fandom.com/wiki/Category:April_Fools,assets/songs/songlist:songId=unknownlevels; songIdx=340; baseFolder=assets/songs/dl_unknownlevels; baseSongDifficultyCount=3; BYD.titleOverride=; BYD.audioOverride=; BYD.jacketOverride=; artworkPath=assets/songs/dl_unknownlevels/1080_base.jpg; Catalog=01a00092-45af-767f-8d89-bce8c0ee9978
