path,fileCount,totalSizeBytes,totalCompressedSizeBytes
.,7320,1910651029,1865928462
META-INF,44,807,748
assets,6791,1842438024,1834050703
kotlin,7,29924,10463
lib,16,50415500,24710254
res,420,742216,631466
META-INF/com,1,56,52
META-INF/services,2,106,99
assets/Default,6,15014,11646
assets/Fonts,18,9200424,7250840
assets/app-data,345,127706916,125050426
assets/audio,136,179282904,179282904
assets/char,421,339391134,339337275
assets/dexopt,2,1325,1325
assets/img,2009,411859705,411827417
assets/layouts,1674,86644494,85769013
assets/models,20,190299,173437
assets/particle,11,8094658,8088492
assets/songs,2075,662980396,660546978
assets/startup,55,15696267,15657695
assets/tl,4,533119,211886
assets/voice,14,841300,841300
kotlin/annotation,1,928,561
kotlin/collections,1,3685,1521
kotlin/coroutines,1,200,157
kotlin/internal,1,646,394
kotlin/ranges,1,3399,1292
kotlin/reflect,1,2426,1286
lib/arm64-v8a,8,30811448,14570702
lib/armeabi-v7a,8,19604052,10139552
res/color,16,8252,3843
res/color-v23,9,5788,2475
res/color-v26,1,464,226
META-INF/com/android,1,56,52
assets/app-data/story,332,127478194,125008642
assets/app-data/story2,13,228722,41784
assets/audio/bgm,43,96053712,96053712
assets/char/1080,139,231159448,231159448
assets/img/1080,261,34356158,34356158
assets/img/account,4,76822,76822
assets/img/aegleseeker,6,2404548,2404548
assets/img/bg,293,231076155,231076155
assets/img/breached,3,386000,386000
assets/img/clear_type,6,39903,39903
assets/img/course,136,14149026,14149026
assets/img/credits,32,8850656,8850656
assets/img/dialog_v2,59,676011,676011
assets/img/epilogue,16,796696,796696
assets/img/favorite,19,2958980,2958980
assets/img/finale,45,4709797,4709797
assets/img/gamescene,16,1177016,1177016
assets/img/grade,15,114338,114338
assets/img/multiplayer,220,20185374,20185257
assets/img/ranking,8,154433,154433
assets/img/results,37,4521246,4521246
assets/img/scenery,22,3211553,3211553
assets/img/skills,25,72287,72287
assets/img/songselect,91,3604100,3604100
assets/img/story,180,9222021,9222021
assets/img/tutorial_v2,30,1412488,1412488
assets/img/world,91,35006509,35006509
assets/layouts/1080,470,45012443,45012443
assets/layouts/character,164,2460544,2447706
assets/layouts/course,6,26673,16666
assets/layouts/dialog,17,1498969,1491536
assets/layouts/download,12,211950,209055
assets/layouts/epilogue,29,1599081,1592083
assets/layouts/finale,196,6285312,6154432
assets/layouts/ingame,39,2451454,2432655
assets/layouts/mainmenu,140,3963272,3786312
assets/layouts/multiplayer,135,5997527,5891517
assets/layouts/results,100,6288967,6232688
assets/layouts/songselect,136,3940542,3769137
assets/layouts/story,65,2982150,2935541
assets/layouts/topbar,7,94345,87984
assets/layouts/vn,4,76936,75474
assets/layouts/world,154,3754329,3633784
assets/songs/arcahv,6,4500575,4407556
assets/songs/brandnewworld,6,3959721,3942323
assets/songs/caramelpop,7,4332728,4246740
assets/songs/chronostasis,6,3520624,3491140
assets/songs/clotho,7,3796960,3751643
assets/songs/dandelion,6,4114099,4084501
assets/songs/dematerialized,7,3484056,3442223
assets/songs/dement,8,4103077,4077994
assets/songs/dialnote,6,3151588,3086587
assets/songs/dl_abstrusedilemma,3,966382,966382
assets/songs/dl_acheron,3,1022848,1022848
assets/songs/dl_acidgod,3,1202653,1202653
assets/songs/dl_aegleseeker,3,733158,733158
assets/songs/dl_aethercrest,3,1133343,1133343
assets/songs/dl_aidrew,3,713318,713318
assets/songs/dl_aishite,3,725694,725694
assets/songs/dl_aiueoon,3,879348,879348
assets/songs/dl_akinokagerou,3,878435,878435
assets/songs/dl_alephzero,3,640781,640781
assets/songs/dl_alexandrite,3,765909,765909
assets/songs/dl_alicealamode,3,861198,861198
assets/songs/dl_alicessuitcase,3,817735,817735
assets/songs/dl_aloneandlorn,3,878635,878635
assets/songs/dl_altair,3,686601,686601
assets/songs/dl_altale,3,647481,647481
assets/songs/dl_alterale,3,856528,856528
assets/songs/dl_alterego,3,1081666,1081666
assets/songs/dl_altergate,3,1015944,1015944
assets/songs/dl_altersist,3,874669,874669
assets/songs/dl_amazingmightyyyy,3,600425,600425
assets/songs/dl_amekagura,3,834060,834060
assets/songs/dl_amygdata,3,875448,875448
assets/songs/dl_andorxor,3,969630,969630
assets/songs/dl_andrevivemelody,3,762259,762259
assets/songs/dl_angelsboundary,3,1026349,1026349
assets/songs/dl_anokumene,3,639167,639167
assets/songs/dl_antagonism,3,754410,754410
assets/songs/dl_antithese,5,1011980,1011980
assets/songs/dl_aprilshowers,3,598201,598201
assets/songs/dl_arcanaeden,4,1167426,1167426
assets/songs/dl_arghena,3,1019970,1019970
assets/songs/dl_ascent,3,809378,809378
assets/songs/dl_asgore,3,609539,609539
assets/songs/dl_ashenboundary,3,933632,933632
assets/songs/dl_astralexe,3,785118,785118
assets/songs/dl_astralquant,3,1126396,1126396
assets/songs/dl_astraltale,3,802132,802132
assets/songs/dl_astrawalkthrough,3,864048,864048
assets/songs/dl_aterlbus,3,722930,722930
assets/songs/dl_attraqtia,3,1006110,1006110
assets/songs/dl_aurgelmir,3,898175,898175
assets/songs/dl_auxesia,3,790243,790243
assets/songs/dl_avantraze,3,867461,867461
assets/songs/dl_avril,7,1265535,1265535
assets/songs/dl_awakening,3,1052418,1052418
assets/songs/dl_awakeninruins,3,712924,712924
assets/songs/dl_axiumcrisis,7,5743492,5743492
assets/songs/dl_azalea,3,860518,860518
assets/songs/dl_babaroque,3,669748,669748
assets/songs/dl_backtobasics,3,1052253,1052253
assets/songs/dl_badtek,3,906922,906922
assets/songs/dl_bassline,3,844772,844772
assets/songs/dl_battlenoone,3,816178,816178
assets/songs/dl_bbkkbkk,3,561565,561565
assets/songs/dl_beautifuldreamer,3,1066278,1066278
assets/songs/dl_besideyou,3,816272,816272
assets/songs/dl_bethere,5,1204787,1204787
assets/songs/dl_blacklotus,3,775258,775258
assets/songs/dl_blackmind,3,594159,594159
assets/songs/dl_blackmirror,3,949173,949173
assets/songs/dl_blackterritory,3,833503,833503
assets/songs/dl_blaster,3,876223,876223
assets/songs/dl_blazingair,3,1222462,1222462
assets/songs/dl_blockedlibrary,3,924298,924298
assets/songs/dl_blossoms,3,786404,786404
assets/songs/dl_blrink,3,896240,896240
assets/songs/dl_bluecomet,3,834514,834514
assets/songs/dl_bluerose,3,846316,846316
assets/songs/dl_blythe,3,672576,672576
assets/songs/dl_bookmaker,5,1187704,1187704
assets/songs/dl_breachoffaith,3,903642,903642
assets/songs/dl_breakbreak,3,942285,942285
assets/songs/dl_buchigireberserker,3,700700,700700
assets/songs/dl_bulletwaiting,3,647342,647342
assets/songs/dl_callimakarma,3,804430,804430
assets/songs/dl_callmyname,3,573904,573904
assets/songs/dl_capella,3,794363,794363
assets/songs/dl_carminescythe,3,829413,829413
assets/songs/dl_chaintonite,3,848416,848416
assets/songs/dl_chaos,3,744097,744097
assets/songs/dl_chaosblast,3,913766,913766
assets/songs/dl_chelsea,3,800927,800927
assets/songs/dl_chromafill,3,833934,833934
assets/songs/dl_chronicle,3,858011,858011
assets/songs/dl_chronologia,3,910704,910704
assets/songs/dl_climax,3,1079587,1079587
assets/songs/dl_coastalhighway,3,790551,790551
assets/songs/dl_cocorocosmetic,3,931259,931259
assets/songs/dl_codeoblivion,3,1002493,1002493
assets/songs/dl_conflict,3,1049033,1049033
assets/songs/dl_corpssansorganes,3,898315,898315
assets/songs/dl_corruption,3,854581,854581
assets/songs/dl_cosmica,3,735847,735847
assets/songs/dl_cosmogyral,3,1062271,1062271
assets/songs/dl_cosmopop,3,877981,877981
assets/songs/dl_crimsonquartz,3,820494,820494
assets/songs/dl_crimsonthrone,3,821418,821418
assets/songs/dl_crossover,3,783254,783254
assets/songs/dl_crosssoul,3,535117,535117
assets/songs/dl_cryogenic,3,1059544,1059544
assets/songs/dl_crystalgravity,3,820485,820485
assets/songs/dl_csqn,3,539629,539629
assets/songs/dl_cyaegha,3,850501,850501
assets/songs/dl_cyanine,3,945326,945326
assets/songs/dl_cyberneciacatharsis,5,1365696,1365696
assets/songs/dl_cycles,3,524704,524704
assets/songs/dl_daat,3,1195096,1195096
assets/songs/dl_dantalion,3,814020,814020
assets/songs/dl_darakunosono,3,897833,897833
assets/songs/dl_dataerror,3,914456,914456
assets/songs/dl_dazzlehop,3,750520,750520
assets/songs/dl_ddd,3,652301,652301
assets/songs/dl_deathbyglamour,3,596809,596809
assets/songs/dl_defection,3,818784,818784
assets/songs/dl_desertrealm,3,925063,925063
assets/songs/dl_designant,3,1081103,1081103
assets/songs/dl_desive,3,998711,998711
assets/songs/dl_devillicsphere,3,649752,649752
assets/songs/dl_diesirae,3,1117399,1117399
assets/songs/dl_diode,3,873115,873115
assets/songs/dl_disintegration,3,1002712,1002712
assets/songs/dl_distortedfate,3,814920,814920
assets/songs/dl_distortionhuman,3,830413,830413
assets/songs/dl_divinelight,3,739249,739249
assets/songs/dl_dontdie,3,726203,726203
assets/songs/dl_dontfightmusic,3,654277,654277
assets/songs/dl_dottodot,3,607589,607589
assets/songs/dl_dreadnought,3,600503,600503
assets/songs/dl_dreamgoeson,3,734553,734553
assets/songs/dl_dreaminattraction,3,605824,605824
assets/songs/dl_drg,3,656102,656102
assets/songs/dl_dropdead,7,5764370,5764370
assets/songs/dl_dualdependency,3,940578,940578
assets/songs/dl_dualdoom,3,995952,995952
assets/songs/dl_dullblade,3,708589,708589
assets/songs/dl_dxfullmetal,3,1023852,1023852
assets/songs/dl_dynitikos,3,800131,800131
assets/songs/dl_eccentrictale,5,1132928,1132928
assets/songs/dl_edenwacca,3,693577,693577
assets/songs/dl_egoeimi,3,667953,667953
assets/songs/dl_eightem,3,975630,975630
assets/songs/dl_einherjar,5,1114754,1114754
assets/songs/dl_empireofwinter,3,846687,846687
assets/songs/dl_enchantedlove,3,565519,565519
assets/songs/dl_endmoonlight,3,751967,751967
assets/songs/dl_energysynergymatrix,3,723157,723157
assets/songs/dl_epitaxy,3,787326,787326
assets/songs/dl_equilibrium,3,745207,745207
assets/songs/dl_espebranch,3,986496,986496
assets/songs/dl_essenceoftwilight,3,568165,568165
assets/songs/dl_eternitybreak,3,858671,858671
assets/songs/dl_etherstrike,3,877949,877949
assets/songs/dl_eveninginscarlet,3,926194,926194
assets/songs/dl_evoltex,3,897516,897516
assets/songs/dl_extradimensional,3,1088590,1088590
assets/songs/dl_factorder,3,1049009,1049009
assets/songs/dl_faintlight,3,712814,712814
assets/songs/dl_fallensquare,3,546186,546186
assets/songs/dl_fantasy,3,758170,758170
assets/songs/dl_farawaylight,3,860678,860678
assets/songs/dl_feelssoright,3,680905,680905
assets/songs/dl_felis,3,842923,842923
assets/songs/dl_felys,3,725799,725799
assets/songs/dl_filament,3,775839,775839
assets/songs/dl_finalstep,3,664690,664690
assets/songs/dl_firstsnow,3,803600,803600
assets/songs/dl_flashback,3,648119,648119
assets/songs/dl_flexidefine,3,1272205,1272205
assets/songs/dl_floatingworld,3,852624,852624
assets/songs/dl_fluffyflash,3,801130,801130
assets/songs/dl_flyburg,3,1341447,1341447
assets/songs/dl_fractureray,3,1252491,1252491
assets/songs/dl_freefall,5,1385075,1385075
assets/songs/dl_freemyself,3,856256,856256
assets/songs/dl_furetemitai,3,1198876,1198876
assets/songs/dl_galacticlove,3,895605,895605
assets/songs/dl_galaxyfriends,3,903300,903300
assets/songs/dl_garakuta,3,845539,845539
assets/songs/dl_gekka,3,632007,632007
assets/songs/dl_genesis,3,657410,657410
assets/songs/dl_genesischunithm,3,835149,835149
assets/songs/dl_gengaozo,3,650156,650156
assets/songs/dl_genocider,3,838395,838395
assets/songs/dl_gensounosatellite,3,765128,765128
assets/songs/dl_gimmedablood,3,735407,735407
assets/songs/dl_gimmick,3,569368,569368
assets/songs/dl_givemeanightmare,3,942425,942425
assets/songs/dl_gloryroad,3,794107,794107
assets/songs/dl_glow,3,690302,690302
assets/songs/dl_goldenslaughterer,3,771838,771838
assets/songs/dl_goodbyemerry,3,659085,659085
assets/songs/dl_goodrage,3,1036484,1036484
assets/songs/dl_goodtek,5,1191392,1191392
assets/songs/dl_gothiveofra,3,670365,670365
assets/songs/dl_gou,3,928416,928416
assets/songs/dl_grandspell,3,1310042,1310042
assets/songs/dl_grievouslady,3,817055,817055
assets/songs/dl_guardina,3,819148,819148
assets/songs/dl_hailstone,3,845567,845567
assets/songs/dl_halcyon,3,756463,756463
assets/songs/dl_hallofmirrors,3,752240,752240
assets/songs/dl_harutopia,3,544483,544483
assets/songs/dl_headbonkache,3,1207655,1207655
assets/songs/dl_hearditsaid,3,795599,795599
assets/songs/dl_heartache,3,587524,587524
assets/songs/dl_heartjackin,3,766934,766934
assets/songs/dl_heavenlycaress,5,1181394,1181394
assets/songs/dl_heavensdoor,5,914154,914154
assets/songs/dl_hellohell,3,867320,867320
assets/songs/dl_hiirogekka,3,682031,682031
assets/songs/dl_hikari,3,807528,807528
assets/songs/dl_hivemind,3,771087,771087
assets/songs/dl_hotarubinoyuki,3,824196,824196
assets/songs/dl_hybris,3,1031216,1031216
assets/songs/dl_hypervision,3,805125,805125
assets/songs/dl_hypnotize,3,796754,796754
assets/songs/dl_ichirin,3,653915,653915
assets/songs/dl_iconoclast,3,804231,804231
assets/songs/dl_ifi,3,903163,903163
assets/songs/dl_ignition,3,964421,964421
assets/songs/dl_ignotus,7,4942552,4942552
assets/songs/dl_ii,7,1142298,1142298
assets/songs/dl_ikazuchi,3,1156989,1156989
assets/songs/dl_impact,3,811081,811081
assets/songs/dl_impurebird,3,698723,698723
assets/songs/dl_incarnator,3,1003901,1003901
assets/songs/dl_incompleteone,3,867485,867485
assets/songs/dl_infinitedim,3,1215898,1215898
assets/songs/dl_infinitestrife,5,2812463,2812463
assets/songs/dl_infinity,3,654970,654970
assets/songs/dl_init,3,773974,773974
assets/songs/dl_innocence,3,890514,890514
assets/songs/dl_internetoverdose,3,860862,860862
assets/songs/dl_internetyamero,3,825352,825352
assets/songs/dl_invain,3,919511,919511
assets/songs/dl_invertedworld,3,840877,840877
assets/songs/dl_ionostream,3,777173,777173
assets/songs/dl_iwantyou,3,755028,755028
assets/songs/dl_izana,3,824911,824911
assets/songs/dl_journey,3,800209,800209
assets/songs/dl_judgement,3,888933,888933
assets/songs/dl_jump,3,900940,900940
assets/songs/dl_kamippoi,3,843850,843850
assets/songs/dl_kanagawa,5,1176658,1176658
assets/songs/dl_kissinglucifer,3,803917,803917
assets/songs/dl_kokoro,3,692329,692329
assets/songs/dl_kyogenkigo,5,1460537,1460537
assets/songs/dl_kyorenromance,3,771617,771617
assets/songs/dl_ladymadestar,3,905335,905335
assets/songs/dl_lamentrain,5,7943982,7943982
assets/songs/dl_lamia,3,791897,791897
assets/songs/dl_lapis,3,678966,678966
assets/songs/dl_laqryma,5,1499014,1499014
assets/songs/dl_last,7,5352794,5352794
assets/songs/dl_lastcelebration,3,904112,904112
assets/songs/dl_lastendconductor,3,872132,872132
assets/songs/dl_lasteternity,3,883734,883734
assets/songs/dl_lastgoodbye,3,520514,520514
assets/songs/dl_lavie,3,786610,786610
assets/songs/dl_lawlesspoint,3,768681,768681
assets/songs/dl_lazyaddiction,3,640914,640914
assets/songs/dl_leaveallbehind,3,691400,691400
assets/songs/dl_lethaeus,3,732754,732754
assets/songs/dl_lethalvoltage,3,888645,888645
assets/songs/dl_letsrock,3,817598,817598
assets/songs/dl_letyoudivermx,3,761850,761850
assets/songs/dl_liar,3,807087,807087
assets/songs/dl_libertas,5,1312231,1312231
assets/songs/dl_lifeispiano,3,591206,591206
assets/songs/dl_liftoff,3,562518,562518
assets/songs/dl_lightmyway,3,996234,996234
assets/songs/dl_lightningscrew,3,881779,881779
assets/songs/dl_lightsofmuse,3,563286,563286
assets/songs/dl_lilly,3,991586,991586
assets/songs/dl_linearaccelerator,3,744308,744308
assets/songs/dl_livefastdieyoung,3,776901,776901
assets/songs/dl_logos,3,902029,902029
assets/songs/dl_loschen,3,787850,787850
assets/songs/dl_lostdesire,3,865818,865818
assets/songs/dl_lostemotion,3,966010,966010
assets/songs/dl_lostintheabyss,3,692679,692679
assets/songs/dl_lovelessdress,3,816241,816241
assets/songs/dl_lucidtraveler,5,1114729,1114729
assets/songs/dl_lucifer,3,543437,543437
assets/songs/dl_lumia,5,1034431,1034431
assets/songs/dl_lunarossa,3,881442,881442
assets/songs/dl_macromod,3,915916,915916
assets/songs/dl_magnolia,3,822318,822318
assets/songs/dl_mahoroba,3,815074,815074
assets/songs/dl_maliciousmischance,3,778350,778350
assets/songs/dl_manicjeer,3,982842,982842
assets/songs/dl_mantis,3,878968,878968
assets/songs/dl_marenyx,3,969621,969621
assets/songs/dl_mask,3,1038994,1038994
assets/songs/dl_masqueradelegion,3,872008,872008
assets/songs/dl_matenrou,3,793601,793601
assets/songs/dl_maxrage,3,879731,879731
assets/songs/dl_mazenine,3,873235,873235
assets/songs/dl_mazymetroplex,3,962401,962401
assets/songs/dl_medusa,3,764309,764309
assets/songs/dl_megalovania,3,605936,605936
assets/songs/dl_megalovaniarmx,3,835929,835929
assets/songs/dl_melodyoflove,5,1212539,1212539
assets/songs/dl_meltyrhapsody,3,951298,951298
assets/songs/dl_memoryfactory,3,550910,550910
assets/songs/dl_memoryforest,3,710114,710114
assets/songs/dl_merlin,3,758889,758889
assets/songs/dl_metallicpunisher,3,652565,652565
assets/songs/dl_metamysteria,3,831470,831470
assets/songs/dl_miles,3,688307,688307
assets/songs/dl_mirinae,3,793707,793707
assets/songs/dl_mirrorrmx,3,823920,823920
assets/songs/dl_mirzam,3,785568,785568
assets/songs/dl_mod,3,1067876,1067876
assets/songs/dl_modelista,3,762335,762335
assets/songs/dl_monochromeprincess,3,797009,797009
assets/songs/dl_moonheart,5,1020888,1020888
assets/songs/dl_moonlightofsandcastle,3,622258,622258
assets/songs/dl_morningloom,3,701524,701524
assets/songs/dl_mu,3,656327,656327
assets/songs/dl_mukishitsu,3,664586,664586
assets/songs/dl_mvurbd,3,835489,835489
assets/songs/dl_mylifeismine,3,863531,863531
assets/songs/dl_namelesspassion,3,804220,804220
assets/songs/dl_nekonote,3,667799,667799
assets/songs/dl_neokosmo,3,889864,889864
assets/songs/dl_neowings,3,809204,809204
assets/songs/dl_newyorkbackraise,3,822771,822771
assets/songs/dl_nexttoyou,5,1159269,1159269
assets/songs/dl_nhelv,5,1381708,1381708
assets/songs/dl_nightmare,3,864376,864376
assets/songs/dl_nirvluce,3,763923,763923
assets/songs/dl_nnglooms,3,654732,654732
assets/songs/dl_nowayback,3,1072159,1072159
assets/songs/dl_nulctrl,3,653300,653300
assets/songs/dl_nullapophenia,3,775312,775312
assets/songs/dl_oblivion,3,681814,681814
assets/songs/dl_odysseia,3,698127,698127
assets/songs/dl_oldschoolsalvage,3,1027706,1027706
assets/songs/dl_omajinai,3,798432,798432
assets/songs/dl_omakeno,3,769157,769157
assets/songs/dl_omegafour,3,766397,766397
assets/songs/dl_onandon,3,772386,772386
assets/songs/dl_onefr,3,776777,776777
assets/songs/dl_onestepcloser,3,762006,762006
assets/songs/dl_oracle,3,696323,696323
assets/songs/dl_oshamascramble,3,652476,652476
assets/songs/dl_ouroboros,3,894404,894404
assets/songs/dl_ouverture,3,988691,988691
assets/songs/dl_overdrive,3,748962,748962
assets/songs/dl_override,3,818536,818536
assets/songs/dl_overwhelm,3,788915,788915
assets/songs/dl_paperwitch,3,789387,789387
assets/songs/dl_paradise,3,699897,699897
assets/songs/dl_paradoxpalette,3,1027396,1027396
assets/songs/dl_paranoidarc,3,1036915,1036915
assets/songs/dl_particle,3,707531,707531
assets/songs/dl_partyvinyl,5,1191644,1191644
assets/songs/dl_pentiment,3,1050441,1050441
assets/songs/dl_phantasia,3,790132,790132
assets/songs/dl_picopicotranslation,3,1147557,1147557
assets/songs/dl_placebobattler,3,1172474,1172474
assets/songs/dl_pragmatism,7,5577626,5577626
assets/songs/dl_prayer,3,834044,834044
assets/songs/dl_primevaltexture,3,764752,764752
assets/songs/dl_primitivelights,3,937632,937632
assets/songs/dl_prism,7,1480871,1480871
assets/songs/dl_protoflicker,7,1454565,1454565
assets/songs/dl_pupa,3,657072,657072
assets/songs/dl_purpleverse,5,1038208,1038208
assets/songs/dl_qovat,3,861751,861751
assets/songs/dl_qualia,5,698096,698096
assets/songs/dl_quon,3,863896,863896
assets/songs/dl_quonwacca,3,733274,733274
assets/songs/dl_rabbitintheblackroom,3,726527,726527
assets/songs/dl_rainofconflict,3,934708,934708
assets/songs/dl_ravenspride,3,1019624,1019624
assets/songs/dl_raysofremnant,3,956613,956613
assets/songs/dl_reconstruction,3,705039,705039
assets/songs/dl_redandblue,7,5334228,5334228
assets/songs/dl_redolentshape,3,917402,917402
assets/songs/dl_rekkaresonance,3,817974,817974
assets/songs/dl_relentless,3,857314,857314
assets/songs/dl_renegade,3,788781,788781
assets/songs/dl_revixy,3,932309,932309
assets/songs/dl_rgb,3,733754,733754
assets/songs/dl_ringedgenesis,3,742635,742635
assets/songs/dl_riotsystem,3,891909,891909
assets/songs/dl_riseoftheworld,3,867001,867001
assets/songs/dl_romancewars,3,815495,815495
assets/songs/dl_rostpagegene,3,1138359,1138359
assets/songs/dl_rugie,3,781987,781987
assets/songs/dl_sacrifice,3,730839,730839
assets/songs/dl_saikyostronger,3,851874,851874
assets/songs/dl_saintorsinner,5,1228858,1228858
assets/songs/dl_sanskia,3,802387,802387
assets/songs/dl_scarletcage,3,856501,856501
assets/songs/dl_scarletlance,3,905543,905543
assets/songs/dl_scarletlunar,3,1083675,1083675
assets/songs/dl_seclusion,3,819138,819138
assets/songs/dl_seethelights,3,1087734,1087734
assets/songs/dl_seventhsense,3,615005,615005
assets/songs/dl_sheriruth,3,774518,774518
assets/songs/dl_sheriruthrmx,3,680999,680999
assets/songs/dl_shinchoku,3,1098176,1098176
assets/songs/dl_shinoukyoseki,3,828662,828662
assets/songs/dl_shrink,3,812079,812079
assets/songs/dl_signal,3,694571,694571
assets/songs/dl_signof,3,661936,661936
assets/songs/dl_silentrush,3,853637,853637
assets/songs/dl_singularity,7,4895140,4895140
assets/songs/dl_smallcloud,5,1395241,1395241
assets/songs/dl_solitarydream,5,1251646,1251646
assets/songs/dl_someday,3,621064,621064
assets/songs/dl_soundwitch,3,866564,866564
assets/songs/dl_spearofjustice,3,583071,583071
assets/songs/dl_specta,3,801484,801484
assets/songs/dl_spiderdance,3,603637,603637
assets/songs/dl_spidersthread,3,760961,760961
assets/songs/dl_spiritdauntless,3,979239,979239
assets/songs/dl_stager,7,1105020,1105020
assets/songs/dl_stargateextreme,3,892293,892293
assets/songs/dl_stasis,7,1700025,1700025
assets/songs/dl_straightintolights,3,989046,989046
assets/songs/dl_stratoliner,3,776511,776511
assets/songs/dl_strongholds,3,754638,754638
assets/songs/dl_subsphere,3,1021344,1021344
assets/songs/dl_sucromania,3,1098464,1098464
assets/songs/dl_sulfur,3,770503,770503
assets/songs/dl_summerfireworks,3,813555,813555
assets/songs/dl_suomi,3,947646,947646
assets/songs/dl_superambulance,3,745638,745638
assets/songs/dl_supernova,3,633658,633658
assets/songs/dl_surrender,3,751584,751584
assets/songs/dl_swansong,3,989975,989975
assets/songs/dl_synthesis,3,1226189,1226189
assets/songs/dl_syriana,3,728849,728849
assets/songs/dl_syro,3,626757,626757
assets/songs/dl_syuten,3,712001,712001
assets/songs/dl_tabootears,3,1033321,1033321
assets/songs/dl_take,3,801687,801687
assets/songs/dl_tasogare,3,874544,874544
assets/songs/dl_tau,3,728626,728626
assets/songs/dl_technicolour,3,710661,710661
assets/songs/dl_telepathy,3,1141104,1141104
assets/songs/dl_tempestissimo,5,1096822,1096822
assets/songs/dl_temptation,3,721372,721372
assets/songs/dl_temptationgc,3,694445,694445
assets/songs/dl_teravolt,3,824299,824299
assets/songs/dl_teriqma,3,793689,793689
assets/songs/dl_testify,3,924859,924859
assets/songs/dl_themessage,3,857864,857864
assets/songs/dl_theraft,3,774562,774562
assets/songs/dl_thesurvivor,3,874038,874038
assets/songs/dl_theultimacy,3,822545,822545
assets/songs/dl_thirdavenue,3,904052,904052
assets/songs/dl_thirdsun,3,673519,673519
assets/songs/dl_tictactoe,3,775914,775914
assets/songs/dl_tiemedowngently,3,740989,740989
assets/songs/dl_tiferet,3,716914,716914
assets/songs/dl_toaliceliddell,3,768954,768954
assets/songs/dl_tothefurthestdream,7,1710185,1710185
assets/songs/dl_tothemilkyway,3,916478,916478
assets/songs/dl_transientspace,3,743711,743711
assets/songs/dl_trapcrow,3,695549,695549
assets/songs/dl_trappola,5,1645379,1645379
assets/songs/dl_trpno,3,652327,652327
assets/songs/dl_trrricksters,3,848689,848689
assets/songs/dl_tsukinimurakumo,3,887965,887965
assets/songs/dl_turbocharger,3,966802,966802
assets/songs/dl_uad,3,654472,654472
assets/songs/dl_ultimatetaste,3,789249,789249
assets/songs/dl_ultradiaxon,3,977021,977021
assets/songs/dl_undefined,3,956791,956791
assets/songs/dl_undyingmacula,3,1057081,1057081
assets/songs/dl_unknownlevels,3,896003,896003
assets/songs/dl_unknownnum,3,767183,767183
assets/songs/dl_usedtobe,3,833744,833744
assets/songs/dl_vainspire,3,1034713,1034713
assets/songs/dl_valhallazero,3,741466,741466
assets/songs/dl_vallista,3,673167,673167
assets/songs/dl_vandalism,3,940285,940285
assets/songs/dl_vector,3,633897,633897
assets/songs/dl_viciousheroism,7,5269272,5269272
assets/songs/dl_vindication,3,799669,799669
assets/songs/dl_violaillyria,3,1007527,1007527
assets/songs/dl_virtus,3,1074342,1074342
assets/songs/dl_vividtheory,3,747255,747255
assets/songs/dl_viyella,3,679630,679630
assets/songs/dl_viyellastears,3,743571,743571
assets/songs/dl_vulcanus,3,949925,949925
assets/songs/dl_waitfordawn,3,898946,898946
assets/songs/dl_waltzforlorelei,3,896360,896360
assets/songs/dl_welcomequeen,3,1014392,1014392
assets/songs/dl_wereallgonnadie,3,673135,673135
assets/songs/dl_wishuponasnow,3,803298,803298
assets/songs/dl_withu,3,737328,737328
assets/songs/dl_wontbackdown,3,859307,859307
assets/songs/dl_worldender,3,813871,813871
assets/songs/dl_worldfragments,3,737282,737282
assets/songs/dl_worldvanquisher,3,835260,835260
assets/songs/dl_xanatos,3,874895,874895
assets/songs/dl_xeraphinite,3,731765,731765
assets/songs/dl_xterfusion,3,1003089,1003089
assets/songs/dl_xtreme,3,1111565,1111565
assets/songs/dl_xxium,3,1109277,1109277
assets/songs/dl_yomibitoshirazu,3,1049727,1049727
assets/songs/dl_yourbestnightmare,3,611534,611534
assets/songs/dl_yourvoiceso,3,539390,539390
assets/songs/dl_yozakurafubuki,3,755951,755951
assets/songs/dl_zephyrlast,3,1166565,1166565
assets/songs/epicurus,7,4106010,4049266
assets/songs/fairytale,8,3739360,3725786
assets/songs/grimheart,7,4492359,4456049
assets/songs/infinityheaven,8,4326165,4308430
assets/songs/inkarusi,8,4220380,4200557
assets/songs/jingle,7,4574938,4500356
assets/songs/lostcivilization,8,3723095,3698625
assets/songs/oblivia,8,4512838,4474563
assets/songs/onelastdrive,6,4068031,4036286
assets/songs/pack,195,49407355,49407355
assets/songs/purgatorium,8,4510830,4468430
assets/songs/random,2,54883,54883
assets/songs/reinvent,6,3796245,3765919
assets/songs/remindthesouls,6,4286680,4234938
assets/songs/rise,6,3714383,3692399
assets/songs/sakurafubuki,6,3134388,3094161
assets/songs/satisfaction,7,4168948,4093563
assets/songs/sayonarahatsukoi,7,3154519,3124556
assets/songs/senkyou,6,4155564,4103538
assets/songs/shadesoflight,9,4656405,4626262
assets/songs/snowwhite,6,3743430,3717078
assets/songs/theformula,6,4127606,4080908
assets/songs/tutorial,5,3204210,3200321
assets/songs/vexaria,8,3770150,3752984
assets/songs/worldexecuteme,6,4267430,4210642
assets/startup/1080,9,11697852,11697852
assets/startup/download,13,670252,670252
assets/startup/epilogue,3,181051,181051
META-INF/com/android/build,1,56,52
assets/app-data/story/cg,57,32760657,32760657
assets/app-data/story/main,12,1113150,460289
assets/app-data/story/side,20,2335192,985369
assets/app-data/story/vn,242,91266134,90801903
assets/img/1080/arghena,41,13549209,13549209
assets/img/1080/breached,21,3436543,3436543
assets/img/1080/customize,34,1008024,1008024
assets/img/1080/diffswap,8,19127,19127
assets/img/1080/multiplayer,8,106305,106305
assets/img/1080/nell,6,1415530,1415530
assets/img/1080/skills,15,115226,115226
assets/img/bg/1080,274,227119473,227119473
assets/img/course/1080,36,11379544,11379544
assets/img/course/banner,54,2252507,2252507
assets/img/course/expando,36,40766,40766
assets/img/credits/epilogue,29,7790821,7790821
assets/img/finale/diff_buttons,8,61847,61847
assets/img/finale/overview,25,2777701,2777701
assets/img/grade/mini,7,48313,48313
assets/img/multiplayer/stickers,99,13694712,13694712
assets/img/ranking/1080,1,866,866
assets/img/skills/c2,25,72287,72287
assets/img/songselect/1080,45,2494919,2494919
assets/img/songselect/packselect,9,515537,515537
assets/img/story/actselect,22,2934761,2934761
assets/img/world/1080,25,26069304,26069304
assets/img/world/k,3,22674,22674
assets/layouts/1080/alterego,15,165927,165927
assets/layouts/1080/arghena,16,480005,480005
assets/layouts/1080/bannerselect,13,179514,179514
assets/layouts/1080/breached,39,15347260,15347260
assets/layouts/1080/course,8,329475,329475
assets/layouts/1080/customize,3,79806,79806
assets/layouts/1080/ingame,4,201341,201341
assets/layouts/1080/mainmenu,44,3057240,3057240
assets/layouts/1080/missions,28,1349851,1349851
assets/layouts/1080/multiplayer,44,3092846,3092846
assets/layouts/1080/network,22,630707,630707
assets/layouts/1080/pause,9,917007,917007
assets/layouts/1080/profileedit,22,582583,582583
assets/layouts/1080/results,21,4754456,4754456
assets/layouts/1080/songselect,82,2926364,2926364
assets/layouts/1080/story,55,8195908,8195908
assets/layouts/1080/topbar,13,50543,50543
assets/layouts/1080/world,29,904896,904896
assets/layouts/character/v2,15,219631,219631
assets/layouts/character/v2.1,137,2108871,2108871
assets/layouts/dialog/side,3,671408,669444
assets/layouts/finale/major,33,1011351,999551
assets/layouts/finale/minor,40,2339155,2329446
assets/layouts/finale/overview,102,2535640,2535640
assets/layouts/ingame/end,9,931478,926440
assets/layouts/mainmenu/card,10,125546,96013
assets/layouts/mainmenu/character,6,136061,129234
assets/layouts/mainmenu/ifdialog,5,1565937,1563819
assets/layouts/mainmenu/network,77,1441380,1367353
assets/layouts/multiplayer/backsheets,2,2938704,2938704
assets/layouts/multiplayer/ingame,9,154557,154557
assets/layouts/multiplayer/results,12,224410,224410
assets/layouts/multiplayer/sticker_tray,8,329461,329461
assets/layouts/multiplayer/voting,12,483814,483814
assets/layouts/results/coursemode,44,3950545,3938766
assets/layouts/songselect/tempestissimo,16,1017762,1011605
assets/layouts/story/finale,23,1982563,1982563
assets/layouts/world/chapter,11,228429,209474
assets/layouts/world/map,60,2343945,2287049
assets/songs/pack/1080,142,25348420,25348420
assets/startup/download/1080,13,670252,670252
META-INF/com/android/build/gradle,1,56,52
assets/app-data/story/vn/res,186,90556763,90554286
assets/img/1080/skills/djmax,9,46280,46280
assets/img/1080/skills/rotaeno,6,68946,68946
assets/img/course/1080/shutter,6,3464525,3464525
assets/img/course/banner/mini,12,112312,112312
assets/img/finale/overview/song_intro,9,186765,186765
assets/img/songselect/1080/favorites,23,1187059,1187059
assets/layouts/1080/breached/chapter_select,7,491663,491663
assets/layouts/1080/breached/maelstrom,7,10428491,10428491
assets/layouts/1080/breached/map,15,3586314,3586314
assets/layouts/1080/breached/map_select,5,748286,748286
assets/layouts/1080/breached/overview,4,72470,72470
assets/layouts/1080/breached/results,1,20036,20036
assets/layouts/1080/mainmenu/more,11,768733,768733
assets/layouts/1080/mainmenu/update,5,164789,164789
assets/layouts/1080/multiplayer/entrypoint,10,2348295,2348295
assets/layouts/1080/multiplayer/invite,6,86496,86496
assets/layouts/1080/multiplayer/results,7,324618,324618
assets/layouts/1080/network/oauth,14,284662,284662
assets/layouts/1080/results/reward,4,249403,249403
assets/layouts/1080/songselect/cell,2,32293,32293
assets/layouts/1080/songselect/packselect,39,721840,721840
assets/layouts/1080/story/finaleportal,9,6426367,6426367
assets/layouts/1080/story/partner,22,369101,369101
assets/layouts/1080/story/spoiler,3,550630,550630
assets/layouts/1080/world/chapter,6,211680,211680
assets/layouts/1080/world/map,12,497635,497635
assets/layouts/character/v2/details,11,199603,199603
assets/layouts/finale/overview/diff_bar,19,139072,139072
assets/layouts/finale/overview/major,15,470336,470336
assets/layouts/finale/overview/minor,37,1302410,1302410
assets/layouts/finale/overview/no_return,7,374638,374638
assets/layouts/finale/overview/song_intro,19,198764,198764
assets/layouts/mainmenu/network/1080,23,634901,634901
assets/layouts/multiplayer/ingame/V1,4,28354,28354
assets/layouts/results/coursemode/completion,9,2853217,2850122
assets/layouts/story/finale/epilogue,5,1034219,1034219
assets/layouts/world/map/diary,7,1010729,1010729
assets/layouts/world/map/parallel,19,522636,522636
assets/app-data/story/vn/res/epilogue,16,6742609,6742609
assets/app-data/story/vn/res/finale,6,3811104,3811104
assets/app-data/story/vn/res/lephon,26,8308381,8308381
assets/app-data/story/vn/res/meeting,6,1857082,1857082
assets/app-data/story/vn/res/nihil,16,8274095,8274095
assets/app-data/story/vn/res/prelude,8,11156487,11156487
assets/app-data/story/vn/res/vs,10,2577716,2577716
assets/app-data/story/vn/res/zettai,1,595113,595113
assets/layouts/1080/breached/map/complete,4,1929520,1929520
assets/layouts/mainmenu/network/1080/bonus_memory,10,38112,38112
assets/layouts/mainmenu/network/1080/bonus_memory/bonus,5,5506,5506
