assetPath,basename,assetRole,width,height,format,evidence,confidence,publicArchiveSuitability
assets/img/world/0_b.jpg,0_b,world-map-background-candidate,1280,960,JPEG,assets/img/world/0_b.jpg,Medium,Low
assets/img/world/0_d.png,0_d,world-map-decoration-candidate,543,545,PNG,assets/img/world/0_d.png,Medium,Low
assets/img/world/0_t.png,0_t,world-map-tile-candidate,318,167,PNG,assets/img/world/0_t.png,Medium,Low
assets/img/world/1001_b.jpg,1001_b,world-map-background-candidate,2048,2048,JPEG,assets/img/world/1001_b.jpg,Medium,Low
assets/img/world/1001_d.png,1001_d,world-map-decoration-candidate,543,545,PNG,assets/img/world/1001_d.png,Medium,Low
assets/img/world/1001_t.png,1001_t,world-map-tile-candidate,318,167,PNG,assets/img/world/1001_t.png,Medium,Low
assets/img/world/1080/0.jpg,0,world-mode-main-art-or-ui,1920,2297,JPEG,assets/img/world/1080/0.jpg,High,Medium
assets/img/world/1080/1.jpg,1,world-mode-main-art-or-ui,1920,3072,JPEG,assets/img/world/1080/1.jpg,High,Medium
assets/img/world/1080/10.jpg,10,world-mode-main-art-or-ui,2106,3744,JPEG,assets/img/world/1080/10.jpg,High,Medium
assets/img/world/1080/1001.jpg,1001,world-mode-main-art-or-ui,3072,3072,JPEG,assets/img/world/1080/1001.jpg,High,Medium
assets/img/world/1080/2.jpg,2,world-mode-main-art-or-ui,1920,3072,JPEG,assets/img/world/1080/2.jpg,High,Medium
assets/img/world/1080/2001.jpg,2001,world-mode-main-art-or-ui,2022,3425,JPEG,assets/img/world/1080/2001.jpg,High,Medium
assets/img/world/1080/2002.jpg,2002,world-mode-main-art-or-ui,1920,1440,JPEG,assets/img/world/1080/2002.jpg,High,Medium
assets/img/world/1080/2003.jpg,2003,world-mode-main-art-or-ui,1920,1440,JPEG,assets/img/world/1080/2003.jpg,High,Medium
assets/img/world/1080/3.jpg,3,world-mode-main-art-or-ui,1920,3072,JPEG,assets/img/world/1080/3.jpg,High,Medium
assets/img/world/1080/4.jpg,4,world-mode-main-art-or-ui,1920,3072,JPEG,assets/img/world/1080/4.jpg,High,Medium
assets/img/world/1080/5.jpg,5,world-mode-main-art-or-ui,1920,3072,JPEG,assets/img/world/1080/5.jpg,High,Medium
assets/img/world/1080/6.jpg,6,world-mode-main-art-or-ui,1920,3072,JPEG,assets/img/world/1080/6.jpg,High,Medium
assets/img/world/1080/7.jpg,7,world-mode-main-art-or-ui,1728,3072,JPEG,assets/img/world/1080/7.jpg,High,Medium
assets/img/world/1080/8.jpg,8,world-mode-main-art-or-ui,1728,3072,JPEG,assets/img/world/1080/8.jpg,High,Medium
assets/img/world/1080/9.jpg,9,world-mode-main-art-or-ui,2074,3686,JPEG,assets/img/world/1080/9.jpg,High,Medium
assets/img/world/1080/act1_flower1.png,act1_flower1,world-mode-main-art-or-ui,2000,2000,PNG,assets/img/world/1080/act1_flower1.png,High,Medium
assets/img/world/1080/act1_flower2.png,act1_flower2,world-mode-main-art-or-ui,2000,2000,PNG,assets/img/world/1080/act1_flower2.png,High,Medium
assets/img/world/1080/act1_shards1.png,act1_shards1,world-mode-main-art-or-ui,2000,1149,PNG,assets/img/world/1080/act1_shards1.png,High,Medium
assets/img/world/1080/act1_shards2.png,act1_shards2,world-mode-main-art-or-ui,2000,1090,PNG,assets/img/world/1080/act1_shards2.png,High,Medium
assets/img/world/1080/act2_flower1.png,act2_flower1,world-mode-main-art-or-ui,2000,2000,PNG,assets/img/world/1080/act2_flower1.png,High,Medium
assets/img/world/1080/act2_flower2.png,act2_flower2,world-mode-main-art-or-ui,2000,2000,PNG,assets/img/world/1080/act2_flower2.png,High,Medium
assets/img/world/1080/act2_shards1.png,act2_shards1,world-mode-main-art-or-ui,2000,1154,PNG,assets/img/world/1080/act2_shards1.png,High,Medium
assets/img/world/1080/act2_shards2.png,act2_shards2,world-mode-main-art-or-ui,2000,1097,PNG,assets/img/world/1080/act2_shards2.png,High,Medium
assets/img/world/1080/world.jpg,world,world-mode-main-art-or-ui,2000,2000,JPEG,assets/img/world/1080/world.jpg,High,Medium
assets/img/world/1080/world2.jpg,world2,world-mode-main-art-or-ui,2000,2000,JPEG,assets/img/world/1080/world2.jpg,High,Medium
assets/img/world/10_b.jpg,10_b,world-map-background-candidate,1280,960,JPEG,assets/img/world/10_b.jpg,Medium,Low
assets/img/world/10_d.png,10_d,world-map-decoration-candidate,543,545,PNG,assets/img/world/10_d.png,Medium,Low
assets/img/world/10_t.png,10_t,world-map-tile-candidate,940,167,PNG,assets/img/world/10_t.png,Medium,Low
assets/img/world/1_b.jpg,1_b,world-map-background-candidate,1280,960,JPEG,assets/img/world/1_b.jpg,Medium,Low
assets/img/world/1_d.png,1_d,world-map-decoration-candidate,543,545,PNG,assets/img/world/1_d.png,Medium,Low
assets/img/world/1_t.png,1_t,world-map-tile-candidate,500,167,PNG,assets/img/world/1_t.png,Medium,Low
assets/img/world/2001_b.jpg,2001_b,world-map-background-candidate,1280,960,JPEG,assets/img/world/2001_b.jpg,Medium,Low
assets/img/world/2001_d.png,2001_d,world-map-decoration-candidate,543,545,PNG,assets/img/world/2001_d.png,Medium,Low
assets/img/world/2001_t.png,2001_t,world-map-tile-candidate,500,167,PNG,assets/img/world/2001_t.png,Medium,Low
assets/img/world/2002_b.jpg,2002_b,world-map-background-candidate,1280,960,JPEG,assets/img/world/2002_b.jpg,Medium,Low
assets/img/world/2002_d.png,2002_d,world-map-decoration-candidate,543,544,PNG,assets/img/world/2002_d.png,Medium,Low
assets/img/world/2002_t.png,2002_t,world-map-tile-candidate,651,167,PNG,assets/img/world/2002_t.png,Medium,Low
assets/img/world/2003_b.jpg,2003_b,world-map-background-candidate,1280,960,JPEG,assets/img/world/2003_b.jpg,Medium,Low
assets/img/world/2003_d.png,2003_d,world-map-decoration-candidate,543,545,PNG,assets/img/world/2003_d.png,Medium,Low
assets/img/world/2003_t.png,2003_t,world-map-tile-candidate,940,167,PNG,assets/img/world/2003_t.png,Medium,Low
assets/img/world/2_b.jpg,2_b,world-map-background-candidate,1280,960,JPEG,assets/img/world/2_b.jpg,Medium,Low
assets/img/world/2_d.png,2_d,world-map-decoration-candidate,543,545,PNG,assets/img/world/2_d.png,Medium,Low
assets/img/world/2_t.png,2_t,world-map-tile-candidate,650,167,PNG,assets/img/world/2_t.png,Medium,Low
assets/img/world/3_b.jpg,3_b,world-map-background-candidate,1280,960,JPEG,assets/img/world/3_b.jpg,Medium,Low
assets/img/world/3_d.png,3_d,world-map-decoration-candidate,543,545,PNG,assets/img/world/3_d.png,Medium,Low
assets/img/world/3_t.png,3_t,world-map-tile-candidate,940,167,PNG,assets/img/world/3_t.png,Medium,Low
assets/img/world/4_b.jpg,4_b,world-map-background-candidate,1280,960,JPEG,assets/img/world/4_b.jpg,Medium,Low
assets/img/world/4_d.png,4_d,world-map-decoration-candidate,543,545,PNG,assets/img/world/4_d.png,Medium,Low
assets/img/world/4_t.png,4_t,world-map-tile-candidate,700,167,PNG,assets/img/world/4_t.png,Medium,Low
assets/img/world/5_b.jpg,5_b,world-map-background-candidate,1280,960,JPEG,assets/img/world/5_b.jpg,Medium,Low
assets/img/world/5_d.png,5_d,world-map-decoration-candidate,543,545,PNG,assets/img/world/5_d.png,Medium,Low
assets/img/world/5_t.png,5_t,world-map-tile-candidate,940,167,PNG,assets/img/world/5_t.png,Medium,Low
assets/img/world/6_b.jpg,6_b,world-map-background-candidate,1280,960,JPEG,assets/img/world/6_b.jpg,Medium,Low
assets/img/world/6_d.png,6_d,world-map-decoration-candidate,543,545,PNG,assets/img/world/6_d.png,Medium,Low
assets/img/world/6_t.png,6_t,world-map-tile-candidate,940,167,PNG,assets/img/world/6_t.png,Medium,Low
assets/img/world/7_b.jpg,7_b,world-map-background-candidate,1280,960,JPEG,assets/img/world/7_b.jpg,Medium,Low
assets/img/world/7_d.png,7_d,world-map-decoration-candidate,543,545,PNG,assets/img/world/7_d.png,Medium,Low
assets/img/world/7_t.png,7_t,world-map-tile-candidate,940,167,PNG,assets/img/world/7_t.png,Medium,Low
assets/img/world/8_b.jpg,8_b,world-map-background-candidate,1280,960,JPEG,assets/img/world/8_b.jpg,Medium,Low
assets/img/world/8_d.png,8_d,world-map-decoration-candidate,543,545,PNG,assets/img/world/8_d.png,Medium,Low
assets/img/world/8_t.png,8_t,world-map-tile-candidate,810,167,PNG,assets/img/world/8_t.png,Medium,Low
assets/img/world/8_t_shadow.png,8_t_shadow,world-mode-ui-or-effect,1072,252,PNG,assets/img/world/8_t_shadow.png,Low,Low
assets/img/world/9_b.jpg,9_b,world-map-background-candidate,1280,960,JPEG,assets/img/world/9_b.jpg,Medium,Low
assets/img/world/9_d.png,9_d,world-map-decoration-candidate,543,545,PNG,assets/img/world/9_d.png,Medium,Low
assets/img/world/9_t.png,9_t,world-map-tile-candidate,940,167,PNG,assets/img/world/9_t.png,Medium,Low
assets/img/world/beyond-boost-song-select-diamond.png,beyond-boost-song-select-diamond,world-mode-ui-or-effect,53,53,PNG,assets/img/world/beyond-boost-song-select-diamond.png,Low,Low
assets/img/world/beyond-boost-tray-backing.png,beyond-boost-tray-backing,world-mode-ui-or-effect,62,219,PNG,assets/img/world/beyond-boost-tray-backing.png,Low,Low
assets/img/world/beyond-boost-tray-closed.png,beyond-boost-tray-closed,world-mode-ui-or-effect,63,145,PNG,assets/img/world/beyond-boost-tray-closed.png,Low,Low
assets/img/world/beyond-boost-tray-closed_pressed.png,beyond-boost-tray-closed_pressed,world-mode-ui-or-effect,63,145,PNG,assets/img/world/beyond-boost-tray-closed_pressed.png,Low,Low
assets/img/world/beyond-boost-tray-open.png,beyond-boost-tray-open,world-mode-ui-or-effect,63,145,PNG,assets/img/world/beyond-boost-tray-open.png,Low,Low
assets/img/world/beyond-boost-tray-open_pressed.png,beyond-boost-tray-open_pressed,world-mode-ui-or-effect,63,145,PNG,assets/img/world/beyond-boost-tray-open_pressed.png,Low,Low
assets/img/world/beyond_glow.png,beyond_glow,world-mode-ui-or-effect,2342,302,PNG,assets/img/world/beyond_glow.png,Low,Low
assets/img/world/beyond_overlay.png,beyond_overlay,world-mode-ui-or-effect,1569,921,PNG,assets/img/world/beyond_overlay.png,Low,Low
assets/img/world/bg_glow.png,bg_glow,world-mode-ui-or-effect,1,419,PNG,assets/img/world/bg_glow.png,Low,Low
assets/img/world/bg_glow_8.png,bg_glow_8,world-mode-ui-or-effect,1920,500,PNG,assets/img/world/bg_glow_8.png,Low,Low
assets/img/world/k/world-deco.png,world-deco,world-mode-ui-or-effect,44,13,PNG,assets/img/world/k/world-deco.png,Low,Low
assets/img/world/k/world-infinity-swirl.png,world-infinity-swirl,world-mode-ui-or-effect,98,84,PNG,assets/img/world/k/world-infinity-swirl.png,Low,Low
assets/img/world/k/world-infinity.png,world-infinity,world-mode-ui-or-effect,104,103,PNG,assets/img/world/k/world-infinity.png,Low,Low
assets/img/world/parallel-progress-bar-bg.png,parallel-progress-bar-bg,world-mode-ui-or-effect,32,32,PNG,assets/img/world/parallel-progress-bar-bg.png,Low,Low
assets/img/world/parallel-progress-bar-fill.png,parallel-progress-bar-fill,world-mode-ui-or-effect,32,32,PNG,assets/img/world/parallel-progress-bar-fill.png,Low,Low
assets/img/world/parallel-progress-bg.png,parallel-progress-bg,world-mode-ui-or-effect,32,32,PNG,assets/img/world/parallel-progress-bg.png,Low,Low
assets/img/world/winter.jpg,winter,world-mode-ui-or-effect,1280,1280,JPEG,assets/img/world/winter.jpg,Low,Low
assets/img/world/world-regular-boost-tray-bottom-flourish.png,world-regular-boost-tray-bottom-flourish,world-mode-ui-or-effect,177,22,PNG,assets/img/world/world-regular-boost-tray-bottom-flourish.png,Low,Low
assets/img/world/world-regular-boost-tray-closed-button.png,world-regular-boost-tray-closed-button,world-mode-ui-or-effect,242,106,PNG,assets/img/world/world-regular-boost-tray-closed-button.png,Low,Low
assets/img/world/world-regular-boost-tray-opened-button.png,world-regular-boost-tray-opened-button,world-mode-ui-or-effect,242,108,PNG,assets/img/world/world-regular-boost-tray-opened-button.png,Low,Low
