status,path,olderType,newerType,olderSha256,newerSha256
added,assets/img/course/banner/online_banner_2026_09.png,,PNG,,e5f66c2ce689d75af4cebdbffc38bc60d60cb98dec4352facd21d53837eec5b5
added,assets/img/world/k/world-deco.png,,PNG,,ebc24132d3e36738b318e920b3df7e62070d8b6f18dc001cc9f06fcaa03df344
added,assets/img/world/k/world-infinity-swirl.png,,PNG,,0a564fb9d4e1890eeae887110471be912df028fd50457e06ec1f7a3ac771d2cd
added,assets/img/world/k/world-infinity.png,,PNG,,37488cd7adfe05348758424fd53c14e0335b3bb23ad86e37fb2c4d4d35a63a5c
added,play-services-games-v2.properties,,Text-like,,d127d53600b29d0a33f6b119267b2995ac38bafbfe886fa39b4274a986ad936b
removed,META-INF/CERT.RSA,Binary,,884b3172e1d844a9b8ab92c60fbe26b1c774fc9e54013570b60ab1db456b3ebf,
removed,META-INF/CERT.SF,Text-like,,8c292df8e5f532f12200fac954a4df725578244a1986230b3bd5893d1770fc7e,
removed,META-INF/MANIFEST.MF,Text-like,,ca65d9f3e5bd0aa72e82fb6d7f6e4415ccfe757f22ceca31b914b60efd67d8ea,
removed,play-services-drive.properties,Text-like,,ddd035f6afd4e58ef0f51e9f85bc136bd9f70934a49e9b9ba2895c6518286593,
removed,play-services-games.properties,Text-like,,f5d06cc6424402a98dcc97ab04b471fa328a65f14f1569a89b4814321228d7ad,
removed,res/color-v21/abc_btn_colored_borderless_text_material.xml,AndroidBinaryXML,,181f8c96d3efc99fd789440dc8c939a747723fc36f451168bcb77cc900dfde88,
removed,res/color/abc_btn_colored_text_material.xml,AndroidBinaryXML,,60e62f4c24e1a6b9f7935f3b54a4cb872639d63623fd8a64c8a84163019a8c99,
removed,res/color/abc_tint_btn_checkable.xml,AndroidBinaryXML,,18afdac4ea9bba8acde885167577f2eb3fde82515b3d1f92c5ed3e42479ace16,
removed,res/color/abc_tint_default.xml,AndroidBinaryXML,,8a3e829a2ae3f7228706b3628f6b838fa253a18edee7ff151ea42784510521a4,
removed,res/color/abc_tint_edittext.xml,AndroidBinaryXML,,7bfe85b2210311e294c25b615391979b396a027ee3ab28cd5f383ec9272a2109,
removed,res/color/abc_tint_seek_thumb.xml,AndroidBinaryXML,,a320d54a018a2ef72793efb6e2259d06270ea9238ad56a1a270e8d930fe70204,
removed,res/color/abc_tint_spinner.xml,AndroidBinaryXML,,b9de545f097996b6abf331a8e1b25da31fbe15f46018a9b2285f6025bdbcc076,
removed,res/color/abc_tint_switch_track.xml,AndroidBinaryXML,,a584ddcaa2220257e44252de26546d135cf785f7092f6419ac20b14c17899c35,
removed,res/u01.xml,AndroidBinaryXML,,8d1b064a38d86fcda815d43ad0c06e4246f88c5caf7fb558a13ae8541cda4a8c,
changed,AndroidManifest.xml,AndroidBinaryXML,AndroidBinaryXML,721c45665630af837a2646c21e0af2f60168688d3e5a7e0cdaaebf1a6dd2a16b,35492a85377ce3773f042d9b6ca1ce1dd6e2906a77e7e6b2afdbe2287a9f70b6
changed,assets/Fonts/L2-Light.ttf,Binary,Binary,5c96b7ce87eb113260a8e50539cccd3593063d6d2407a778f70fd510e8b2db6e,88927c03e32d017b75b2c50a2cf12cba251f39003287ad0b095115f2e7c8686a
changed,assets/Fonts/L2-Regular.ttf,Binary,Binary,a669b7654367dd8b38a401c0c49b9f68bd293884f9f1794fcc839b1eaf7febb8,a6fa3498ab28fa9dabc544f53568a4e8a9a1e8ba12e1b69fb6309e991becff0a
changed,assets/Fonts/L2-Semibold.ttf,Binary,Binary,e9f78a2dab5bb5d70c3727dd0511df692ba4c72bdbea35c6382067421f831820,703ea5753e8c150dcd75a3b12ee05f6e97b24b18e9d442c3be713a9327ebb9b9
changed,assets/Fonts/NanumBarunGothic-Bold.otf,Binary,Binary,c7b52707e1429fc1e6f80b9c7923faba5e0a9dc9269546fe8e073f049c1a3c4c,08af3a60931c2d51fd27e93fe7c5bb2ebea5cf57821840af45a2d753b080a97c
changed,assets/Fonts/NanumBarunGothic-Light.otf,Binary,Binary,23aa164b45db2a6a1a9e37ed8dce157ebdfa03155e7e68e239cc5fd8ae904cb5,8a7ed434274e4568cbc39e1e0bb4402714267dafee64ca4d8993c027512407ee
changed,assets/Fonts/NanumBarunGothic-Regular.otf,Binary,Binary,ce47192a67715d99a6cf57664e988dcf543132b4c2888a9f7efdcb271e514b0b,74852b152f9343ff7601e03fbb9e5369c10fefa41ae1edf072c3038cc2039f11
changed,assets/Fonts/NotoSansCJKsc-Bold.otf,Binary,Binary,8c867dacea1e18e38f9a6f09d70d13e1722885c294493001d1d8154b584032a2,937fa6da03bb068770d4d3310b0880dc4dcabd1f92f6f21f05395f59849211c8
changed,assets/Fonts/NotoSansCJKsc-Light.otf,Binary,Binary,7cbfc540f128051cbf19fd0aa7e5f1eee9fe027ab8f82405d90c0ac5f7656e59,9f09483756a936b632a27caafcdf5342d72621cb8a3aa44219b7eb64b563aa60
changed,assets/Fonts/NotoSansCJKsc-Regular.otf,Binary,Binary,59cf9f7ad83ad3d838ccc127438a9fccc6815be98a2b0b6657feab91cfac44e1,3492b9e14d6333c71d49977e6ed080ef687b245cab8bbb9284b1b11c91a3e9c8
changed,assets/Fonts/NotoSansCJKtc-Bold.otf,Binary,Binary,71f387282e70537fe0d804b95af039eb5c49a210469cde4aab98453455393ce0,250e67ff57a036756c955bdfd2d002c34aab285e460171254cd484c8e35824d2
changed,assets/Fonts/NotoSansCJKtc-Light.otf,Binary,Binary,f31e841eb432ef06affc6a29c08a967c17c6bf3853502b0dd46e4253c124efa6,e6b5a05eaa842116c1ac0a26654e98d4c286dc2a2cb0274ab6b905e2f1925b1b
changed,assets/Fonts/NotoSansCJKtc-Regular.otf,Binary,Binary,cda8cdb0931c34981574969943c1fe06e24e8e57d04db6af15561e1862ccf510,e62656b68607867984b941cfd97dd0e8c701e4212d5c066e7677b13bfb1fa672
changed,assets/dexopt/baseline.prof,Binary,Binary,a86599e759f1f8697d8bdbc78acbc3e18bfe3029c4ea5e0f17ebc37e140e9559,f741a3c4bee234a15ab3758d9e3643f457c4a2577ef44ab042fdbf5688f61924
changed,assets/dexopt/baseline.profm,Binary,Binary,89ae78cb2c86150dd689059336c89954e862acacc79d0c5a26a0de9941260814,df79b03470fb0468dcf36d548ad3a313946de8feb21c0cb1817c62c2b64d615d
changed,assets/img/multiplayer/stickers/alice_en.png,PNG,PNG,07308d740e7df747c263f72d6653b0b7b1a9c0db1e902dfdfa2364db4d72ef59,147fe1e543c3bbbdb7c1647ff624e5b64216f241c4c8823a358e982399750778
changed,assets/img/multiplayer/stickers/alice_jp.png,PNG,PNG,a4067b3c3b8c47c539935a1b4820df45d7535604c0c040bb2a86ba17b030b2a5,1613acac3796dce6ffb920cbcfa0c358a07a57bfdef770b260af263915250128
changed,assets/img/multiplayer/stickers/alice_kr.png,PNG,PNG,f41cbec5a34b3374a195b524fa6b0bf37748b1b9898040e0f0035f02b5804eb7,e8e4be6969660e073c5d24c08f69c177ba0bb828e205a32bd6d424f808a6f4d2
changed,assets/img/multiplayer/stickers/alice_sc_tc.png,PNG,PNG,ddd4d97ec84d6aa546e09d1e93dbb3a11ee46deb7b88bfc72e5bc70bec2ee867,3a490ecaae830fa9d142f90fca96cf32bf6d7bf392df08744790e1ce3df82c35
changed,assets/img/multiplayer/stickers/kou2_en.png,PNG,PNG,e254218265ec0cdaa79288c5d668b317ff0a72f127e514d346e210e646e43c4c,464a051f4d15b0957e9ce4fdbdc738170cf877a607ef6e28d794cdc7435b2591
changed,assets/img/multiplayer/stickers/kou2_jp.png,PNG,PNG,bcae01dea64cec672568187b666f99a0bca7715315d9bb4be890256d570ec045,61a595f52373ad3ac33f4c34d60ddad756ceb928161b21cfada118f61878b2c9
changed,assets/img/multiplayer/stickers/kou2_kr.png,PNG,PNG,5903c16912218168c24e89fb088afef7c1ec06171e256c4373e29f4a9339b48c,e1c9c2fc5a37f1c7265973bc5abd820288cbc6cf6888972f9673aff64cd8a57d
changed,assets/img/multiplayer/stickers/kou2_sc_tc.png,PNG,PNG,7f8282acc3f98ab9a86fc5527968da8292e28486ebd1c03e1407fd6c4931a3ca,295a47861d5c71dbfd48ff0ce30250c6a9a54bf981ad7270c0b4275b592aace5
changed,assets/tl/ja.mo,Binary,Binary,9c2445a3e73fbdee48b33695803f1d237d940031fde1bd79762637da0e2a174e,9633958b0a9ae4dc604931053f24bcf6a820f9f16af7ad63c70d244d5e281b3e
changed,assets/tl/ko.mo,Binary,Binary,9ad1290249a7252cdda241cb5c5591ec565b377a347d347cd010be3f861e2166,86e880ee5ca97e7bf514881cd849919536925da6239012eb1057f1ff476fb2d8
changed,assets/tl/zh-Hans.mo,Binary,Binary,2e8f9f187daab2f0d4b418650a6d28e4f2c778f8c94f85de1aa206ef62d7bba6,6fba8946f0e5bbf533f277393d6449dbdb20cd1e89b30a36165a4309bc04eb8c
changed,assets/tl/zh-Hant.mo,Binary,Binary,b83836b1c097cf3c5b38c1cfcea42ef65af3ee75af0845ffbec486799b3b7a23,6b89fcbd444a8043d05bd0d1db7ea5daa47e99d9076da9df6593890a847641fb
changed,billing.properties,Text-like,Text-like,5a8107409eadd5c8c7542d38ade59323e5bc70a9ea3923d977e1609b0ae8def5,889731fed6ed2cf88896be49cb8d153cef6e45b28ab4c8dcb63126e7e0e9cf1c
changed,classes.dex,DEX,DEX,eca8135e2b47367d0053b2493ada35341d8979e974dd7b5cf945fd34299d19de,01087fee80b9ec92e695c01a4c8b2f714b6977e67b7d43c562296fd241a122fb
changed,classes2.dex,DEX,DEX,53b01540b3a952ddceb43289403b6300f1136644eaf956099a2f949e258de92e,1686afc2358c0d0014505bb86ac4af1e33d001d29cd017fba8cb4a9d76f9e253
changed,lib/arm64-v8a/libcocos2dcpp.so,ELF,ELF,151a683fe0462329e81c1b637d5efb9ffaae77af057141a409dc9b052e497a58,088053152c407df7dfd9cba20bf30041470f940b317e0cf8b048ea2cddca47a3
changed,lib/arm64-v8a/libfmodProvider.so,ELF,ELF,0ae849f6dd9e8224eab3f83c2aaaab9063b757e1a7eadb973ee10b46052d0fbb,e837f8768f6a5ad6d164f7cddd790505ce8da715886ad4330d34b2bd88f34ad6
changed,lib/armeabi-v7a/libcocos2dcpp.so,ELF,ELF,db50ac3ac08a23e5af011f40ccb920eff048ce192aa60f115257d61b24fb78dd,81488feda827af088e6fa9c15815a46a3fe3a37e2dd0253dac1f3fe052379ab7
changed,lib/armeabi-v7a/libfmodProvider.so,ELF,ELF,d2ec582fca2580f6eaa4b48e1465aa9a44ca26e97492fb7697d72d1d2d6e89e0,cd9f446ad48ca1c6481255fb693b9e1332d41bc1c26a512214c04fdf49a4aa88
changed,play-services-basement.properties,Text-like,Text-like,9e759f8839f3f9c2b1218079733893928673853188ba4be901d2cf92ca486c18,f104c265304c046ad9ba4807df8a0537204caf35dae11cc090cd8a34be6ee1da
changed,res/S8.xml,AndroidBinaryXML,AndroidBinaryXML,c8e0b53663c11a36de5bfbec266656809ede96df32ee193bfad30be32c7c9848,73844445dc532ef15835aa414c822a1f1d471b755ab6ac2123770e6243d1175b
changed,res/a0.xml,AndroidBinaryXML,AndroidBinaryXML,c671a1b030213c6a0e3d5c445404b71df90d2fe13dfd15306529c94b81511a7b,71776a20f8caa2bf5d9b9809815ee4946b94c151efe0aea02f143a5b6d863c37
changed,res/e1,Binary,Binary,faa3c8ef043f761d6dd3c2f4337a4d8316c4ae454e47aa1b184fce7e043729d3,8135d178afcd75ea43ac483f808503d5c1f8684e430c0348f747778ce7649ca7
changed,res/gx.xml,AndroidBinaryXML,AndroidBinaryXML,bdcb4a84cdf985a73b2fcd4f46c2a06fa14e90ca2881a174d97e0ab7af14f22e,f91787dc08b6b43652b8a80b4951265981c6abd234f336211f6f185a81ceace5
changed,res/hP1.xml,AndroidBinaryXML,AndroidBinaryXML,2f9316872e9036ac2e0e08346ef0d9783f93b714890e003954fc25d3df14fe6d,6d17d55888ad79e63e273e9fc85a61b19ef047ee737e2c19e66d03125c6f08d9
changed,res/mC.binarypb,Binary,Binary,d58983726a558e9dffb4fa93848f64b1de1b26f18b827bc669d0c29802c3b371,49e31804de6a48859bf2cc1658173ef3d6affb885b939c542e991586096b1cad
changed,res/u0.xml,AndroidBinaryXML,AndroidBinaryXML,6d17d55888ad79e63e273e9fc85a61b19ef047ee737e2c19e66d03125c6f08d9,8d1b064a38d86fcda815d43ad0c06e4246f88c5caf7fb558a13ae8541cda4a8c
changed,res/vq.xml,AndroidBinaryXML,AndroidBinaryXML,0db713ecf4c41fe3062981b8527590897116035f41378e151de3dfd8516629b3,4942a222450e33e3f0caa4ffd36b3b702082b724f5b5c3141a428143420e9064
changed,resources.arsc,AndroidResourcesTable,AndroidResourcesTable,1e80a6bf8e6fa36debba4b97b80ebc8281afd9d688a4dabd580b4adb2777c766,2b6964d5b1d3a13448ee37407906bc190edbd6faa97cc0036cc7b98b6c67cbae
