category,width,height,fileCount
song-jacket,384,384,562
song-jacket,768,768,561
background,1920,1440,163
character-art,895,873,148
character-portrait-or-full-art,1800,1800,132
story-ui-or-texture,193,193,107
ui-or-game-image,347,347,99
character-avatar-or-icon,169,170,72
pack-cover-or-song-pack-art,361,314,64
character-avatar-or-icon,170,170,58
story-cg,1920,1080,56
background,1920,720,41
pack-cover-or-song-pack-art,374,750,40
ui-or-game-image,564,74,40
song-directory-image,256,256,36
pack-cover-or-song-pack-art,1003,178,34
song-jacket,512,512,32
ui-or-game-image,740,960,25
ui-or-game-image,149,52,24
ui-or-game-image,344,139,22
ui-layout,281,61,21
ui-layout,78,78,21
ui-layout,404,113,20
ui-or-game-image,128,128,20
pack-cover-or-song-pack-art,752,178,19
ui-or-game-image,1200,400,18
background,1920,400,17
pack-cover-or-song-pack-art,360,314,16
story-ui-or-texture,307,134,16
ui-layout,456,131,16
ui-or-game-image,404,113,16
android-resource,48,48,14
world-mode,1280,960,14
world-mode,543,545,14
story-vn-resource,1,1,13
ui-or-game-image,110,110,13
ui-or-game-image,39,487,13
startup,801,147,12
ui-or-game-image,1,52,12
ui-or-game-image,1024,256,12
ui-or-game-image,164,35,12
ui-or-game-image,1681,78,12
ui-or-game-image,190,190,12
ui-or-game-image,384,384,12
android-resource,96,96,11
ui-or-game-image,289,777,11
android-resource,12,12,10
android-resource,18,18,10
ui-layout,149,180,10
ui-layout,66,66,10
ui-or-game-image,1137,74,10
ui-or-game-image,539,102,10
background,128,512,9
ui-layout,177,257,9
ui-layout,283,283,9
ui-layout,527,130,9
ui-or-game-image,256,256,9
ui-or-game-image,349,135,9
ui-or-game-image,78,78,9
ui-or-game-image,84,84,9
android-resource,36,36,8
background,1920,716,8
story-ui-or-texture,288,579,8
story-vn-resource,1560,877,8
ui-layout,119,120,8
ui-layout,150,67,8
ui-layout,218,124,8
ui-layout,233,117,8
ui-layout,264,201,8
ui-or-game-image,1920,1440,8
ui-or-game-image,196,196,8
ui-or-game-image,303,188,8
ui-or-game-image,303,247,8
ui-or-game-image,819,184,8
story-vn-resource,2048,1152,7
ui-layout,209,124,7
ui-layout,255,120,7
ui-layout,83,43,7
ui-or-game-image,119,119,7
world-mode,940,167,7
android-resource,24,24,6
android-resource,32,32,6
background,1920,540,6
pack-cover-or-song-pack-art,442,525,6
story-vn-resource,1920,1080,6
story-vn-resource,2000,960,6
ui-layout,106,106,6
ui-layout,190,108,6
ui-layout,1920,1440,6
ui-layout,20,20,6
ui-layout,249,223,6
ui-layout,429,130,6
ui-layout,431,1440,6
ui-layout,448,410,6
ui-layout,80,80,6
ui-layout,96,96,6
ui-or-game-image,110,457,6
ui-or-game-image,121,90,6
ui-or-game-image,1280,960,6
ui-or-game-image,229,111,6
ui-or-game-image,247,379,6
ui-or-game-image,261,141,6
ui-or-game-image,407,113,6
ui-or-game-image,55,52,6
ui-or-game-image,65,52,6
world-mode,1920,3072,6
world-mode,2000,2000,6
android-resource,128,128,5
android-resource,16,16,5
android-resource,27,27,5
android-resource,54,54,5
android-resource,64,64,5
android-resource,72,72,5
other-image,1024,1024,5
pack-cover-or-song-pack-art,403,717,5
story-vn-resource,2048,1672,5
ui-layout,147,74,5
ui-layout,162,160,5
ui-layout,266,69,5
ui-layout,391,110,5
ui-layout,439,173,5
ui-layout,63,63,5
ui-or-game-image,1,27,5
ui-or-game-image,1279,344,5
ui-or-game-image,1428,70,5
ui-or-game-image,143,142,5
ui-or-game-image,1561,418,5
ui-or-game-image,167,105,5
ui-or-game-image,167,44,5
ui-or-game-image,174,67,5
ui-or-game-image,20,29,5
ui-or-game-image,280,56,5
ui-or-game-image,438,185,5
ui-or-game-image,512,512,5
ui-or-game-image,53,22,5
ui-or-game-image,89,29,5
android-resource,6,6,4
android-resource,8,8,4
android-resource,9,9,4
background,1920,717,4
character-portrait-or-full-art,62,48,4
pack-cover-or-song-pack-art,1003,179,4
song-jacket,500,500,4
story-ui-or-texture,116,116,4
story-ui-or-texture,321,136,4
story-ui-or-texture,412,412,4
ui-layout,105,288,4
ui-layout,147,44,4
ui-layout,148,70,4
ui-layout,150,94,4
ui-layout,178,103,4
ui-layout,190,113,4
ui-layout,208,208,4
ui-layout,231,231,4
ui-layout,247,92,4
ui-layout,248,246,4
ui-layout,272,127,4
ui-layout,293,124,4
ui-layout,309,559,4
ui-layout,324,97,4
ui-layout,394,577,4
ui-layout,408,128,4
ui-layout,422,102,4
ui-layout,463,464,4
ui-layout,490,30,4
ui-layout,492,129,4
ui-layout,62,62,4
ui-layout,69,68,4
ui-layout,690,203,4
ui-layout,726,175,4
ui-layout,87,85,4
ui-layout,87,86,4
ui-layout,91,75,4
ui-layout,92,95,4
ui-or-game-image,1,1,4
ui-or-game-image,1,303,4
ui-or-game-image,1049,1049,4
ui-or-game-image,107,65,4
ui-or-game-image,115,115,4
ui-or-game-image,116,61,4
ui-or-game-image,117,45,4
ui-or-game-image,1281,1387,4
ui-or-game-image,130,131,4
ui-or-game-image,130,89,4
ui-or-game-image,1574,78,4
ui-or-game-image,162,77,4
ui-or-game-image,180,71,4
ui-or-game-image,190,110,4
ui-or-game-image,224,90,4
ui-or-game-image,226,49,4
ui-or-game-image,249,133,4
ui-or-game-image,253,253,4
ui-or-game-image,29,29,4
ui-or-game-image,31,31,4
ui-or-game-image,37,49,4
ui-or-game-image,522,523,4
ui-or-game-image,523,265,4
ui-or-game-image,578,97,4
ui-or-game-image,61,61,4
ui-or-game-image,73,22,4
ui-or-game-image,77,60,4
ui-or-game-image,99,93,4
world-mode,63,145,4
android-resource,1,1,3
android-resource,108,108,3
android-resource,144,144,3
android-resource,20,24,3
android-resource,30,36,3
background,1920,699,3
background,1920,700,3
character-art,1200,1200,3
other-image,247,340,3
other-image,46,36,3
song-jacket,384,379,3
song-jacket,768,758,3
startup,900,147,3
story-ui-or-texture,89,89,3
story-vn-resource,1177,662,3
story-vn-resource,1391,729,3
story-vn-resource,1636,729,3
story-vn-resource,940,551,3
ui-layout,111,111,3
ui-layout,115,115,3
ui-layout,125,102,3
ui-layout,127,66,3
ui-layout,1286,1,3
ui-layout,129,85,3
ui-layout,148,74,3
ui-layout,156,55,3
ui-layout,158,158,3
ui-layout,1620,557,3
ui-layout,182,99,3
ui-layout,203,41,3
ui-layout,2048,2048,3
ui-layout,225,225,3
ui-layout,236,237,3
ui-layout,239,122,3
ui-layout,241,99,3
ui-layout,257,132,3
ui-layout,27,131,3
ui-layout,273,137,3
ui-layout,326,2,3
ui-layout,36,36,3
ui-layout,367,39,3
ui-layout,371,157,3
ui-layout,372,165,3
ui-layout,38,15,3
ui-layout,381,174,3
ui-layout,384,57,3
ui-layout,395,58,3
ui-layout,402,85,3
ui-layout,406,174,3
ui-layout,422,103,3
ui-layout,442,525,3
ui-layout,445,135,3
ui-layout,483,165,3
ui-layout,492,150,3
ui-layout,545,50,3
ui-layout,60,464,3
ui-layout,627,117,3
ui-layout,633,154,3
ui-layout,635,175,3
ui-layout,691,394,3
ui-layout,72,72,3
ui-layout,73,22,3
ui-layout,74,45,3
ui-layout,748,185,3
ui-layout,75,46,3
ui-layout,788,58,3
ui-layout,833,413,3
ui-layout,873,174,3
ui-layout,910,161,3
ui-or-game-image,1136,74,3
ui-or-game-image,1139,132,3
ui-or-game-image,114,108,3
ui-or-game-image,13,285,3
ui-or-game-image,143,143,3
ui-or-game-image,1536,2687,3
ui-or-game-image,1920,3072,3
ui-or-game-image,201,201,3
ui-or-game-image,23,79,3
ui-or-game-image,238,220,3
ui-or-game-image,247,64,3
ui-or-game-image,2560,1202,3
ui-or-game-image,33,115,3
ui-or-game-image,349,91,3
ui-or-game-image,350,173,3
ui-or-game-image,350,219,3
ui-or-game-image,384,57,3
ui-or-game-image,4,11,3
ui-or-game-image,4,6,3
ui-or-game-image,400,400,3
ui-or-game-image,456,965,3
ui-or-game-image,58,730,3
ui-or-game-image,6,6,3
ui-or-game-image,601,105,3
ui-or-game-image,61,52,3
ui-or-game-image,62,52,3
ui-or-game-image,66,93,3
ui-or-game-image,71,369,3
ui-or-game-image,71,65,3
ui-or-game-image,71,71,3
ui-or-game-image,75,75,3
ui-or-game-image,914,914,3
world-mode,32,32,3
android-resource,10,12,2
android-resource,111,48,2
android-resource,12,11,2
android-resource,12,3,2
android-resource,13,41,2
android-resource,132,66,2
android-resource,15,18,2
android-resource,168,73,2
android-resource,176,88,2
android-resource,18,24,2
android-resource,18,5,2
android-resource,19,16,2
android-resource,21,63,2
android-resource,222,96,2
android-resource,24,6,2
android-resource,25,22,2
android-resource,27,36,2
android-resource,28,84,2
android-resource,333,144,2
android-resource,36,10,2
android-resource,36,48,2
android-resource,38,33,2
android-resource,41,41,2
android-resource,42,126,2
android-resource,44,22,2
android-resource,54,72,2
android-resource,66,33,2
android-resource,72,96,2
android-resource,73,73,2
android-resource,81,81,2
android-resource,88,44,2
background,128,1024,2
background,1281,480,2
background,1920,693,2
background,1920,701,2
background,1920,719,2
background,800,407,2
character-portrait-or-full-art,278,266,2
other-image,128,128,2
other-image,320,64,2
other-image,46,46,2
pack-cover-or-song-pack-art,1002,178,2
pack-cover-or-song-pack-art,1478,71,2
song-jacket,384,385,2
startup,1247,159,2
startup,1415,395,2
startup,1541,157,2
startup,1673,11,2
startup,1920,2880,2
startup,2560,663,2
startup,385,108,2
startup,404,108,2
startup,596,159,2
story-ui-or-texture,107,208,2
story-ui-or-texture,155,126,2
story-ui-or-texture,287,579,2
story-ui-or-texture,397,134,2
story-ui-or-texture,403,106,2
story-vn-resource,1152,2047,2
story-vn-resource,1200,675,2
story-vn-resource,1255,557,2
story-vn-resource,2000,309,2
story-vn-resource,500,633,2
ui-layout,1,1440,2
ui-layout,101,45,2
ui-layout,102,103,2
ui-layout,1049,1049,2
ui-layout,105,66,2
ui-layout,107,97,2
ui-layout,108,51,2
ui-layout,109,133,2
ui-layout,110,110,2
ui-layout,116,117,2
ui-layout,117,109,2
ui-layout,117,68,2
ui-layout,1199,307,2
ui-layout,127,187,2
ui-layout,130,89,2
ui-layout,132,71,2
ui-layout,135,137,2
ui-layout,137,129,2
ui-layout,137,49,2
ui-layout,140,140,2
ui-layout,141,49,2
ui-layout,142,91,2
ui-layout,143,85,2
ui-layout,150,150,2
ui-layout,150,153,2
ui-layout,151,62,2
ui-layout,1546,747,2
ui-layout,157,158,2
ui-layout,159,159,2
ui-layout,159,82,2
ui-layout,162,162,2
ui-layout,164,73,2
ui-layout,165,45,2
ui-layout,165,49,2
ui-layout,165,86,2
ui-layout,1668,1030,2
ui-layout,1673,31,2
ui-layout,1675,31,2
ui-layout,168,50,2
ui-layout,168,85,2
ui-layout,171,130,2
ui-layout,171,57,2
ui-layout,172,45,2
ui-layout,174,134,2
ui-layout,174,174,2
ui-layout,174,67,2
ui-layout,177,315,2
ui-layout,1788,305,2
ui-layout,180,57,2
ui-layout,182,230,2
ui-layout,1920,660,2
ui-layout,194,194,2
ui-layout,196,135,2
ui-layout,197,45,2
ui-layout,198,198,2
ui-layout,198,482,2
ui-layout,202,102,2
ui-layout,207,57,2
ui-layout,208,28,2
ui-layout,21,20,2
ui-layout,215,128,2
ui-layout,215,151,2
ui-layout,220,220,2
ui-layout,225,73,2
ui-layout,227,144,2
ui-layout,23,79,2
ui-layout,230,35,2
ui-layout,231,49,2
ui-layout,236,236,2
ui-layout,237,99,2
ui-layout,238,65,2
ui-layout,240,116,2
ui-layout,242,47,2
ui-layout,244,116,2
ui-layout,248,43,2
ui-layout,248,47,2
ui-layout,252,158,2
ui-layout,255,254,2
ui-layout,258,158,2
ui-layout,267,90,2
ui-layout,27,29,2
ui-layout,271,181,2
ui-layout,271,323,2
ui-layout,277,223,2
ui-layout,287,113,2
ui-layout,295,23,2
ui-layout,297,183,2
ui-layout,306,302,2
ui-layout,307,557,2
ui-layout,309,310,2
ui-layout,31,31,2
ui-layout,318,318,2
ui-layout,319,319,2
ui-layout,319,93,2
ui-layout,32,41,2
ui-layout,324,102,2
ui-layout,326,144,2
ui-layout,327,101,2
ui-layout,328,328,2
ui-layout,329,157,2
ui-layout,33,115,2
ui-layout,332,148,2
ui-layout,334,115,2
ui-layout,334,59,2
ui-layout,335,100,2
ui-layout,351,97,2
ui-layout,354,66,2
ui-layout,356,140,2
ui-layout,376,98,2
ui-layout,378,444,2
ui-layout,380,371,2
ui-layout,39,147,2
ui-layout,39,486,2
ui-layout,39,487,2
ui-layout,401,90,2
ui-layout,403,90,2
ui-layout,404,107,2
ui-layout,405,120,2
ui-layout,407,53,2
ui-layout,409,49,2
ui-layout,412,412,2
ui-layout,423,66,2
ui-layout,428,360,2
ui-layout,43,43,2
ui-layout,436,518,2
ui-layout,438,94,2
ui-layout,44,54,2
ui-layout,441,102,2
ui-layout,459,130,2
ui-layout,469,469,2
ui-layout,483,75,2
ui-layout,485,239,2
ui-layout,494,117,2
ui-layout,501,553,2
ui-layout,503,1,2
ui-layout,512,364,2
ui-layout,542,164,2
ui-layout,543,346,2
ui-layout,543,400,2
ui-layout,56,56,2
ui-layout,564,74,2
ui-layout,565,52,2
ui-layout,568,55,2
ui-layout,57,78,2
ui-layout,578,97,2
ui-layout,583,583,2
ui-layout,587,109,2
ui-layout,592,592,2
ui-layout,596,226,2
ui-layout,601,105,2
ui-layout,606,103,2
ui-layout,623,115,2
ui-layout,629,175,2
ui-layout,64,80,2
ui-layout,652,224,2
ui-layout,68,67,2
ui-layout,689,188,2
ui-layout,690,201,2
ui-layout,7,446,2
ui-layout,70,45,2
ui-layout,708,111,2
ui-layout,71,46,2
ui-layout,720,720,2
ui-layout,726,84,2
ui-layout,74,74,2
ui-layout,760,226,2
ui-layout,786,108,2
ui-layout,83,485,2
ui-layout,847,137,2
ui-layout,9,49,2
ui-layout,99,93,2
ui-or-game-image,1,1000,2
ui-or-game-image,1,394,2
ui-or-game-image,100,66,2
ui-or-game-image,103,103,2
ui-or-game-image,104,95,2
ui-or-game-image,110,111,2
ui-or-game-image,116,117,2
ui-or-game-image,116,45,2
ui-or-game-image,1170,965,2
ui-or-game-image,1184,327,2
ui-or-game-image,12,12,2
ui-or-game-image,121,100,2
ui-or-game-image,125,45,2
ui-or-game-image,127,66,2
ui-or-game-image,128,1024,2
ui-or-game-image,1281,960,2
ui-or-game-image,1286,1286,2
ui-or-game-image,130,126,2
ui-or-game-image,132,132,2
ui-or-game-image,143,85,2
ui-or-game-image,151,127,2
ui-or-game-image,152,64,2
ui-or-game-image,158,158,2
ui-or-game-image,1668,1030,2
ui-or-game-image,168,85,2
ui-or-game-image,17,9,2
ui-or-game-image,172,45,2
ui-or-game-image,1724,277,2
ui-or-game-image,1788,305,2
ui-or-game-image,179,89,2
ui-or-game-image,180,57,2
ui-or-game-image,1800,1800,2
ui-or-game-image,1815,1440,2
ui-or-game-image,184,135,2
ui-or-game-image,194,194,2
ui-or-game-image,197,45,2
ui-or-game-image,199,200,2
ui-or-game-image,200,200,2
ui-or-game-image,202,201,2
ui-or-game-image,212,60,2
ui-or-game-image,218,218,2
ui-or-game-image,219,53,2
ui-or-game-image,223,136,2
ui-or-game-image,225,146,2
ui-or-game-image,2340,868,2
ui-or-game-image,241,243,2
ui-or-game-image,242,400,2
ui-or-game-image,247,340,2
ui-or-game-image,249,91,2
ui-or-game-image,261,146,2
ui-or-game-image,27,133,2
ui-or-game-image,284,217,2
ui-or-game-image,286,128,2
ui-or-game-image,310,77,2
ui-or-game-image,313,93,2
ui-or-game-image,314,56,2
ui-or-game-image,323,97,2
ui-or-game-image,329,164,2
ui-or-game-image,335,56,2
ui-or-game-image,338,99,2
ui-or-game-image,35,69,2
ui-or-game-image,355,163,2
ui-or-game-image,356,75,2
ui-or-game-image,39,486,2
ui-or-game-image,399,127,2
ui-or-game-image,4,256,2
ui-or-game-image,4,32,2
ui-or-game-image,4,727,2
ui-or-game-image,403,90,2
ui-or-game-image,408,85,2
ui-or-game-image,426,115,2
ui-or-game-image,431,71,2
ui-or-game-image,435,328,2
ui-or-game-image,439,48,2
ui-or-game-image,439,81,2
ui-or-game-image,448,93,2
ui-or-game-image,452,97,2
ui-or-game-image,465,42,2
ui-or-game-image,486,146,2
ui-or-game-image,492,240,2
ui-or-game-image,51,1,2
ui-or-game-image,512,128,2
ui-or-game-image,512,256,2
ui-or-game-image,512,64,2
ui-or-game-image,52,50,2
ui-or-game-image,535,74,2
ui-or-game-image,54,54,2
ui-or-game-image,55,64,2
ui-or-game-image,56,89,2
ui-or-game-image,58,58,2
ui-or-game-image,592,89,2
ui-or-game-image,6,9,2
ui-or-game-image,60,69,2
ui-or-game-image,619,65,2
ui-or-game-image,620,65,2
ui-or-game-image,63,65,2
ui-or-game-image,63,81,2
ui-or-game-image,657,81,2
ui-or-game-image,679,1440,2
ui-or-game-image,683,1367,2
ui-or-game-image,7,446,2
ui-or-game-image,708,111,2
ui-or-game-image,73,49,2
ui-or-game-image,76,489,2
ui-or-game-image,768,672,2
ui-or-game-image,768,768,2
ui-or-game-image,78,77,2
ui-or-game-image,837,103,2
ui-or-game-image,838,70,2
ui-or-game-image,839,77,2
ui-or-game-image,869,294,2
ui-or-game-image,93,34,2
world-mode,1728,3072,2
world-mode,1920,1440,2
world-mode,318,167,2
world-mode,500,167,2
android-resource,12,32,1
android-resource,128,48,1
android-resource,128,64,1
android-resource,14,14,1
android-resource,15,15,1
android-resource,162,162,1
android-resource,18,48,1
android-resource,192,192,1
android-resource,192,72,1
android-resource,192,96,1
android-resource,2,2,1
android-resource,216,216,1
android-resource,24,16,1
android-resource,24,64,1
android-resource,30,30,1
android-resource,324,324,1
android-resource,35,25,1
android-resource,36,96,1
android-resource,40,48,1
android-resource,432,432,1
android-resource,47,32,1
android-resource,60,72,1
android-resource,64,24,1
android-resource,64,32,1
android-resource,71,48,1
android-resource,860,860,1
android-resource,94,64,1
android-resource,96,36,1
android-resource,96,48,1
background,1024,1024,1
background,1042,534,1
background,1152,507,1
background,1168,516,1
background,1234,529,1
background,1359,565,1
background,1412,587,1
background,1526,645,1
background,1636,571,1
background,1918,743,1
background,1920,1448,1
background,1920,326,1
background,1920,394,1
background,1920,429,1
background,1920,506,1
background,1920,585,1
background,1920,635,1
background,1920,666,1
background,1920,690,1
background,1920,691,1
background,1920,703,1
background,1920,706,1
background,1920,713,1
background,1976,1457,1
background,835,418,1
background,912,434,1
background,996,615,1
character-portrait-or-full-art,1847,1440,1
other-image,1,1,1
other-image,1024,120,1
other-image,1080,1080,1
other-image,1536,1280,1
other-image,64,64,1
pack-cover-or-song-pack-art,374,614,1
pack-cover-or-song-pack-art,374,615,1
pack-cover-or-song-pack-art,752,177,1
song-jacket,384,380,1
song-jacket,768,760,1
song-jacket,768,767,1
song-jacket,768,769,1
song-jacket,768,770,1
startup,1,441,1
startup,1123,1071,1
startup,116,11,1
startup,1458,820,1
startup,1478,2061,1
startup,1728,2298,1
startup,1857,1791,1
startup,1920,1080,1
startup,1920,2244,1
startup,200,200,1
startup,220,96,1
startup,307,47,1
startup,33,33,1
startup,34,34,1
startup,477,106,1
startup,528,529,1
startup,542,541,1
startup,745,576,1
story-cg,1920,1079,1
story-ui-or-texture,1,297,1
story-ui-or-texture,1083,585,1
story-ui-or-texture,1341,36,1
story-ui-or-texture,137,9,1
story-ui-or-texture,1460,865,1
story-ui-or-texture,1920,1081,1
story-ui-or-texture,1920,1440,1
story-ui-or-texture,239,477,1
story-ui-or-texture,241,531,1
story-ui-or-texture,273,23,1
story-ui-or-texture,29,26,1
story-ui-or-texture,30,26,1
story-ui-or-texture,312,235,1
story-ui-or-texture,357,27,1
story-ui-or-texture,4,189,1
story-ui-or-texture,41,381,1
story-ui-or-texture,45,21,1
story-ui-or-texture,45,58,1
story-ui-or-texture,49,60,1
story-ui-or-texture,616,1,1
story-ui-or-texture,66,161,1
story-ui-or-texture,66,215,1
story-ui-or-texture,69,80,1
story-ui-or-texture,92,48,1
story-vn-resource,1000,1777,1
story-vn-resource,1152,2048,1
story-vn-resource,1177,651,1
story-vn-resource,1246,701,1
story-vn-resource,1248,2048,1
story-vn-resource,1250,924,1
story-vn-resource,1280,1440,1
story-vn-resource,1280,2048,1
story-vn-resource,1280,720,1
story-vn-resource,1332,749,1
story-vn-resource,1333,820,1
story-vn-resource,1380,1765,1
story-vn-resource,1429,533,1
story-vn-resource,1519,1274,1
story-vn-resource,1570,857,1
story-vn-resource,1640,984,1
story-vn-resource,1900,1600,1
story-vn-resource,1900,708,1
story-vn-resource,1901,708,1
story-vn-resource,1901,709,1
story-vn-resource,1933,801,1
story-vn-resource,1952,1600,1
story-vn-resource,198,720,1
story-vn-resource,2000,2471,1
story-vn-resource,2023,1138,1
story-vn-resource,2048,1071,1
story-vn-resource,2048,1488,1
story-vn-resource,2048,1547,1
story-vn-resource,2048,1673,1
story-vn-resource,2048,1676,1
story-vn-resource,2048,526,1
story-vn-resource,2048,847,1
story-vn-resource,2048,866,1
story-vn-resource,2050,1152,1
story-vn-resource,2074,1180,1
story-vn-resource,2276,899,1
story-vn-resource,2377,1263,1
story-vn-resource,2400,980,1
story-vn-resource,2426,806,1
story-vn-resource,2765,1555,1
story-vn-resource,3840,2160,1
story-vn-resource,610,93,1
story-vn-resource,629,720,1
story-vn-resource,652,720,1
story-vn-resource,680,720,1
story-vn-resource,704,102,1
story-vn-resource,800,450,1
story-vn-resource,832,468,1
story-vn-resource,837,620,1
ui-layout,1,1030,1
ui-layout,1,1074,1
ui-layout,1,113,1
ui-layout,1,215,1
ui-layout,1,25,1
ui-layout,1,270,1
ui-layout,1,512,1
ui-layout,1,538,1
ui-layout,1,6,1
ui-layout,1,9,1
ui-layout,10,10,1
ui-layout,1005,45,1
ui-layout,101,77,1
ui-layout,102,117,1
ui-layout,103,40,1
ui-layout,103,95,1
ui-layout,105,218,1
ui-layout,1054,107,1
ui-layout,107,127,1
ui-layout,1079,1079,1
ui-layout,108,108,1
ui-layout,108,84,1
ui-layout,111,43,1
ui-layout,112,112,1
ui-layout,1126,26,1
ui-layout,1135,359,1
ui-layout,114,115,1
ui-layout,115,124,1
ui-layout,115,30,1
ui-layout,115,59,1
ui-layout,117,26,1
ui-layout,1173,45,1
ui-layout,1176,88,1
ui-layout,118,119,1
ui-layout,118,487,1
ui-layout,119,119,1
ui-layout,12,12,1
ui-layout,120,120,1
ui-layout,120,123,1
ui-layout,1200,33,1
ui-layout,121,100,1
ui-layout,1239,82,1
ui-layout,126,87,1
ui-layout,127,126,1
ui-layout,1279,1440,1
ui-layout,128,128,1
ui-layout,128,79,1
ui-layout,1280,629,1
ui-layout,1281,960,1
ui-layout,1286,349,1
ui-layout,1286,761,1
ui-layout,129,129,1
ui-layout,129,66,1
ui-layout,1292,1246,1
ui-layout,130,130,1
ui-layout,130,42,1
ui-layout,133,20,1
ui-layout,1334,314,1
ui-layout,134,49,1
ui-layout,135,181,1
ui-layout,135,758,1
ui-layout,1350,106,1
ui-layout,137,115,1
ui-layout,138,110,1
ui-layout,139,30,1
ui-layout,1413,1413,1
ui-layout,143,104,1
ui-layout,143,145,1
ui-layout,147,63,1
ui-layout,147,75,1
ui-layout,149,52,1
ui-layout,1498,43,1
ui-layout,15,16,1
ui-layout,15,36,1
ui-layout,150,62,1
ui-layout,151,152,1
ui-layout,151,68,1
ui-layout,151,78,1
ui-layout,153,210,1
ui-layout,153,215,1
ui-layout,153,90,1
ui-layout,1534,898,1
ui-layout,154,152,1
ui-layout,1546,322,1
ui-layout,1546,364,1
ui-layout,1546,552,1
ui-layout,155,484,1
ui-layout,1560,1170,1
ui-layout,1560,17,1
ui-layout,1560,228,1
ui-layout,1560,291,1
ui-layout,1560,572,1
ui-layout,1560,89,1
ui-layout,1560,960,1
ui-layout,1561,69,1
ui-layout,157,159,1
ui-layout,157,56,1
ui-layout,1571,466,1
ui-layout,16,15,1
ui-layout,16,16,1
ui-layout,16,455,1
ui-layout,162,35,1
ui-layout,1634,2,1
ui-layout,164,159,1
ui-layout,164,171,1
ui-layout,164,65,1
ui-layout,1658,2,1
ui-layout,1666,959,1
ui-layout,1668,960,1
ui-layout,167,124,1
ui-layout,1681,78,1
ui-layout,169,170,1
ui-layout,170,177,1
ui-layout,1708,225,1
ui-layout,1708,367,1
ui-layout,171,63,1
ui-layout,172,81,1
ui-layout,1724,277,1
ui-layout,1757,1584,1
ui-layout,178,122,1
ui-layout,180,31,1
ui-layout,182,181,1
ui-layout,182,37,1
ui-layout,1827,919,1
ui-layout,186,186,1
ui-layout,187,189,1
ui-layout,188,172,1
ui-layout,19,18,1
ui-layout,19,19,1
ui-layout,190,190,1
ui-layout,1902,37,1
ui-layout,191,189,1
ui-layout,191,48,1
ui-layout,192,100,1
ui-layout,192,192,1
ui-layout,192,55,1
ui-layout,1920,1110,1
ui-layout,1920,1220,1
ui-layout,1920,1301,1
ui-layout,1920,192,1
ui-layout,1920,270,1
ui-layout,1920,34,1
ui-layout,1920,800,1
ui-layout,1920,939,1
ui-layout,1920,944,1
ui-layout,1920,96,1
ui-layout,193,193,1
ui-layout,193,27,1
ui-layout,1935,106,1
ui-layout,196,196,1
ui-layout,197,65,1
ui-layout,198,20,1
ui-layout,199,91,1
ui-layout,20,249,1
ui-layout,201,201,1
ui-layout,201,58,1
ui-layout,202,29,1
ui-layout,202,3,1
ui-layout,202,75,1
ui-layout,202,84,1
ui-layout,203,63,1
ui-layout,209,64,1
ui-layout,21,15,1
ui-layout,21,21,1
ui-layout,21,43,1
ui-layout,21,72,1
ui-layout,210,124,1
ui-layout,210,145,1
ui-layout,210,150,1
ui-layout,210,210,1
ui-layout,211,211,1
ui-layout,211,62,1
ui-layout,212,212,1
ui-layout,213,29,1
ui-layout,213,47,1
ui-layout,213,58,1
ui-layout,213,62,1
ui-layout,215,78,1
ui-layout,216,216,1
ui-layout,216,59,1
ui-layout,217,86,1
ui-layout,218,19,1
ui-layout,219,541,1
ui-layout,220,94,1
ui-layout,222,830,1
ui-layout,222,99,1
ui-layout,224,43,1
ui-layout,225,109,1
ui-layout,226,49,1
ui-layout,227,240,1
ui-layout,227,27,1
ui-layout,227,35,1
ui-layout,229,48,1
ui-layout,229,7,1
ui-layout,23,23,1
ui-layout,23,377,1
ui-layout,232,132,1
ui-layout,232,28,1
ui-layout,232,53,1
ui-layout,233,375,1
ui-layout,234,233,1
ui-layout,234,234,1
ui-layout,234,25,1
ui-layout,236,1,1
ui-layout,237,85,1
ui-layout,24,149,1
ui-layout,24,24,1
ui-layout,24,386,1
ui-layout,240,40,1
ui-layout,2400,793,1
ui-layout,244,120,1
ui-layout,244,45,1
ui-layout,245,10,1
ui-layout,245,120,1
ui-layout,247,378,1
ui-layout,247,41,1
ui-layout,248,93,1
ui-layout,249,133,1
ui-layout,249,249,1
ui-layout,249,45,1
ui-layout,25,24,1
ui-layout,25,27,1
ui-layout,25,37,1
ui-layout,251,136,1
ui-layout,251,250,1
ui-layout,251,62,1
ui-layout,252,413,1
ui-layout,253,1,1
ui-layout,255,225,1
ui-layout,256,248,1
ui-layout,256,256,1
ui-layout,2560,1016,1
ui-layout,2560,1081,1
ui-layout,257,5,1
ui-layout,258,258,1
ui-layout,259,2,1
ui-layout,26,20,1
ui-layout,262,134,1
ui-layout,267,8,1
ui-layout,271,272,1
ui-layout,271,70,1
ui-layout,271,84,1
ui-layout,272,6,1
ui-layout,272,99,1
ui-layout,275,1,1
ui-layout,275,150,1
ui-layout,277,277,1
ui-layout,278,177,1
ui-layout,278,32,1
ui-layout,279,127,1
ui-layout,28,17,1
ui-layout,280,280,1
ui-layout,280,37,1
ui-layout,280,75,1
ui-layout,281,131,1
ui-layout,282,41,1
ui-layout,283,75,1
ui-layout,284,523,1
ui-layout,285,261,1
ui-layout,287,97,1
ui-layout,288,259,1
ui-layout,289,23,1
ui-layout,289,36,1
ui-layout,290,139,1
ui-layout,291,291,1
ui-layout,293,126,1
ui-layout,295,294,1
ui-layout,296,296,1
ui-layout,3,325,1
ui-layout,300,69,1
ui-layout,301,116,1
ui-layout,303,434,1
ui-layout,304,305,1
ui-layout,304,326,1
ui-layout,305,121,1
ui-layout,305,5,1
ui-layout,307,241,1
ui-layout,31,107,1
ui-layout,31,21,1
ui-layout,31,744,1
ui-layout,310,368,1
ui-layout,315,63,1
ui-layout,317,66,1
ui-layout,32,32,1
ui-layout,322,120,1
ui-layout,322,243,1
ui-layout,325,120,1
ui-layout,325,163,1
ui-layout,325,550,1
ui-layout,325,69,1
ui-layout,329,107,1
ui-layout,33,33,1
ui-layout,334,346,1
ui-layout,336,181,1
ui-layout,336,336,1
ui-layout,337,81,1
ui-layout,338,66,1
ui-layout,34,41,1
ui-layout,340,769,1
ui-layout,341,49,1
ui-layout,342,138,1
ui-layout,345,27,1
ui-layout,346,56,1
ui-layout,347,347,1
ui-layout,348,14,1
ui-layout,348,174,1
ui-layout,349,33,1
ui-layout,35,19,1
ui-layout,35,33,1
ui-layout,35,47,1
ui-layout,351,2,1
ui-layout,351,3,1
ui-layout,351,51,1
ui-layout,354,20,1
ui-layout,354,387,1
ui-layout,354,77,1
ui-layout,355,82,1
ui-layout,357,88,1
ui-layout,357,93,1
ui-layout,358,357,1
ui-layout,358,61,1
ui-layout,359,97,1
ui-layout,361,314,1
ui-layout,362,127,1
ui-layout,362,60,1
ui-layout,363,363,1
ui-layout,363,555,1
ui-layout,363,73,1
ui-layout,365,38,1
ui-layout,366,366,1
ui-layout,367,416,1
ui-layout,37,29,1
ui-layout,375,39,1
ui-layout,379,371,1
ui-layout,38,31,1
ui-layout,38,36,1
ui-layout,38,44,1
ui-layout,381,122,1
ui-layout,383,86,1
ui-layout,3840,96,1
ui-layout,386,341,1
ui-layout,388,56,1
ui-layout,39,40,1
ui-layout,39,54,1
ui-layout,390,26,1
ui-layout,390,83,1
ui-layout,391,430,1
ui-layout,392,435,1
ui-layout,393,422,1
ui-layout,399,140,1
ui-layout,40,39,1
ui-layout,40,48,1
ui-layout,400,10,1
ui-layout,400,320,1
ui-layout,401,484,1
ui-layout,404,404,1
ui-layout,404,97,1
ui-layout,412,371,1
ui-layout,419,147,1
ui-layout,42,32,1
ui-layout,42,39,1
ui-layout,42,42,1
ui-layout,420,100,1
ui-layout,420,414,1
ui-layout,420,47,1
ui-layout,420,97,1
ui-layout,421,370,1
ui-layout,422,370,1
ui-layout,426,1,1
ui-layout,426,71,1
ui-layout,428,272,1
ui-layout,43,16,1
ui-layout,43,196,1
ui-layout,43,55,1
ui-layout,43,60,1
ui-layout,433,110,1
ui-layout,433,38,1
ui-layout,437,43,1
ui-layout,438,213,1
ui-layout,438,8,1
ui-layout,44,45,1
ui-layout,44,55,1
ui-layout,44,63,1
ui-layout,446,221,1
ui-layout,446,63,1
ui-layout,448,81,1
ui-layout,448,91,1
ui-layout,45,111,1
ui-layout,45,58,1
ui-layout,452,453,1
ui-layout,456,92,1
ui-layout,458,26,1
ui-layout,458,77,1
ui-layout,46,45,1
ui-layout,46,46,1
ui-layout,46,58,1
ui-layout,462,370,1
ui-layout,464,9,1
ui-layout,465,42,1
ui-layout,468,96,1
ui-layout,469,2,1
ui-layout,47,44,1
ui-layout,47,47,1
ui-layout,476,58,1
ui-layout,476,76,1
ui-layout,477,34,1
ui-layout,479,64,1
ui-layout,48,125,1
ui-layout,48,34,1
ui-layout,48,48,1
ui-layout,481,510,1
ui-layout,485,121,1
ui-layout,485,513,1
ui-layout,488,131,1
ui-layout,49,167,1
ui-layout,490,445,1
ui-layout,496,11,1
ui-layout,499,875,1
ui-layout,50,211,1
ui-layout,50,93,1
ui-layout,502,119,1
ui-layout,503,297,1
ui-layout,507,141,1
ui-layout,51,336,1
ui-layout,512,128,1
ui-layout,512,36,1
ui-layout,512,512,1
ui-layout,514,95,1
ui-layout,517,134,1
ui-layout,517,70,1
ui-layout,517,94,1
ui-layout,518,202,1
ui-layout,519,202,1
ui-layout,52,38,1
ui-layout,52,43,1
ui-layout,52,50,1
ui-layout,52,64,1
ui-layout,521,140,1
ui-layout,522,164,1
ui-layout,523,523,1
ui-layout,53,147,1
ui-layout,53,22,1
ui-layout,53,43,1
ui-layout,531,31,1
ui-layout,531,7,1
ui-layout,539,102,1
ui-layout,54,44,1
ui-layout,540,161,1
ui-layout,542,196,1
ui-layout,546,329,1
ui-layout,548,115,1
ui-layout,55,30,1
ui-layout,55,43,1
ui-layout,55,64,1
ui-layout,551,50,1
ui-layout,552,1,1
ui-layout,553,1,1
ui-layout,554,111,1
ui-layout,554,35,1
ui-layout,556,34,1
ui-layout,556,82,1
ui-layout,56,310,1
ui-layout,560,459,1
ui-layout,562,562,1
ui-layout,57,84,1
ui-layout,58,79,1
ui-layout,582,85,1
ui-layout,584,67,1
ui-layout,59,36,1
ui-layout,59,59,1
ui-layout,593,50,1
ui-layout,599,134,1
ui-layout,6,1,1
ui-layout,6,703,1
ui-layout,600,177,1
ui-layout,600,585,1
ui-layout,600,600,1
ui-layout,601,106,1
ui-layout,604,167,1
ui-layout,605,132,1
ui-layout,608,76,1
ui-layout,609,250,1
ui-layout,61,59,1
ui-layout,61,61,1
ui-layout,611,108,1
ui-layout,612,226,1
ui-layout,613,177,1
ui-layout,616,116,1
ui-layout,616,314,1
ui-layout,616,319,1
ui-layout,616,616,1
ui-layout,62,56,1
ui-layout,623,960,1
ui-layout,625,125,1
ui-layout,629,250,1
ui-layout,63,28,1
ui-layout,63,7,1
ui-layout,632,53,1
ui-layout,634,184,1
ui-layout,64,64,1
ui-layout,64,780,1
ui-layout,640,81,1
ui-layout,646,645,1
ui-layout,648,347,1
ui-layout,65,65,1
ui-layout,652,269,1
ui-layout,653,251,1
ui-layout,658,133,1
ui-layout,658,640,1
ui-layout,66,93,1
ui-layout,669,100,1
ui-layout,669,630,1
ui-layout,67,20,1
ui-layout,672,122,1
ui-layout,676,108,1
ui-layout,684,133,1
ui-layout,69,130,1
ui-layout,69,167,1
ui-layout,690,171,1
ui-layout,693,689,1
ui-layout,694,197,1
ui-layout,7,41,1
ui-layout,7,9,1
ui-layout,70,142,1
ui-layout,70,517,1
ui-layout,70,70,1
ui-layout,70,72,1
ui-layout,703,947,1
ui-layout,706,219,1
ui-layout,71,71,1
ui-layout,71,72,1
ui-layout,71,84,1
ui-layout,716,1,1
ui-layout,72,169,1
ui-layout,720,742,1
ui-layout,726,561,1
ui-layout,728,726,1
ui-layout,73,23,1
ui-layout,73,95,1
ui-layout,74,20,1
ui-layout,74,73,1
ui-layout,741,498,1
ui-layout,75,52,1
ui-layout,75,53,1
ui-layout,75,54,1
ui-layout,75,75,1
ui-layout,75,79,1
ui-layout,752,226,1
ui-layout,756,964,1
ui-layout,76,80,1
ui-layout,764,644,1
ui-layout,766,2,1
ui-layout,77,77,1
ui-layout,776,431,1
ui-layout,78,77,1
ui-layout,78,79,1
ui-layout,78,9,1
ui-layout,784,58,1
ui-layout,785,771,1
ui-layout,786,109,1
ui-layout,786,409,1
ui-layout,787,792,1
ui-layout,79,504,1
ui-layout,791,563,1
ui-layout,791,73,1
ui-layout,797,444,1
ui-layout,80,79,1
ui-layout,801,159,1
ui-layout,801,691,1
ui-layout,807,149,1
ui-layout,809,245,1
ui-layout,81,80,1
ui-layout,81,96,1
ui-layout,816,959,1
ui-layout,826,107,1
ui-layout,83,72,1
ui-layout,834,1,1
ui-layout,837,103,1
ui-layout,84,20,1
ui-layout,84,73,1
ui-layout,842,101,1
ui-layout,846,161,1
ui-layout,849,1,1
ui-layout,85,493,1
ui-layout,85,84,1
ui-layout,85,86,1
ui-layout,850,45,1
ui-layout,855,794,1
ui-layout,855,855,1
ui-layout,86,92,1
ui-layout,87,33,1
ui-layout,87,57,1
ui-layout,882,1255,1
ui-layout,889,889,1
ui-layout,89,146,1
ui-layout,89,29,1
ui-layout,897,14,1
ui-layout,897,1440,1
ui-layout,90,33,1
ui-layout,90,92,1
ui-layout,901,110,1
ui-layout,91,102,1
ui-layout,93,133,1
ui-layout,930,147,1
ui-layout,933,552,1
ui-layout,94,31,1
ui-layout,945,304,1
ui-layout,953,1,1
ui-layout,96,135,1
ui-layout,960,720,1
ui-layout,972,3,1
ui-layout,98,109,1
ui-layout,98,118,1
ui-layout,98,44,1
ui-or-game-image,1,185,1
ui-or-game-image,1,216,1
ui-or-game-image,1,256,1
ui-or-game-image,1,3,1
ui-or-game-image,1,308,1
ui-or-game-image,1,310,1
ui-or-game-image,1,32,1
ui-or-game-image,1,350,1
ui-or-game-image,1,44,1
ui-or-game-image,1,51,1
ui-or-game-image,1,538,1
ui-or-game-image,1,650,1
ui-or-game-image,1,686,1
ui-or-game-image,1000,120,1
ui-or-game-image,1006,965,1
ui-or-game-image,102,155,1
ui-or-game-image,102,54,1
ui-or-game-image,1024,1,1
ui-or-game-image,1024,1536,1
ui-or-game-image,1035,354,1
ui-or-game-image,1047,153,1
ui-or-game-image,1047,209,1
ui-or-game-image,105,17,1
ui-or-game-image,1057,335,1
ui-or-game-image,1058,334,1
ui-or-game-image,106,54,1
ui-or-game-image,1071,960,1
ui-or-game-image,1075,1023,1
ui-or-game-image,108,84,1
ui-or-game-image,1084,13,1
ui-or-game-image,1084,96,1
ui-or-game-image,1086,179,1
ui-or-game-image,1090,292,1
ui-or-game-image,1098,226,1
ui-or-game-image,11,11,1
ui-or-game-image,1104,21,1
ui-or-game-image,111,79,1
ui-or-game-image,113,113,1
ui-or-game-image,113,137,1
ui-or-game-image,1132,154,1
ui-or-game-image,1133,13,1
ui-or-game-image,1137,298,1
ui-or-game-image,1143,135,1
ui-or-game-image,1145,213,1
ui-or-game-image,1150,23,1
ui-or-game-image,11520,59,1
ui-or-game-image,1164,647,1
ui-or-game-image,1165,159,1
ui-or-game-image,117,156,1
ui-or-game-image,1174,965,1
ui-or-game-image,1175,298,1
ui-or-game-image,118,119,1
ui-or-game-image,118,156,1
ui-or-game-image,118,35,1
ui-or-game-image,118,490,1
ui-or-game-image,1180,404,1
ui-or-game-image,1188,608,1
ui-or-game-image,1191,13,1
ui-or-game-image,1199,612,1
ui-or-game-image,12,796,1
ui-or-game-image,120,66,1
ui-or-game-image,1205,21,1
ui-or-game-image,121,105,1
ui-or-game-image,121,30,1
ui-or-game-image,121,66,1
ui-or-game-image,1211,960,1
ui-or-game-image,1216,965,1
ui-or-game-image,1228,2,1
ui-or-game-image,123,116,1
ui-or-game-image,1231,191,1
ui-or-game-image,125,117,1
ui-or-game-image,125,125,1
ui-or-game-image,1259,13,1
ui-or-game-image,1259,71,1
ui-or-game-image,126,87,1
ui-or-game-image,1271,152,1
ui-or-game-image,1278,21,1
ui-or-game-image,128,37,1
ui-or-game-image,1280,344,1
ui-or-game-image,1280,476,1
ui-or-game-image,1281,1,1
ui-or-game-image,1281,169,1
ui-or-game-image,1286,1,1
ui-or-game-image,1286,965,1
ui-or-game-image,129,129,1
ui-or-game-image,130,39,1
ui-or-game-image,1339,177,1
ui-or-game-image,135,14,1
ui-or-game-image,136,54,1
ui-or-game-image,137,115,1
ui-or-game-image,14,765,1
ui-or-game-image,140,85,1
ui-or-game-image,1401,491,1
ui-or-game-image,1450,200,1
ui-or-game-image,149,150,1
ui-or-game-image,150,150,1
ui-or-game-image,151,74,1
ui-or-game-image,151,76,1
ui-or-game-image,1520,1440,1
ui-or-game-image,153,125,1
ui-or-game-image,153,60,1
ui-or-game-image,154,152,1
ui-or-game-image,1546,447,1
ui-or-game-image,155,37,1
ui-or-game-image,155,484,1
ui-or-game-image,155,60,1
ui-or-game-image,156,264,1
ui-or-game-image,1560,1,1
ui-or-game-image,1560,291,1
ui-or-game-image,1560,36,1
ui-or-game-image,1560,82,1
ui-or-game-image,1560,960,1
ui-or-game-image,1561,41,1
ui-or-game-image,16,455,1
ui-or-game-image,160,55,1
ui-or-game-image,165,51,1
ui-or-game-image,1666,959,1
ui-or-game-image,1673,31,1
ui-or-game-image,1675,31,1
ui-or-game-image,168,64,1
ui-or-game-image,17,17,1
ui-or-game-image,17,18,1
ui-or-game-image,170,168,1
ui-or-game-image,170,170,1
ui-or-game-image,1708,225,1
ui-or-game-image,1708,367,1
ui-or-game-image,172,81,1
ui-or-game-image,1754,343,1
ui-or-game-image,1781,1440,1
ui-or-game-image,18,18,1
ui-or-game-image,18,34,1
ui-or-game-image,180,81,1
ui-or-game-image,186,52,1
ui-or-game-image,1878,26,1
ui-or-game-image,1900,191,1
ui-or-game-image,1914,1437,1
ui-or-game-image,1920,1920,1
ui-or-game-image,1920,308,1
ui-or-game-image,1920,500,1
ui-or-game-image,1920,580,1
ui-or-game-image,1920,791,1
ui-or-game-image,1920,94,1
ui-or-game-image,193,27,1
ui-or-game-image,197,97,1
ui-or-game-image,2,1,1
ui-or-game-image,20,20,1
ui-or-game-image,200,132,1
ui-or-game-image,201,123,1
ui-or-game-image,202,29,1
ui-or-game-image,204,204,1
ui-or-game-image,2048,2048,1
ui-or-game-image,206,375,1
ui-or-game-image,207,113,1
ui-or-game-image,209,381,1
ui-or-game-image,21,29,1
ui-or-game-image,21,30,1
ui-or-game-image,21,72,1
ui-or-game-image,211,62,1
ui-or-game-image,213,47,1
ui-or-game-image,213,62,1
ui-or-game-image,22,22,1
ui-or-game-image,22,23,1
ui-or-game-image,22,75,1
ui-or-game-image,221,138,1
ui-or-game-image,225,142,1
ui-or-game-image,225,145,1
ui-or-game-image,225,35,1
ui-or-game-image,226,48,1
ui-or-game-image,227,227,1
ui-or-game-image,227,34,1
ui-or-game-image,228,217,1
ui-or-game-image,23,23,1
ui-or-game-image,23,75,1
ui-or-game-image,231,232,1
ui-or-game-image,231,61,1
ui-or-game-image,2322,1122,1
ui-or-game-image,2322,547,1
ui-or-game-image,233,69,1
ui-or-game-image,234,233,1
ui-or-game-image,234,25,1
ui-or-game-image,2340,140,1
ui-or-game-image,239,108,1
ui-or-game-image,24,75,1
ui-or-game-image,241,42,1
ui-or-game-image,241,45,1
ui-or-game-image,241,764,1
ui-or-game-image,241,99,1
ui-or-game-image,245,69,1
ui-or-game-image,247,36,1
ui-or-game-image,248,245,1
ui-or-game-image,25,23,1
ui-or-game-image,25,25,1
ui-or-game-image,25,75,1
ui-or-game-image,252,503,1
ui-or-game-image,2530,33,1
ui-or-game-image,255,38,1
ui-or-game-image,257,257,1
ui-or-game-image,260,263,1
ui-or-game-image,267,268,1
ui-or-game-image,27,27,1
ui-or-game-image,272,272,1
ui-or-game-image,272,99,1
ui-or-game-image,274,55,1
ui-or-game-image,274,69,1
ui-or-game-image,277,326,1
ui-or-game-image,277,45,1
ui-or-game-image,278,278,1
ui-or-game-image,28,28,1
ui-or-game-image,284,260,1
ui-or-game-image,285,1040,1
ui-or-game-image,288,45,1
ui-or-game-image,293,45,1
ui-or-game-image,295,100,1
ui-or-game-image,297,1,1
ui-or-game-image,30,1,1
ui-or-game-image,30,120,1
ui-or-game-image,309,559,1
ui-or-game-image,31,107,1
ui-or-game-image,31,30,1
ui-or-game-image,311,41,1
ui-or-game-image,313,132,1
ui-or-game-image,314,42,1
ui-or-game-image,315,1440,1
ui-or-game-image,315,63,1
ui-or-game-image,316,242,1
ui-or-game-image,317,66,1
ui-or-game-image,32,645,1
ui-or-game-image,322,322,1
ui-or-game-image,324,102,1
ui-or-game-image,329,95,1
ui-or-game-image,333,88,1
ui-or-game-image,336,336,1
ui-or-game-image,338,66,1
ui-or-game-image,34,34,1
ui-or-game-image,349,33,1
ui-or-game-image,355,106,1
ui-or-game-image,360,960,1
ui-or-game-image,362,364,1
ui-or-game-image,371,99,1
ui-or-game-image,375,39,1
ui-or-game-image,375,56,1
ui-or-game-image,378,328,1
ui-or-game-image,378,960,1
ui-or-game-image,38,36,1
ui-or-game-image,380,371,1
ui-or-game-image,39,40,1
ui-or-game-image,39,54,1
ui-or-game-image,390,292,1
ui-or-game-image,391,125,1
ui-or-game-image,393,393,1
ui-or-game-image,40,488,1
ui-or-game-image,402,402,1
ui-or-game-image,41,28,1
ui-or-game-image,41,41,1
ui-or-game-image,414,960,1
ui-or-game-image,416,69,1
ui-or-game-image,418,69,1
ui-or-game-image,42,39,1
ui-or-game-image,42,42,1
ui-or-game-image,420,66,1
ui-or-game-image,423,122,1
ui-or-game-image,425,965,1
ui-or-game-image,43,42,1
ui-or-game-image,43,481,1
ui-or-game-image,43,60,1
ui-or-game-image,432,78,1
ui-or-game-image,4472,4284,1
ui-or-game-image,45,45,1
ui-or-game-image,458,25,1
ui-or-game-image,46,39,1
ui-or-game-image,46,59,1
ui-or-game-image,468,88,1
ui-or-game-image,47,1,1
ui-or-game-image,47,44,1
ui-or-game-image,476,58,1
ui-or-game-image,477,34,1
ui-or-game-image,478,117,1
ui-or-game-image,485,91,1
ui-or-game-image,49,66,1
ui-or-game-image,494,184,1
ui-or-game-image,5,971,1
ui-or-game-image,502,119,1
ui-or-game-image,518,202,1
ui-or-game-image,519,165,1
ui-or-game-image,524,265,1
ui-or-game-image,53,43,1
ui-or-game-image,530,377,1
ui-or-game-image,532,38,1
ui-or-game-image,534,55,1
ui-or-game-image,539,103,1
ui-or-game-image,540,107,1
ui-or-game-image,548,173,1
ui-or-game-image,549,123,1
ui-or-game-image,556,32,1
ui-or-game-image,56,2,1
ui-or-game-image,560,123,1
ui-or-game-image,565,160,1
ui-or-game-image,57,57,1
ui-or-game-image,57,84,1
ui-or-game-image,574,640,1
ui-or-game-image,58,51,1
ui-or-game-image,58,90,1
ui-or-game-image,596,596,1
ui-or-game-image,6,1,1
ui-or-game-image,60,23,1
ui-or-game-image,600,57,1
ui-or-game-image,608,76,1
ui-or-game-image,609,250,1
ui-or-game-image,62,76,1
ui-or-game-image,622,718,1
ui-or-game-image,622,86,1
ui-or-game-image,627,143,1
ui-or-game-image,629,250,1
ui-or-game-image,63,489,1
ui-or-game-image,63,62,1
ui-or-game-image,633,127,1
ui-or-game-image,64,512,1
ui-or-game-image,64,62,1
ui-or-game-image,65,164,1
ui-or-game-image,65,65,1
ui-or-game-image,650,57,1
ui-or-game-image,66,66,1
ui-or-game-image,668,121,1
ui-or-game-image,67,1,1
ui-or-game-image,67,68,1
ui-or-game-image,67,93,1
ui-or-game-image,676,108,1
ui-or-game-image,680,46,1
ui-or-game-image,686,686,1
ui-or-game-image,69,66,1
ui-or-game-image,71,64,1
ui-or-game-image,727,99,1
ui-or-game-image,73,107,1
ui-or-game-image,73,23,1
ui-or-game-image,734,960,1
ui-or-game-image,740,959,1
ui-or-game-image,741,742,1
ui-or-game-image,746,142,1
ui-or-game-image,753,109,1
ui-or-game-image,754,138,1
ui-or-game-image,754,737,1
ui-or-game-image,76,28,1
ui-or-game-image,772,140,1
ui-or-game-image,776,431,1
ui-or-game-image,778,136,1
ui-or-game-image,78,739,1
ui-or-game-image,78,740,1
ui-or-game-image,783,89,1
ui-or-game-image,785,37,1
ui-or-game-image,79,79,1
ui-or-game-image,792,297,1
ui-or-game-image,794,794,1
ui-or-game-image,80,80,1
ui-or-game-image,81,743,1
ui-or-game-image,818,336,1
ui-or-game-image,82,82,1
ui-or-game-image,82,99,1
ui-or-game-image,822,93,1
ui-or-game-image,83,506,1
ui-or-game-image,832,687,1
ui-or-game-image,833,159,1
ui-or-game-image,838,149,1
ui-or-game-image,852,162,1
ui-or-game-image,855,855,1
ui-or-game-image,86,85,1
ui-or-game-image,865,614,1
ui-or-game-image,865,71,1
ui-or-game-image,880,960,1
ui-or-game-image,9,13,1
ui-or-game-image,9,14,1
ui-or-game-image,90,495,1
ui-or-game-image,92,92,1
ui-or-game-image,934,76,1
ui-or-game-image,94,31,1
ui-or-game-image,945,304,1
ui-or-game-image,946,161,1
ui-or-game-image,947,374,1
ui-or-game-image,947,965,1
ui-or-game-image,95,126,1
ui-or-game-image,95,36,1
ui-or-game-image,95,38,1
ui-or-game-image,953,72,1
ui-or-game-image,957,174,1
ui-or-game-image,961,258,1
ui-or-game-image,97,146,1
ui-or-game-image,981,231,1
ui-or-game-image,993,161,1
world-mode,1,419,1
world-mode,104,103,1
world-mode,1072,252,1
world-mode,1280,1280,1
world-mode,1569,921,1
world-mode,177,22,1
world-mode,1920,2297,1
world-mode,1920,500,1
world-mode,2000,1090,1
world-mode,2000,1097,1
world-mode,2000,1149,1
world-mode,2000,1154,1
world-mode,2022,3425,1
world-mode,2048,2048,1
world-mode,2074,3686,1
world-mode,2106,3744,1
world-mode,2342,302,1
world-mode,242,106,1
world-mode,242,108,1
world-mode,3072,3072,1
world-mode,44,13,1
world-mode,53,53,1
world-mode,543,544,1
world-mode,62,219,1
world-mode,650,167,1
world-mode,651,167,1
world-mode,700,167,1
world-mode,810,167,1
world-mode,98,84,1
