chapterOrder,chapterCode,banner,songOrder,songsId,songsKey,songsName,composer,category,unlockType,secretType,levels,difficulty,illustrator,charter
1,Single,Single,1,星拂云锦featkoi.S9ryne.0,星拂云锦 feat. koi,星拂云锦 feat. koi,S9ryne,extraSongs,1,0,EZ|HD|IN|AT,4.0|9.0|15.5|0.0,青鸟,华星秋月|帷畔托星|灵琶弄月|
1,Single,Single,2,DerSchneid.Ωμεγα.0,Der Schneid,Der Schneid,Ωμεγα,extraSongs,1,0,EZ|HD|IN|AT,7.0|12.0|16.1|17.5,群青kurara feat. 祈莲 & 夏宇Detristy,Der Mut und der Richter|Der Mut und der Richter|Der Mut und der Richter|Gegenmacht der Lords
1,Single,Single,3,夢の降る日に.seatrus.0,夢の降る日に,夢の降る日に,seatrus,extraSongs,1,0,EZ|HD|IN|AT,2.5|9.8|16.6|0.0,翠冷兮,初の赤る澪に|初の赤る澪に|浪の降る日に|
1,Single,Single,4,GungnirFracture.Kryexe.0,Gungnir Fracture,Gungnir Fracture,Kry.exe,extraSongs,1,0,EZ|HD|IN|AT,6.0|11.5|16.6|0.0,PEZZ,Salt|Akko|「Barbarianerman AKA. Alloces」Revive|
1,Single,Single,5,70MinutesFighters.かたぎり.0,70 Minutes Fighters,70 Minutes Fighters,かたぎり,extraSongs,1,0,EZ|HD|IN|AT,7.5|12.5|16.5|0.0,青鸟,ADKY|ADKY|XMT小咩兔 >w<|
1,Single,Single,6,Cleyera.Riya.0,Cleyera,Cleyera,Riya,extraSongs,1,0,EZ|HD|IN|AT,5.0|11.0|15.4|0.0,神居冰绘,--The Last of Barbarianerman--|Su2023fuR|Salt|
1,Single,Single,7,亂舞.NekockLK.0,亂★舞,亂★舞,Nekock·LK,extraSongs,1,0,EZ|HD|IN|AT,2.0|7.5|13.2|0.0,鲸弑,Magazet|Magazet|StR☆1|
1,Single,Single,8,SnowDance.悠叶いのり.0,Snow Dance,Snow Dance,悠叶いのり,extraSongs,1,0,EZ|HD|IN|AT,4.0|8.3|12.4|0.0,群青kurara,Akko|爬爬|The Waltz of Snow|
1,Single,Single,9,下一秒.BobHouSherlock卓智媛feat兰音Reine.0,下一秒,下一秒,Bob Hou & Sherlock卓智媛 feat. 兰音Reine,extraSongs,1,0,EZ|HD|IN|AT,4.0|8.5|13.6|0.0,虚拟九点,Magazet|Magazet|Salt|
1,Single,Single,10,AfterZABANIYAMUGEdit.Daily天利.0,After ZABANIYA (MUG Edit),After ZABANIYA (MUG Edit),Daily天利,extraSongs,1,0,EZ|HD|IN|AT,5.0|10.6|15.8|0.0,Nakaiankow feat. Daily天利,After CHARTER|After CHARTER|After CHARTERS|
1,Single,Single,11,Verruckt.Raimukun.0,Verrückt,Verrückt,Raimukun,extraSongs,1,0,EZ|HD|IN|AT,7.0|12.7|16.5|0.0,AiLANE,Magazet|Magazet|Salt|
1,Single,Single,12,Xenophobia.XinG.0,Xenophobia,Xenophobia,XinG,extraSongs,1,0,EZ|HD|IN|AT,6.5|12.6|14.9|0.0,Ots-15,Skuwo|Skuwo|Skuwo|
1,Single,Single,13,ABYSSMOTION192333.ariiolTSAR奏Sou.0,ABYSS MOTION 192.333,ABYSS MOTION 192.333,ariiol & 奏Sou,extraSongs,1,0,EZ|HD|IN|AT,4.0|9.7|14.7|0.0,kkmfd,ABYSS 543.320|ABYSS 543.320|MOTION 464.237|
1,Single,Single,14,彼方へ名もなき海辺より.打打だいず&月乃.0,彼方へ、名もなき海辺より,彼方へ、名もなき海辺より,打打だいず&月乃,extraSongs,1,0,EZ|HD|IN|AT,3.5|8.1|14.5|0.0,月乃,打打だいずファンクラブ会長 -- Likey！！！|打打だいずファンクラブ会長 -- Likey！！！|打打だいずファンクラブ会長 -- Likey！！！|
1,Single,Single,15,Locomotive.K.0,Locomotive,Locomotive,♠K,extraSongs,1,0,EZ|HD|IN|AT,4.0|9.7|13.5|0.0,Otaku_宅,Minibus|Motorcoach|Monorail|
1,Single,Single,16,最高傑作.PYKAMIA.0,最高傑作,最高傑作,PYKAMIA,extraSongs,1,0,EZ|HD|IN|AT,4.5|9.3|13.9|0.0,Nai Guozi,StR-1|StR-1|_鉄咩兔|
1,Single,Single,17,BANGINGSTRIKE.DewPleiades.0,BANGING STRIKE,BANGING STRIKE,Dew Pleiades,extraSongs,1,0,EZ|HD|IN|AT,5.0|10.2|15.9|16.8,Rutumn feat. 汉堡,adky|adky|Salt & Uvernight|魔王、大咩兔の兄 『大咩免』!!
1,Single,Single,18,000AinSophAur.Yumeji.0,000 -Ain Soph Aur-,000 -Ain Soph Aur-,Yumeji,extraSongs,1,0,EZ|HD|IN|AT,2.5|8.4|14.4|0.0,NerSAN,Magazet|Magazet|啊0哒0咔0哟 & Dilated|
1,Single,Single,19,SolaggyfeatUzumaki.ShrimpCatsはぁち後藤涼輔.0,So laggy! (feat. Uzumaki),So laggy! (feat. Uzumaki),ShrimpCats. (はぁち×後藤涼輔),extraSongs,1,0,EZ|HD|IN|AT,5.0|9.5|14.6|0.0,塩焼とまと,Salt|Salt|Salt|
1,Single,Single,20,RetributionCycleofRedemption.ArdolfvsDaily天利.0,Retribution ~ Cycle of Redemption ~ ,Retribution ~ Cycle of Redemption ~ ,Ardolf vs. Daily天利,extraSongs,1,0,EZ|HD|IN|AT,6.0|11.3|16.2|0.0,死と花の大祭司(ʌᴉoƨმᴉϝ);;,"StR-1 & 右果_Ary|StR-1 & 右果_Ary|Simon_Axis vs. Likey [Respect Ner as ""SP∆DE""]|"
1,Single,Single,21,雪降り雪が降っている.AiSSw夜輪ft結月ゆかり.0,雪降り ~雪が降っている~,雪降り ~雪が降っている~,AiSS w/ 夜輪 ft. 結月ゆかり,extraSongs,1,0,EZ|HD|IN|AT,1.5|7.5|12.0|14.0,Vios.NoFurry.git,Su1fuR|Su1fuR|XMT after BarbarNerSAN|小咩兔的多指课堂 vs. 上课睡大觉
1,Single,Single,22,Helios.NOABotaNya.0,Helios,Helios,NOA(Cortrix) & BotaNya,extraSongs,1,0,EZ|HD|IN|AT,5.5|9.1|14.2|0.0,Spectro,jeitie goes outside|jeitie touches grass|jeitie gets sent to the sun|
1,Single,Single,23,FrozenHeart.A39沙包P.0,Frozen Heart,Frozen Heart,A-39 / 沙包P,extraSongs,1,0,EZ|HD|IN|AT,5.0|10.6|14.6|0.0,山山奇,SantR|SantR|Likey & Gausbon|
1,Single,Single,24,Aliceinaxxxxxxxx.Nagiha.0,Alice in a xxxxxxxx,Alice in a xxxxxxxx,Nagiha,extraSongs,1,0,EZ|HD|IN|AT,5.0|9.5|15.8|0.0,神居冰绘 feat. 祈莲,XMT小咩兔|XMT小咩兔|□MT in a XXXXXXXX|
1,Single,Single,25,宇宙残骸少女CosmicDustyGirl.辻原一郎.0,宇宙残骸少女 (Cosmic Dusty Girl),宇宙残骸少女 (Cosmic Dusty Girl),辻原一郎,extraSongs,1,0,EZ|HD|IN|AT,6.0|10.2|13.7|0.0,TOTOTO ,不喜欢键的COC|不喜欢线的COC|～漂泊者～凹酱|
1,Single,Single,26,SwingSkipDrop.ミハイル.0,Swing Skip Drop,Swing Skip Drop,ミハイル,extraSongs,1,0,EZ|HD|IN|AT,4.5|9.1|15.5|0.0,ディン,Helabot|Helabot|Swing Salt ♪|
1,Single,Single,27,ニライカナイNiraicA_naiMix.roopfromSTR.0,ニライカナイ (NiraicA_nai Mix),ニライカナイ (NiraicA_nai Mix),roop from STR,extraSongs,1,0,EZ|HD|IN|AT,3.0|8.3|13.5|0.0,3z,Barbarianerman|Ctymax respect for STAR TRACK in 2008|Ctymax respect for STAR TRACK in 2008|
1,Single,Single,28,インマイマインド.レシオP.0,インマイマインド,インマイマインド,レシオP,extraSongs,1,0,EZ|HD|IN|AT,1.5|9.2|12.5|0.0,すずか爆弾,Salt|Salt|ネルサン (I make charts slowly)|
1,Single,Single,29,贝多芬祝福BeethovenBlessing.Nauts.0,贝多芬祝福 (Beethoven Blessing),贝多芬祝福 (Beethoven Blessing),Nauts,extraSongs,1,0,EZ|HD|IN|AT,4.5|10.3|15.0|0.0,RM Design Team (青鸟 modified),StupiGGy|Blessing beyond myself.|Salt feat. XMT小咩兔|
1,Single,Single,30,蝎虎天体Lacertid.CreamvsDaily天利.0,蝎虎天体 -Lacertid-,蝎虎天体 -Lacertid-,Cream vs. Daily天利,extraSongs,1,0,EZ|HD|IN|AT,4.5|10.8|15.5|0.0,白 & 小鹏xpeng,StR-1|StR-1|Ctymax vs. IUIsauce -村头烤鱼蘸凹酱-|
1,Single,Single,31,Shelter.MeatyRabbitNceS.0,Shelter,Shelter,MeatyRabbit & NceS,extraSongs,1,0,EZ|HD|IN|AT,3.5|8.8|13.2|0.0,诡异童话,Cluttler with ShelteR|Cluttler with ShelteR|人外侵略地球计划|
1,Single,Single,32,KirakiraNoelStory.RekuMochizuki.0,Kirakira Noel Story!!,Kirakira Noel Story!!,Reku Mochizuki,extraSongs,1,0,EZ|HD|IN|AT,4.0|10.2|14.2|0.0,ナナシ,村头村头 CTY Story!!|头鱼头鱼 MAX Story!!|N\erry Xmas 2024|
1,Single,Single,33,Devotion.Connexio.0,Devotion,Devotion,Connexio,extraSongs,1,0,EZ|HD|IN|AT,4.5|9.6|13.7|0.0,Shimoruchiko,StupiGGy|StupiGGy|Salt|
1,Single,Single,34,白と黒のバケモノ.テヅカ.0,白と黒のバケモノ,白と黒のバケモノ,テヅカ,extraSongs,1,0,EZ|HD|IN|AT,4.0|11.4|15.9|0.0,久世,白|monochrome ILLUSION|Simon_Axis|
1,Single,Single,35,CometFeat符白牙.CNHKSS.0,Comet,Comet,CNHKSS feat. 符白牙,extraSongs,1,0,EZ|HD|IN|AT,3.0|10.5|13.7|0.0,小黄鸡叽叽叽叽叽叽修复中,StaR-1|無彩色|Likey & Barbarianerman|
1,Single,Single,36,valorstarcross.LundyvsWyvren.0,valor/starcross,valor/starcross,Lundy vs. Wyvren,extraSongs,1,0,EZ|HD|IN|AT,6.5|12.7|15.8|0.0,AriaL & 57_dayo [edited by Stelli],vacant/stupiggy|vacant/stupiggy|vesper/straycat|
1,Single,Single,37,FixationsTowardtheStars.Foodbot.0,Fixations Toward the Stars,Fixations Toward the Stars,Foodbot,extraSongs,1,0,EZ|HD|IN|AT,3.5|10.9|14.5|0.0,AriaL [edited by Stelli],Salt|OPENING/Level R|Salt|
1,Single,Single,38,Letempsperdu.Daison.0,Le temps perdu,Le temps perdu,Daison,extraSongs,1,0,EZ|HD|IN|AT,4.0|9.0|12.3|0.0,子狼,Salt|Salt|Likey -For an old friend-|
1,Single,Single,39,Schadenfreude.ZxNX.0,Schadenfreude,Schadenfreude,ZxNX,extraSongs,1,0,EZ|HD|IN|AT,4.5|10.6|15.1|0.0,验光蒸鱼,StuRmwind|StuRmfeuer|''-1''|
1,Single,Single,40,Originally.SNKSMizku.0,Originally,Originally,SNKS & Mizku,extraSongs,1,0,EZ|HD|IN|AT,1.0|9.3|14.5|0.0,Keiby.comics,StR-1|StR-9|StrayCat|
1,Single,Single,41,Thrashforce.KAHvsE0ri4.0,Thrash force,Thrash force,KAH vs. E0ri4,extraSongs,1,0,EZ|HD|IN|AT,4.5|10.7|15.3|0.0,自動車 原付 vs. GAMEBAKA,thrAsh forSe|thrAsh forSe|Uvernight & Su1fuR|
1,Single,Single,42,Grimheart.Puru.0,Grimheart,Grimheart,Puru,extraSongs,1,0,EZ|HD|IN|AT,3.0|8.9|13.8|0.0,临时工 & 倪尔,SimonAxis|SimonAxis|WhiteCat.|
1,Single,Single,43,BoundedQuietude.FiniteLimitvsSiLiS.0,Bounded Quietude,Bounded Quietude,Finite Limit vs SiLiS,extraSongs,1,0,EZ|HD|IN|AT,7.0|7.5|16.2|0.0,Hiro vs Zeth,LonelyKnight|LonelyKnight|孤独な騎士 Against 魔王、大咩兔|
1,Single,Single,44,今天不是明天.PIKASONICfeat兰音Reine.0,今天不是明天,今天不是明天,PIKASONIC feat. 兰音Reine,extraSongs,1,0,EZ|HD|IN|AT,2.5|8.3|13.4|0.0,KiTA & 一击即溃,扫佛不是嫂夫|扫佛不是嫂夫|杂波不是杂啵，野从不是野丛|
1,Single,Single,45,Bloom.targ麻团qwq.0,Bloom,Bloom,targ & 麻团qwq,extraSongs,1,0,EZ|HD|IN|AT,3.5|11.2|14.9|0.0,注射,Salt & Barbarianerman|Salt & Barbarianerman|SPΔDE & 倪尔qwq|
1,Single,Single,46,ShineAfter.ADeanJocularACE.0,Shine After,Shine After,ADean & JocularACE,extraSongs,1,0,EZ|HD|IN|AT,4.0|9.7|14.6|0.0,海里狄七 feat. 存艺,Su1fuR|Su1fuR|Salt & Uvernight|
1,Single,Single,47,PRAGMATISMRESURRECTION.Laur.0,PRAGMATISM -RESURRECTION-,PRAGMATISM -RESURRECTION-,Laur,extraSongs,1,0,EZ|HD|IN|AT,7.5|12.9|16.0|16.6,シエラ (Design: 祈莲),完璧 [WARNING: DRAG OVERLOAD]|完璧 × 北星|-NerSAN & Su1fuR-|THE LAST 198
1,Single,Single,48,Antithese.Blacklolita.0,Antithese,Antithese,Blacklolita,extraSongs,1,0,EZ|HD|IN|AT,4.5|10.8|15.4|16.4,釜飯轟々丸 + jht (Design: 祈莲),SeveredEntity (BlindForest vs. rN) feat. Δ|Δ (M3d1uM vs. Salt)|StupiGGy -The Origin-|弧光
1,Single,Single,49,BRAINHACKER.SOMON.0,BRAIN HACKER,BRAIN HACKER,SOMON,extraSongs,1,0,EZ|HD|IN|AT,4.5|9.3|14.8|0.0,SOMON,BLACK CTYMAX|COLORFUL CTYMAX|COLORFUL BLACK GAUSBON|
1,Single,Single,50,BrokenSky.JungoMAX3feat刘佳宜Snow幻影刃shadow.0,Broken Sky,Broken Sky,Jungo & MAX 3 feat. 刘佳宜Snow & 幻影刃shadow,extraSongs,1,0,EZ|HD|IN|AT,3.0|8.6|13.3|0.0,午苔veeee~,Clutter|Clutter|Su1fuR|
1,Single,Single,51,CrushBETA.shadow_bling.0,Crush BETA,Crush BETA,shadow_bling,extraSongs,1,0,EZ|HD|IN|AT,4.0|10.5|15.1|0.0,笔记RE,Clutter BETA|Crush βETA|Timi今天吃神马|
1,Single,Single,52,GVNGlitterVomitusandNeon.SaltySaltUnfold33.0,"G.V.N. (Glitter,Vomitus and Neon)","G.V.N. (Glitter,Vomitus and Neon)",Salty Salt & Unfold33,extraSongs,1,0,EZ|HD|IN|AT,5.0|9.9|15.8|0.0,祈莲,B.B.M.|B.B.M.|A.S.H.|
1,Single,Single,53,聖夜讃歌.A39沙包P.0,聖夜讃歌,聖夜讃歌,A-39/沙包P,extraSongs,1,0,EZ|HD|IN|AT,4.5|10.1|15.2|0.0,绀屋,爽夜讃歌|爽夜讃歌|NerSANTA & Gausbell|
1,Single,Single,54,bye.DingerBox.0,bye,bye,DingerBox,extraSongs,1,0,EZ|HD|IN|AT,4.0|9.1|14.8|0.0,海产,Likey|Likey|Ner ~ See you next time ~|
1,Single,Single,55,Bitterblossom.imvi.0,Bitterblossom,Bitterblossom,imvi,extraSongs,1,0,EZ|HD|IN|AT,2.5|9.9|13.5|0.0,鲸弑,Su1fuR|Barbarianerman|百九十八|
1,Single,Single,56,DiamondEyes.SYNTHETIC.0,Diamond Eyes,Diamond Eyes,SYNTHETIC,extraSongs,1,0,EZ|HD|IN|AT,3.5|6.5|13.4|0.0,彗星 feat. 祈莲,Su1fuR|Su1fuR|Clutter|
1,Single,Single,57,TriumphRegret.typeMARS.0,Triumph & Regret,Triumph & Regret,typeMARS,extraSongs,1,0,EZ|HD|IN|AT,5.0|10.3|15.0|0.0,何呵,Barbarianerman & Regret|Barbarianerman & Regret|TimiTini & HaraKuma|
1,Single,Single,58,ぱぴぷぴぷぴぱ.ころねぽちWith立秋.0,ぱぴぷぴぷぴぱ,ぱぴぷぴぷぴぱ,ころねぽち With 立秋,extraSongs,1,0,EZ|HD|IN|AT,5.0|12.3|15.9|0.0,上倉エク,ParParianerman|ParParianerman|さるふるふるさ|
1,Single,Single,59,Realms.HinkikAHimitsu.0,Realms,Realms,Hinkik & A Himitsu,extraSongs,1,0,EZ|HD|IN|AT,3.5|10.2|13.8|0.0,圆规compasses,Barbarianerman|Barbarianerman|NerSAN|
1,Single,Single,60,RainyHeart.BelieverInYou阿卡姆巫师.0,Rainy Heart,Rainy Heart,BelieverInYou(阿卡姆巫师),extraSongs,1,0,EZ|HD|IN|AT,4.0|9.4|12.9|0.0,Sodhelium,Su1fuR|Barbarianerman|HaraKuma|
1,Single,Single,61,NowIsTheTimeDoIt.RoyMikelate.0,"Now Is The Time, Do It","Now Is The Time, Do It",Roy Mikelate,extraSongs,1,0,EZ|HD|IN|AT,4.5|11.2|14.3|0.0,青鸟,M3d1uM|M3d1uM|Pat Brick Man Mr.N feat. Ner of Time|
1,Single,Single,62,Bougainvillea.Jade.0,Bougainvillea,Bougainvillea,Jade,extraSongs,1,0,EZ|HD|IN|AT,4.0|8.3|13.2|0.0,TNiK,Barbarvillea|Barbarvillea|Barbarvillea|
1,Single,Single,63,Random.SobremSilentroom.0,Random,Random,Sobrem × Silentroom,extraSongs,1,0,EZ|HD|IN|AT,5.5|12.2|14.7|0.0,Harkiadel,Barbarianerman|IMD_6|_鉄|
1,Single,Single,64,PoisonANDORAffection.LeaF.0,Poison AND÷OR Affection,Poison AND÷OR Affection,LeaF,extraSongs,1,0,EZ|HD|IN|AT,3.5|9.9|15.7|0.0,笔记RE/海产,R/kko|&ikko|1÷98|
1,Single,Single,65,Upshift.Iriss-Frantzz.0,Upshift,Upshift,Iriss-Frantzz,extraSongs,1,0,EZ|HD|IN|AT,6.0|10.8|15.5|0.0,Iriss=Frantzz=s-don,Lumiere|CorruptedEntity & 野从|_鉄|
1,Single,Single,66,インフェルノシティ.Ponchifeatはぁち.0,インフェルノシティ,インフェルノシティ,Ponchi♪ feat. はぁち,extraSongs,1,0,EZ|HD|IN|AT,4.5|11.5|15.7|0.0,LESYEF & 藍瀬 まなみ,Su1fuR|Alloces feat. Uvernight|Alloces|
1,Single,Single,67,青丘.BLACK0.0,青丘,青丘,BLACK 0,extraSongs,1,0,EZ|HD|IN|AT,5.5|10.5|15.5|0.0,BLACK 0,Ctymax|Su1fuR|KillJoy|
1,Single,Single,68,Pontdessouvenirs.VeetaCrushvsitsufeatitsu.0,Pont des souvenirs,Pont des souvenirs,VeetaCrush vs. [itsu(feat.itsu)],extraSongs,1,0,EZ|HD|IN|AT,5.5|10.7|15.3|0.0,林语,JKy|JKy|晨|
1,Single,Single,69,BelieveLightfeat果丸哒呦.ScalerMestie果丸哒呦.0,Believe Light (feat. 果丸哒呦),Believe Light (feat. 果丸哒呦),Scaler & Mestie & 果丸哒呦,extraSongs,1,0,EZ|HD|IN|AT,2.5|8.9|14.6|0.0,圆规compasses,Believe Ctymax|Believe TimiTini|Believe Ctymax & TimiTini|
1,Single,Single,70,BreakOver.Kforest.0,Break Over,Break Over,K-forest,extraSongs,1,0,EZ|HD|IN|AT,5.0|11.5|14.1|14.9,圆规compasses,Barbarianerman|Barbarianerman|百九十八 vs. Barbarianerman|百九十八
1,Single,Single,71,ElCondorPasaPhigrosEdit.PlasticFruits.0,El Condor Pasa (Phigros Edit),El Condor Pasa (Phigros Edit),Plastic Fruits,extraSongs,1,0,EZ|HD|IN|AT,6.5|12.5|15.6|0.0,青鸟,TimiTini|TimiTini|XMT小咩兔|
1,Single,Single,72,RainySeason.AbyssIdols.0,Rainy Season,Rainy Season,Abyss Idols,extraSongs,1,0,EZ|HD|IN|AT,5.5|10.7|14.2|0.0,Robin,StupiGGy|StupiGGy|Raiky Season|
1,Single,Single,73,EternalSnow.AbyssIdols.0,Eternal Snow,Eternal Snow,Abyss Idols,extraSongs,1,0,EZ|HD|IN|AT,4.0|9.6|13.5|0.0,Sak,M3d1uM|M3d1uM|JKy|
1,Single,Single,74,BraveNotes.TurquoiseDRIVENota.0,Brave Notes,Brave Notes,Turquoise(DRIVE.+Nota),extraSongs,1,0,EZ|HD|IN|AT,5.5|11.4|14.6|0.0,林语,Brave Eaimo|Brave Eaimo|Brave Eaimo|
1,Single,Single,75,csqn.Aoi.0,c.s.q.n.,c.s.q.n.,Aoi,extraSongs,1,0,EZ|HD|IN|AT,5.0|12.2|15.9|0.0,Ctymax vs. TNiK feat. 出前,b.b.n.m.|h.o.m.e.e.e.|s.t.p.g.|
1,Single,Single,76,DataErr0r.Cosmograph.0,DataErr0r,DataErr0r,Cosmograph,extraSongs,1,0,EZ|HD|IN|AT,6.0|11.8|14.5|0.0,Photonskyto,[!!12:l<l<ο!!]|Rikko|TangScend -Err0rederci-|
1,Single,Single,77,OnAndOn.ETIAfeatJenga.0,On And On!!,On And On!!,ETIA. feat. Jenga,extraSongs,1,0,EZ|HD|IN|AT,5.0|9.6|15.2|0.0,わっふゑ,Rikko|Rikko|NerSAN feat. Takanashi Rikko|
1,Single,Single,78,月下缭乱.月見静華vsLUNARiUM.0,月下缭乱,月下缭乱,月見静華 vs. LUNARiUM,extraSongs,1,0,EZ|HD|IN|AT,4.5|9.4|14.9|0.0,TNiK,XMT小咩兔|XMT小咩兔|iv|
1,Single,Single,79,いざ参ります.Uskefeat棗いつき.0,いざ、参ります,いざ、参ります,U-ske feat. 棗いつき,extraSongs,1,0,EZ|HD|IN|AT,3.5|9.2|15.0|0.0,緑風マルト,Clutter & Barbarianerman|Clutter & Barbarianerman|小咩兔、参上|
1,Single,Single,80,opia.rN.0,opia,opia,rN,extraSongs,1,0,EZ|HD|IN|AT,5.5|10.6|15.6|0.0,rN @ 湯元画伯,BlindForest|BlindForest 『Observing』|Jeitie & CorruptedEntity 『Hollow』|
1,Single,Single,81,IMustSayNo.TangJuan.0,I Must Say No,I Must Say No,TangJuan,extraSongs,1,0,EZ|HD|IN|AT,1.5|9.2|13.5|0.0,cycats,Likey|JKy|Likey & 百九十八|
1,Single,Single,82,FULiAUTOBUSTER.MYUKKE.0,FULi AUTO BUSTER,FULi AUTO BUSTER,MYUKKE.,extraSongs,1,0,EZ|HD|IN|AT,3.5|9.7|14.6|0.0,cycats,M3d1uM & 百九十八|M3d1uM & 百九十八|百九十八 busting 阿爽|
1,Single,Single,83,Luminescent.Daison.0,Luminescent,Luminescent,Daison,extraSongs,1,0,EZ|HD|IN|AT,5.5|10.5|14.4|0.0,鲸弑,Uvernight|Uvernight|百九十八|
1,Single,Single,84,FutureMind.RayNauticaRekuMochizuki.0,Future Mind,Future Mind,Ray Nautica & Reku Mochizuki,extraSongs,1,0,EZ|HD|IN|AT,4.5|11.0|14.2|0.0,Keiby.comics,Barbarianerman|XMT小咩兔|Future BarbarXMT|
1,Single,Single,85,996.李化禹.0,996,996,李化禹,extraSongs,1,0,EZ|HD|IN|AT,4.0|9.4|14.7|0.0,笔记RE,RTH|Likey|Barbarianerman & NerSAN in the ICU|
1,Single,Single,86,AnotherRound.JustinDai.0,Another Round,Another Round,Justin Dai,extraSongs,1,0,EZ|HD|IN|AT,2.5|9.6|13.3|0.0,艾是Abby,"阿爽|Another Stage|TimiTini →""X""← 阿爽|"
1,Single,Single,87,Dreamland.z1onkyrrin.0,Dreamland,Dreamland,z1on & kyrrin,extraSongs,1,0,EZ|HD|IN|AT,7.0|10.3|13.6|0.0,海产,Bear|Bear|XMT & 198|
1,Single,Single,88,ジングルベルJingleBell.A39沙包P.0,ジングルベル(Jingle Bell),ジングルベル(Jingle Bell),A-39/沙包P,extraSongs,1,0,EZ|HD|IN|AT,4.5|8.5|14.5|0.0,爱39的Konya,merry CNrisTimas|merry XM AS|NerSANTA vs. BarbarianerSLEDGE|
1,Single,Single,89,Concvssion.Halv.0,Concvssion,Concvssion,Halv,extraSongs,1,0,EZ|HD|IN|AT,6.0|11.3|15.6|0.0,汉堡,J.R|晨|Phigros Charting Team|
1,Single,Single,90,parsey.siqlo.0,ρars/ey,ρars/ey,siqlo,extraSongs,1,0,EZ|HD|IN|AT,4.0|11.7|14.6|0.0,出前 x nekomiya,Rikko|Rikko & TangScend|TangScend|
1,Single,Single,91,Kerberos.Zris.0,Kerberos,Kerberos,Zris,extraSongs,1,0,EZ|HD|IN|AT,5.5|12.4|15.8|0.0,Eridani,Alloces|NerSAN|Snorkel vs. NerSAN|
1,Single,Single,92,Arkhei.SeraAmagi.0,-Arkhei-,-Arkhei-,Sera Amagi,extraSongs,1,0,EZ|HD|IN|AT,7.5|8.8|12.6|0.0,Hachimitsu☆Boy,-JKy-|-JKy-|-JKy-|
1,Single,Single,93,Nhelv.Silentroom.0,Nhelv,Nhelv,Silentroom,extraSongs,1,0,EZ|HD|IN|AT,1.5|12.0|15.6|0.0,駿,野从|StupiGGy|森德雷斯 vs. 百九十八|
1,Single,Single,94,energytrixxx.KAH.0,energy trixxx,energy trixxx,KAH,extraSongs,1,0,EZ|HD|IN|AT,5.0|10.4|15.4|0.0,手鞠鈴 & 自動車 原付,NerSAN|NerSANN|NerSANNN|
1,Single,Single,95,游园地.椒盐菠萝.0,游园地,游园地,椒盐菠萝,extraSongs,1,0,EZ|HD|IN|AT,2.5|7.5|13.0|0.0,CEM,野从菠萝|野从菠萝|椒盐倪尔|
1,Single,Single,96,Apocalyptic.ZClaxxSumaiLight.0,Apocalyptic,Apocalyptic,Z ClaxX & SumaiLight,extraSongs,1,0,EZ|HD|IN|AT,3.0|10.4|14.1|0.0,佑木いずみ & Ctymax,阿爽|NerSAN|NerSAN vs. 阿爽|
1,Single,Single,97,UnorthodoxThoughts.Joulez.0,Unorthodox Thoughts,Unorthodox Thoughts,Joulez,extraSongs,1,0,EZ|HD|IN|AT,5.5|12.0|13.9|0.0,ASXX,Barbarianerman|HaraKuma|Barbarianerman vs. HaraKuma|
1,Single,Single,98,WithYou.Cashew.0,With You,With You,Cashew,extraSongs,1,0,EZ|HD|IN|AT,3.5|9.1|13.5|0.0,ADZUKI,with U|with U|with U|
1,Single,Single,99,BetterGraphicAnimation.ルゼ.0,Better Graphic Animation,Better Graphic Animation,ルゼ,extraSongs,1,0,EZ|HD|IN|AT,6.0|11.1|15.3|0.0,A-Zero Project,NerSAN|NerSAN|縱連打の信者☆無極|
1,Single,Single,100,Eltaw.Fl00t.0,Eltaw,Eltaw,Fl00t,extraSongs,1,0,EZ|HD|IN|AT,7.0|10.6|14.8|0.0,xperz,JKy|JKy|BarbariaNERman vs. JKy|
1,Single,Single,101,大和撫子WildDances.adapatorvsDRIVE.0,大和撫子 -Wild Dances-,大和撫子 -Wild Dances-,adaptor vs DRIVE.,extraSongs,1,0,EZ|HD|IN|AT,5.5|11.8|15.1|0.0,りゅうら,Eaimo fixed by NerSAN|Eaimo fixed by NerSAN|Eaimo vs. CtyNer dancing wildly|
1,Single,Single,102,Wavetapper.Frums.0,Wavetapper,Wavetapper,Frums,extraSongs,1,0,EZ|HD|IN|AT,6.0|9.4|13.9|0.0,百九十八,Sillyp|Sillyp|百九十八 vs. Barbarianerman|
1,Single,Single,103,modulus.PTB10.0,modulus,modulus,PTB10,extraSongs,1,0,EZ|HD|IN|AT,4.5|10.4|14.9|0.0,geralt,Cty moyules|Cty moyules|Pat Brick Man Mr.C|
1,Single,Single,104,CervelleConnexion.SCTL.0,Cervelle Connexion,Cervelle Connexion,SCTL,extraSongs,1,0,EZ|HD|IN|AT,5.0|11.3|14.5|0.0,SCTL,Eastern Ailuropoda Gang|Eastern Ailuropoda Gang|Eastern Ailuropoda Gang|
1,Single,Single,105,雪降りメリクリ.A39.0,雪降り、メリクリ,雪降り、メリクリ,A-39,extraSongs,1,0,EZ|HD|IN|AT,4.5|10.8|15.4|0.0,犀牛坨动画工坊,Merry xmAS|Merry ChristymAxS|N\erry Xmas|
1,Single,Single,106,Trane.MALVA.0,Trane,Träne,MALVA.,extraSongs,1,0,EZ|HD|IN|AT,1.5|7.0|14.2|0.0,しえろ,Barbarianerman|Barbarianerman|Barbarianerman|
1,Single,Single,107,Aventyr.GrandThawRigelTheatre.0,Aventyr,Äventyr,Grand Thaw / Rigël Theatre,extraSongs,1,0,EZ|HD|IN|AT,3.5|9.9|13.7|0.0,Grand Thaw / Rigël Theatre,Barbarianerman|Snorkel|Barbarianerman vs. Snorkel|
1,Single,Single,108,HardcoreKwaya.EnFr.0,Hardcore Kwaya,Hardcore Kwaya,EnFr,extraSongs,1,0,EZ|HD|IN|AT,4.5|8.4|14.6|0.0,EnFr,One skunk (Ctymax) in Africa|Hardcore Barbaya|Two skunks (Ctymax and 晨) in Africa shouting WAHHHHHH!|
1,Single,Single,109,SIGMA.Kryexe.0,SIGMA,SIGMA,Kry.exe,extraSongs,1,0,EZ|HD|IN|AT,5.0|10.5|15.8|0.0,塔塔,Barbarianerman.exe|Bσrbσriσnermσn.exe|Bσrbσriσn∑rmσn.∑x∑|
1,Single,Single,110,Electron.ElousFZ.0,Electron,Electron,ElousΛ.-FZ,extraSongs,1,0,EZ|HD|IN|AT,3.5|9.4|13.2|0.0,DoublePian,百九十八|百九十八|百九十八|
1,Single,Single,111,Starduster.Quree.0,Starduster,Starduster,Quree,extraSongs,1,0,EZ|HD|IN|AT,5.5|11.4|15.2|0.0,IvyTowers,NerSAN|NerSAN|NerSAN|
1,Single,Single,112,ParallelRetrogressionGameVer.Tetrajectory.0,Parallel Retrogression(Game Ver.),Parallel Retrogression(Game Ver.),Tetrajectory,extraSongs,1,0,EZ|HD|IN|AT,7.0|10.9|14.2|0.0,青鸟,HaraKuma|HaraKuma|HaraKuma|
1,Single,Single,113,EndMe.ZxNXasDelaina.0,End Me,End Me,"ZxNX as ""Delaina""",extraSongs,1,0,EZ|HD|IN|AT,5.5|7.5|14.2|0.0,何呵,鲲|鲲|鲲 fixed by 百九十八|
1,Single,Single,114,Orthodox.tokiwa.0,Orthodox,Orthodox,tokiwa,extraSongs,1,0,EZ|HD|IN|AT,4.5|8.5|13.7|0.0,cycats,StR-1|StR-1|Uvernight fixed by StR-1|
1,Single,Single,115,TheMountainEater.PaulBazooka.0,The Mountain Eater,The Mountain Eater,Paul Bazooka,extraSongs,1,0,EZ|HD|IN|AT,5.5|9.6|14.8|0.0,START SEED,百九十八|百九十八|百九十八|
1,Single,Single,116,Palescreen.WyvernPfeatMadol.0,Palescreen,Palescreen,WyvernP feat. Madol,extraSongs,1,0,EZ|HD|IN|AT,5.5|12.3|15.9|0.0,GAMEBAKA,Jeitie|Jeitie|Jeitie|
1,Single,Single,117,GetBack.CAP3.0,Get Back,Get Back,CAP3,extraSongs,1,0,EZ|HD|IN|AT,6.5|10.7|14.1|0.0,TNiK,JKy|JKy|JKy|
1,Single,Single,118,MagentaPotion.EmoCo.0,Magenta Potion,Magenta Potion,EmoCo.,extraSongs,1,0,EZ|HD|IN|AT,6.5|11.3|14.4|0.0,NOISER,Ctymax vs. 晨|Ctymax vs. 晨|Ctymax vs. 晨|
1,Single,Single,119,SpeedUp.DarTokki.0,Speed Up!,Speed Up!,DarTokki,extraSongs,1,0,EZ|HD|IN|AT,4.5|10.3|14.0|0.0,TNiK,Ctymax vs. 百九十八|Ctymax vs. 百九十八|Ctymax vs. 百九十八|
1,Single,Single,120,DeadSoul.SoundSouler.0,Dead Soul,Dead Soul,Sound Souler,extraSongs,1,0,EZ|HD|IN|AT,4.5|12.3|14.4|0.0,Photonskyto,Phigros Charting Team|Phigros Charting Team|Phigros Charting Team|
1,Single,Single,121,RubbishSorting.CtymaxvsNceS.0,Rubbish Sorting,Rubbish Sorting,Ctymax vs. NceS,extraSongs,1,0,EZ|HD|IN|AT,3.5|9.4|13.1|0.0,knife美工刀,阿爽 vs. Ctymax -Haose 垃圾-|阿爽 vs. Ctymax -Haose 垃圾-|阿爽 vs. Ctymax -Haose 垃圾-|
1,Single,Single,122,NextTime.SaMZIng.0,Next Time,Next Time,SaMZIng,extraSongs,1,0,EZ|HD|IN|AT,6.0|8.7|12.4|0.0,叶藤,Gausbon ~ See you next time ~ |Gausbon ~ See you next time ~ |Gausbon ~ See you next time ~ |
1,Single,Single,123,Aleph0.LeaF.0,Aleph-0,Aleph-0,LeaF,extraSongs,1,0,EZ|HD|IN|AT|Legacy,3.5|12.2|16.0|0.0|15.6,Optie,Clutter|Clutter|Clutter||阿爽 VS Arenn Saki
1,Single,Single,124,Burn.NceS.0,Burn,Burn,NceS,extraSongs,1,0,EZ|HD|IN|AT,7.0|11.2|15.2|0.0,knife美工刀,Ctymatch Girl|Burn Full Catcats|Burn Full Catcats vs. Ctymatch Girl|
1,Single,Single,125,SnowDesert.WyvernP.0,Snow Desert,Snow Desert,WyvernP,extraSongs,1,0,EZ|HD|IN|AT,5.0|10.3|13.4|0.0,knife美工刀,VikingNexus|VikingNexus|VikingNexus|
1,Single,Single,126,KhronostasisKatharsis.Halv.0,Khronostasis Katharsis,Khronostasis Katharsis,Halv,extraSongs,1,0,EZ|HD|IN|AT,6.0|11.8|14.0|0.0,utosao,XMT小咩兔 & Myna|XMT小咩兔 & Myna|StupiGGy fixed by 百九十八|
1,Single,Single,127,SparkleNewLife.rider.0,Sparkle New Life,Sparkle New Life,rider,extraSongs,1,0,EZ|HD|IN|AT,4.0|9.2|12.8|0.0,1B,Sparkle Ctymax|Sparkle Ctymax|Sparkle Ctymax fixed by 百九十八|
1,Single,Single,128,狂喜蘭舞.LeaF.0,狂喜蘭舞,狂喜蘭舞,LeaF,extraSongs,1,0,EZ|HD|IN|AT,7.0|11.7|14.3|16.4,DoublePian,Catcats a.k.a. 無極 vs. H.C.C. fixed by 晨|Catcats a.k.a. 無極 vs. H.C.C. fixed by Pcat|晨|Catcats a.k.a. 無極 vs. H.C.C. fixed by 野从&晨
1,Single,Single,129,Sein.朔Apo11oprogramvsお月さま交響曲ftkuroa荒巻.0,Sein,Sein,朔(Apo11o program vs. お月さま交響曲) ft. kuroa*×荒巻,extraSongs,1,0,EZ|HD|IN|AT,5.0|10.1|15.1|0.0,hideo,A.S.H|A.S.H|A.S.H&晨|
1,Single,Single,130,FindMe.Kforest.0,Find_Me,Find_Me,K-forest,extraSongs,1,0,EZ|HD|IN|AT,5.5|10.5|14.3|0.0,YuKiMuMa,Find_Ctymax|Find_Ctymax|Find_Ctymax fixed by 百九十八|
1,Single,Single,131,華灯爱.闫东炜.0,華灯爱,華灯爱,闫东炜,extraSongs,1,0,EZ|HD|IN|AT,6.0|10.6|13.7|0.0,IvyTowers,HaraKuma|HaraKuma|Barbarianerman|
1,Single,Single,132,开心病.闫东炜.0,开心病,开心病,闫东炜,extraSongs,1,0,EZ|HD|IN|AT,7.0|11.9|13.8|0.0,昔璃,HaraKuma|HaraKuma|Barbarianerman feat. 晨|
1,Single,Single,133,Aphasia.闫东炜.0,Aphasia,Aphasia,闫东炜,extraSongs,1,0,EZ|HD|IN|AT,4.0|8.8|13.3|0.0,笔记RE,百九十八|百九十八|百九十八|
1,Single,Single,134,RIPPER.Friedwav.0,RIPPER,RIPPER,Friedwav,extraSongs,1,0,EZ|HD|IN|AT,6.5|11.7|15.4|0.0,何呵,撕裂者『無極』 fixed by 晨|撕裂者『無極』 fixed by 晨|撕裂者『Alloces vs. Shin』|
1,Single,Single,135,DropIt.Asuka.0,Drop It,Drop It,Asuka,extraSongs,1,0,EZ|HD|IN|AT,4.0|9.2|14.2|0.0,TNiK,Drop Catcats|Drop Catcats|NerSAN & 百九十八|
1,Single,Single,136,云女孩.符白牙SiYFics.0,云女孩,云女孩,符白牙/SiYFics,extraSongs,1,0,EZ|HD|IN|AT,2.0|8.9|12.8|0.0,御坂果子,Cloud Catcats|Cloud Catcats|云正太|
1,Single,Single,137,Dash.小红Akane李祥辉.0,Dash,Dash,小红Akane，李祥晖,extraSongs,1,0,EZ|HD|IN|AT,2.5|5.5|9.7|0.0,艾是Abby,阿爽 fixed by Barbarianerman|阿爽 fixed by Barbarianerman|JKy|
1,Single,Single,138,dBdoll.YUESTEVENuen.0,dB doll,dB doll,YUE.STEVEN/uen,extraSongs,1,0,EZ|HD|IN|AT,1.5|3.5|8.3|13.4,何呵,阿爽 fixed by Barbarianerman|阿爽 fixed by Barbarianerman|阿爽|NerSAN & 百九十八
1,Single,Single,139,风屿.闫东炜.0,风屿,风屿,闫东炜,extraSongs,1,0,EZ|HD|IN|AT,5.5|9.8|14.0|15.1,cycats,Arenn Saki vs. Catcats vs. 百九十八|Arenn Saki vs. Catcats vs. 百九十八|Arenn Saki vs. Catcats vs. 百九十八|JKy
1,Single,Single,140,万吨匿名信.闫东炜.0,万吨匿名信,万吨匿名信,闫东炜,extraSongs,1,0,EZ|HD|IN|AT,4.5|9.5|13.0|0.0,IvyTowers,猫の信 & 百九十八|猫の信 & 百九十八|猫の信 & 百九十八|
1,Single,Single,141,萤火虫の怨.闫东炜.0,萤火虫の怨,萤火虫の怨,闫东炜,extraSongs,1,0,EZ|HD|IN|AT,4.0|9.8|13.1|0.0,L-sp4,阿爽 & 百九十八|阿爽 & 百九十八|阿爽 & 百九十八|
1,Single,Single,142,MARENOL.LeaF.0,MARENOL,MARENOL,LeaF,extraSongs,1,0,EZ|HD|IN|AT,2.0|10.3|13.9|0.0,喵n葵,H.C.C. fixed by Barbarinerman|H.C.C. fixed by Barbarinerman|百九十八|
1,Single,Single,143,もぺもぺ.LeaF.0,もぺもぺ,もぺもぺ,LeaF,extraSongs,1,0,EZ|HD|IN|AT,2.0|6.5|11.1|15.4,cycat,阿爽 fixed by Barbarinerman|阿爽 fixed by Barbarinerman|阿爽|阿爽
1,Single,Single,144,Doppelganger.LeaF.0,Doppelganger,Doppelganger,LeaF,extraSongs,1,0,EZ|HD|IN|AT,5.0|9.0|15.1|0.0,海产,Lumiere|Lumiere|Gausbon|
2,MainStoryLegacy,Legacy,1,Glaciaxion.SunsetRay.0,Glaciaxion,Glaciaxion,SunsetRay,mainSongs,-1,0,EZ|HD|IN|AT,1.0|6.5|12.6|0.0,艾若拉,Barbarianerman|阿爽 fixed by Clutter|Barbarianerman vs. NerSAN|
2,MainStoryLegacy,Legacy,2,EradicationCatastrophe.NceS.0,Eradication Catastrophe,Eradication Catastrophe,NceS,mainSongs,-1,0,EZ|HD|IN|AT,3.5|7.5|12.7|0.0,海产,Barbarianerman|Barbarianerman fixed by Clutter|Barbarianerman|
2,MainStoryLegacy,Legacy,3,Credits.Frums.0,Credits,Credits,Frums,mainSongs,-1,0,EZ|HD|IN|AT,4.5|10.4|13.6|15.8,Ctymax,Ctymax|Ctymax|Ctymax|_鉄 (Isotope 59)
2,MainStoryLegacy,Legacy,4,Dlyrotz.Likey.0,Dlyrotz,Dlyrotz,Likey,mainSongs,-1,0,EZ|HD|IN|AT,4.0|9.1|13.7|0.0,DoublePian,Su1fuR|Su1fuR|XMT小咩兔 vs. Barbarianerman|
2,MainStoryLegacy,Legacy,5,EnginexStartmelodymix.CrossingSound.0,Engine x Start!! (melody mix),Engine x Start!! (melody mix),CrossingSound,mainSongs,-1,0,EZ|HD|IN|AT,2.5|8.3|13.2|0.0,赤芽,Clutter|Clutter|阿爽|
2,MainStoryLegacy,Legacy,6,光.姜米條.0,光,光,姜米條,mainSongs,-1,0,EZ|HD|IN|AT,2.0|7.5|12.4|0.0,winder,Catcats & 百九十八 fixed by Clutter|Catcats & 百九十八 fixed by Clutter|Catcats & 百九十八|
2,MainStoryLegacy,Legacy,7,Wintercube.CtymaxfeatNceS.0,Winter ↑cube↓,Winter ↑cube↓,Ctymax feat. NceS,mainSongs,-1,0,EZ|HD|IN|AT,3.5|8.2|13.3|0.0,翠冷兮,Ctymax after 7 years|Salt|百九十八|
2,MainStoryLegacy,Legacy,8,混乱Confusion.OnlyMyBlackScore.0,混乱-Confusion,混乱-Confusion,Only My Black Score,mainSongs,-1,0,EZ|HD|IN|AT,4.0|10.0|14.8|0.0,L-sp4,StR-1|StR-1|XMT小咩兔|
2,MainStoryLegacy,Legacy,9,Cipher20.TetrajectoryfeatCtymax.0,Cipher : /2&//<|0,Cipher : /2&//<|0,Tetrajectory feat. Ctymax,mainSongs,-1,0,EZ|HD|IN|AT,5.0|10.3|14.4|0.0,IvyTowers,M3d1uM|M3d1uM|Barbarianerman feat. Gausbon|
2,MainStoryLegacy,Legacy,10,FULiAUTOSHOOTER.MYUKKE.0,FULi AUTO SHOOTER,FULi AUTO SHOOTER,MYUKKE.,mainSongs,-1,0,EZ|HD|IN|AT,3.0|9.0|14.9|0.0,ViscerA & Psycholine,Knight|Knight|AUTO. SHOOTER. fixed by Ctymax|
2,MainStoryLegacy,Legacy,11,HumaN.SOTUI.0,HumaN,HumaN,SOTUI,mainSongs,-1,0,EZ|HD|IN|AT,3.0|8.0|12.9|0.0,CH,Clutter|Clutter|CN_115+TangScend|
2,MainStoryLegacy,Legacy,12,PRAW.Bluewind.0,[PRAW],[PRAW],Bluewind,mainSongs,-1,0,EZ|HD|IN|AT,6.0|10.6|15.1|0.0,老张,Likey|Likey|晨 vs. 阿爽|
2,MainStoryLegacy,Legacy,13,Cereris.SunsetRayNceS.0,Cereris,Cereris,SunsetRay/NceS,mainSongs,-1,0,EZ|HD|IN|AT,5.5|10.9|14.7|0.0,IvyTowers,Su1fuR|Su1fuR|StupiGGy|
2,MainStoryLegacy,Legacy,14,PixelRebelz.Normal1zer.0,Pixel Rebelz,Pixel Rebelz,Normal1zer,mainSongs,-1,0,EZ|HD|IN|AT,4.5|9.7|15.3|0.0,艾是Abby,Knight|Knight|NerSAN|
2,MainStoryLegacy,Legacy,15,NonMelodicRagezMUGEdit.Normal1zer.0,Non-Melodic Ragez (MUG Edit),Non-Melodic Ragez (MUG Edit),Normal1zer,mainSongs,-1,0,EZ|HD|IN|AT,5.5|11.6|16.1|0.0,cycats,Clutter|Clutter|分化者 fixed by Barbarianerman|
2,MainStoryLegacy,Legacy,16,SultanRage.MonstDeath.0,Sultan Rage,Sultan Rage,MonstDeath,mainSongs,-1,0,EZ|HD|IN|AT,4.0|7.0|12.2|0.0,笔记RE,百九十八|百九十八|百九十八|
2,MainStoryLegacy,Legacy,17,ClassMemories.AntistarfeatCtymax.0,Class Memories,Class Memories,Antistar feat. Ctymax,mainSongs,-1,0,EZ|HD|IN|AT,6.0|10.8|13.8|0.0,xperz,M3d1uM|M3d1uM|JKy|
2,MainStoryLegacy,Legacy,18,SURREALISM.Itsuki.0,-SURREALISM-,-SURREALISM-,Itsuki,mainSongs,-1,0,EZ|HD|IN|AT,5.0|9.4|13.4|0.0,喵n葵,Su1fuR|Su1fuR|-StupiGGy- fixed by 晨|
2,MainStoryLegacy,Legacy,19,BonusTime.MegaloPaleWhite.0,Bonus Time,Bonus Time,Megalo_PaleWhite,mainSongs,-1,0,EZ|HD|IN|AT,3.5|9.3|13.8|0.0,笔记RE,Clutter|Clutter|Uvernight fixed by 百九十八|
2,MainStoryLegacy,Legacy,20,ENERGYSYNERGYMATRIX.Tanchiky.0,Energy Synergy Matrix,ENERGY SYNERGY MATRIX,Tanchiky,mainSongs,-1,0,EZ|HD|IN|AT|Legacy,5.5|11.5|14.4|0.0|14.0,Karameru,Su1fuR|Su1fuR|Ctymax vs. 阿爽  fixed by B B M pow||Ctymax vs 阿爽
3,MainStory5,Chapter 5,1,NYA.FLuoRiTe姜米條.0,NYA!!!,NYA!!! (Phigros ver.),FLuoRiTe/姜米條,mainSongs,0,0,EZ|HD|IN|AT,2.0|8.6|13.1|0.0,NEKO&海产,HCC!!!|HCC!!!|HCC!!!|
3,MainStory5,Chapter 5,2,JunXionBetweenLifeAndDeathVIPMix.1N6Fs.0,JunXion Between Life And Death(VIP Mix),JunXion Between Life And Death(VIP Mix),1N6Fs,mainSongs,0,0,EZ|HD|IN|AT,3.0|8.7|13.4|0.0,IvyTowers,鲲&百九十八|鲲&百九十八|鲲&百九十八|
3,MainStory5,Chapter 5,3,cryout.JuE.0,cryout,cryout,Ju_E,mainSongs,0,0,EZ|HD|IN|AT,3.5|9.9|13.6|0.0,Haight,Ctymax|Ctymax|Ctymax but 5 years later|
3,MainStory5,Chapter 5,4,Reimei.影虎.0,Reimei,Reimei,影虎。,mainSongs,0,0,EZ|HD|IN|AT,6.5|11.7|15.1|0.0,英英英,百九十八|百九十八|百九十八|
3,MainStory5,Chapter 5,5,尊師TheGuru.rider.0,尊師 ～The Guru～,尊師 ～The Guru～,rider,mainSongs,0,0,EZ|HD|IN|AT,6.0|11.6|15.4|0.0,1B,M3d1uM|M3d1uM|奥術 ~The Empery~|
3,MainStory5,Chapter 5,6,Spasmodic.姜米條颶風元力上人.0,Spasmodic,Spasmodic,姜米條☆颶風 ~ ♫元力上人♫,mainSongs,4,0,EZ|HD|IN|AT,8.2|12.9|15.5|16.7,昔璃☆暴雨 ~ ♫危難聖帝♫,無極☆雷鳴 ~ ♫死の序曲♫|無極☆雷鳴 ~ ♫死の序曲♫|無極☆雷鳴 ~ ♫死の序曲♫|無極☆雷鳴 ~ ♫死の序曲♫
3,MainStory5,Chapter 5,7,LeaveAllBehind.rider.0,Leave All Behind,Leave All Behind,rider,mainSongs,0,1,EZ|HD|IN|AT,3.0|8.9|12.7|0.0,笔记RE,亚树见希子 & 百九十八|亚树见希子 & 百九十八|亚树见希子 & 百九十八|
4,MainStory6,Chapter 6,1,ColorfulDays.P4koofeatつゆり花鈴.0,Colorful Days♪,Colorful Days♪,P4koo feat. つゆり花鈴,mainSongs,0,0,EZ|HD|IN|AT,5.0|7.0|12.6|0.0,Doro-nyong & Ratif,阿♪爽|阿♪爽|阿♪爽|
4,MainStory6,Chapter 6,2,microwav.dandeless.0,micro.wav,micro.wav,dandeless,mainSongs,0,0,EZ|HD|IN|AT,6.0|10.5|14.7|0.0,snake.ribs,百九十八|百九十八|百九十八|
4,MainStory6,Chapter 6,3,重生.姜米條.0,重生,重生,姜米條,mainSongs,0,0,EZ|HD|IN|AT,4.5|8.8|14.3|0.0,昔璃&TNiK,Barbarianerman|Barbarianerman|Barbarianerman|
4,MainStory6,Chapter 6,4,NOONEYESMAN.MYUKKE.0,NO ONE YES MAN,NO ONE YES MAN,MYUKKE.,mainSongs,0,0,EZ|HD|IN|AT,7.0|10.9|15.5|0.0,青鸟,Ctymax|晨|晨 vs. Ctymax|
4,MainStory6,Chapter 6,5,望影の方舟Six.SeURa.0,望影の方舟Six,望影の方舟Six,Se-U-Ra,mainSongs,0,0,EZ|HD|IN|AT,6.5|11.9|15.9|0.0,鲸弑,"六回目Traveler Scend|六回目Traveler Scend|六回目Traveler Scend as ""Knight of Arq""|"
4,MainStory6,Chapter 6,6,Igallta.SeURa.0,Igallta,Igallta,Se-U-Ra,mainSongs,4,1,EZ|HD|IN|AT,7.5|12.2|16.1|17.4,Se-U-Ra,信仰の剣『生』|平川の剣『士』|夜明の剣『靈』|断罪の剣『神』
5,MainStory7,Chapter 7,1,ClockParadox.WyvernP.0,Clock Paradox,Clock Paradox,WyvernP,mainSongs,0,0,EZ|HD|IN|AT,2.0|6.0|12.5|0.0,汉堡,Barbarianerman vs. Alloces|Barbarianerman vs. Alloces|Barbarianerman vs. Alloces|
5,MainStory7,Chapter 7,2,Chronologika.Hundotte.0,Chronologika,Chronologika,Hundotte,mainSongs,0,0,EZ|HD|IN|AT,3.5|9.8|13.9|0.0,幽灵星,TimiTini|XMT小咩兔|Ctymax vs. Barbarianerman|
5,MainStory7,Chapter 7,3,NickofTime.P4koo.0,Nick of Time,Nick of Time,P4koo,mainSongs,0,0,EZ|HD|IN|AT,6.0|9.3|14.7|0.0,青鸟,晨 vs. XMT小咩兔|晨 vs. XMT小咩兔|NerSAN|
5,MainStory7,Chapter 7,4,Chronomia.Lime.0,Chronomia,Chronomia,Lime,mainSongs,0,0,EZ|HD|IN|AT,4.5|11.1|15.4|0.0,inukoro,Pcat|Rikko|時の希 & 百九十八|
5,MainStory7,Chapter 7,5,ChronosCollapseLaCampanella.SunsetRay.0,Chronos Collapse - La Campanella,Chronos Collapse - La Campanella,SunsetRay,mainSongs,0,0,EZ|HD|IN|AT,4.5|12.5|16.3|0.0,老张,Pcat『Scatter』|阿爽『Destroy』|NerSAN vs. 阿爽 『Collapse』|
5,MainStory7,Chapter 7,6,Rrharil.TeamGrimoire.0,Rrhar'il,Rrhar'il,Team Grimoire,mainSongs,4,1,EZ|HD|IN|AT,7.0|12.7|16.1|17.6,犀牛坨动画工坊,RDRT -p 19:08:31|RDRT -p 20:02:21|RDRT -p 20:08:31|RWND -p 16493:62786:92551
6,MainStory8,Chapter 8,1,CraveWave.LandRoot.0,Crave Wave,Crave Wave,LandRoot,mainSongs,2,0,EZ|HD|IN|AT,2.5|8.0|13.7|0.0,笔记RE,Likey|Likey|Likey feat. 198|
6,MainStory8,Chapter 8,2,TheChariotREVIIVAL.Attoclef.0,The Chariot ~REVIIVAL~,The Chariot ~REVIIVAL~,Attoclef,mainSongs,2,0,EZ|HD|IN|AT,5.0|9.0|14.0|0.0,翠冷兮,M3d1uM|Alloces|Ctymax drives in BlindForest|
6,MainStory8,Chapter 8,3,Luminescence.米虾Fomiki初云CLoudie.0,Luminescence,Luminescence,米虾Fomiki & 初云CLoudie,mainSongs,2,0,EZ|HD|IN|AT,5.5|11.0|14.5|0.0,子狼,XMT小咩兔|XMT小咩兔|Pcat & 百九十八|
6,MainStory8,Chapter 8,4,Retribution.nmyKryexe.0,Retribution,Retribution,nm-y & Kry.exe,mainSongs,2,0,EZ|HD|IN|AT,6.0|11.6|16.2|0.0,NerSAN,"NerSAN|NerSAN|Ner as ""SPΔDE""|"
6,MainStory8,Chapter 8,5,DESTRUCTION321.Normal1zervsBrokenNerdz.0,"DESTRUCTION 3,2,1","DESTRUCTION 3,2,1",Normal1zer vs. Broken Nerdz,mainSongs,2,0,EZ|HD|IN|AT,8.5|13.1|16.3|17.3,rN,"{Demolition,Devastation,Destruction}|{Devastation,Destruction}|{Destruction}|∅"
6,MainStory8,Chapter 8,6,DistortedFate.Sakuzyo.0,Distorted Fate,Distorted Fate,Sakuzyo,mainSongs,2,0,EZ|HD|IN|AT,8.1|13.5|16.3|17.4,knife美工刀,De Fiance|Doubt Ful|Divination Fortune|unDefined Future
7,SideStory1,Side story 1,1,Poseidon.1112vsStar.0,Ποσειδών,Ποσειδών,1112 vs. Star＊,sideStorySongs,0,0,EZ|HD|IN|AT,6.0|8.8|12.8|16.2,老张,Jαckψ a.k.a JKy|Jαckψ|Jαckψ feat. Βαρβαροςαντρας|上班摸大鱼 a.k.a. 海洋咩兔
7,SideStory1,Side story 1,2,WATER.A39沙包P.0,WATER,WATER,A-39/沙包P,sideStorySongs,0,0,EZ|HD|IN|AT,4.5|9.5|13.6|0.0,knife美工刀,急流に巻き込まれ|対流に巻き込まれ|乱流に巻き込まれ|
7,SideStory1,Side story 1,3,MiracleForestVIPMix.Rinthlive.0,Miracle Forest (VIP Mix),Miracle Forest (VIP Mix),Rinth_live,sideStorySongs,0,0,EZ|HD|IN|AT,3.0|7.5|13.1|0.0,L-sp4,奇跡の希|奇跡の希|奇跡の希 feat. 奇跡の従|
7,SideStory1,Side story 1,4,MOBILYS.Dachs.0,MOBILYS,MOBILYS,Dachs,sideStorySongs,0,0,EZ|HD|IN|AT,5.5|9.3|14.3|0.0,わっふゑ,百九十八|百九十八|StupiGGy vs. 百九十八 ft. 野从|
7,SideStory1,Side story 1,5,Lyrith迷宮リリス.ユメミド.0,Lyrith -迷宮リリス-,Lyrith -迷宮リリス-,ユメミド,sideStorySongs,0,0,EZ|HD|IN|AT|Legacy,5.0|11.1|16.1|16.5|15.9,何呵,"Arenn Saki as ""mAze""|Arenn Saki as ""myStery""|XMT as ""eX-MentalisT""|CN_115 as ""prediCameNt""|Arenn Saki as ""lAβyrinS"""
8,SideStory2,Side story 2,1,Demiurge.Rabpit.0,Demiurge,Demiurge,Rabpit,sideStorySongs,0,0,EZ|HD|IN|AT,1.5|7.5|11.8|0.0,青鸟,"""Manufacturer"" ~ Rikko|""Creator"" ~ StupiGGy|""Demiurge"" ~ Dawn|"
8,SideStory2,Side story 2,2,Demonkin.ForgedReigns.0,Demonkin,Demonkin,Forged Reigns,sideStorySongs,0,0,EZ|HD|IN|AT,4.5|9.2|13.8|0.0,Jeffery,Alloces|Alloces|Sillyp & Alloces|
8,SideStory2,Side story 2,3,Re_NascencePsystyleVer.Rinth_live.0,Re_Nascence (Psystyle Ver.) ,Re_Nascence (Psystyle Ver.) ,Rinth_live,sideStorySongs,0,0,EZ|HD|IN|AT,5.5|11.7|14.4|0.0,Tsuioku,NerSAN|NerSAN|NerSAN & 百九十八|
8,SideStory2,Side story 2,4,Ark.kanoryo.0,Ark,Ark,kanoryo,sideStorySongs,0,0,EZ|HD|IN|AT,3.5|9.5|15.0|16.4,MOAI WORKS,TimiTini|TimiTini|阿爽 eat Ctymax|StupiGGy
8,SideStory2,Side story 2,5,AfterDawn.S9ryne.0,After Dawn,After Dawn,S9ryne,sideStorySongs,0,0,EZ|HD|IN|AT,3.0|10.4|15.3|0.0,月亮酱,Barbarianerman|NerSAN feat. Pcat|BarbariaNerSAN feat. Snorkel|
8,SideStory2,Side story 2,6,INFiNiTEENERZYOverdoze.RekuMochizuki.0,INFiNiTE ENERZY -Overdoze-,INFiNiTE ENERZY -Overdoze-,Reku Mochizuki,sideStorySongs,0,0,EZ|HD|IN|AT,6.5|12.3|14.8|16.9,knife美工刀,while(TangScend<=TangScend);|while(TangScend>=TangScend);|while(TangScend==TangScend);|while(TangScend=TangScend);
9,SideStory3,Side story 3,1,Khalid.Dolphin.0,Khalid,Khalid,Dolphin,sideStorySongs,0,0,EZ|HD|IN|AT,4.0|8.2|13.0|0.0,HAZUQU,Barbarialid|Barbarialid|Ner＜Jazz for your soul .)|
9,SideStory3,Side story 3,2,QuantumHyperspace.D_AAN.0,Quantum Hyperspace,Quantum Hyperspace,D_AAN,sideStorySongs,0,0,EZ|HD|IN|AT,6.0|11.2|15.0|0.0,sa1t,Bariantum Hyperianerman|Bariantum Hyperianerman|IMD_0b0110|
9,SideStory3,Side story 3,3,FreakyUndulationsNobleKnightsofTune.JehezukielKURORAK.0,Freaky Undulations ~Noble Knights of Tune~,Freaky Undulations ~Noble Knights of Tune~,Jehezukiel + KURORAK,sideStorySongs,0,0,EZ|HD|IN|AT,7.0|10.9|15.3|0.0,PEZZ feat. 祈莲 & CattoHato,Ner ~Freaky Cat of Charting~|ARE YOU JEITIE!!!|<= Noblesse Jeitie =>|
9,SideStory3,Side story 3,4,PANICPARADISE.DJSHIONY.0,PANIC PARADISE,PANIC PARADISE,DJ SHION.Y,sideStorySongs,0,0,EZ|HD|IN|AT,6.5|11.5|15.5|16.6,百九十八,Barianic Baradise|Barianic Baradise|Su1fuR -FAISEURS DE PANIQUE-|StR-1
9,SideStory3,Side story 3,5,ReEndofaDream.umavsモリモリあつし.0,Re：End of a Dream,Re：End of a Dream,uma vs. モリモリあつし,sideStorySongs,0,0,EZ|HD|IN|AT,7.5|13.0|15.9|16.9,masiro vs. adaptor,"Barbarianerman, Overture before the story|Barbarianerman, Main theme within the somnium|Latency, Finale of the dream|XMT, Encore after the end"
10,SideStory4,Side story 4,1,心の記憶.A39沙包P.0,心の記憶,心の記憶,A-39/沙包P,sideStorySongs,0,0,EZ|HD|IN|AT,3.5|9.1|13.4|0.0,爱39的Konya,Su1fuR|Su1fuR|N-23|
10,SideStory4,Side story 4,2,Spotlight.Ardolf.0,Spotlight,Spotlight,Ardolf,sideStorySongs,0,0,EZ|HD|IN|AT,4.5|9.9|14.4|0.0,NerSAN,Debut under spotlights!< Simon_Axis|Simon_Axis >< Likey|Likey >IT'S SHOWTIME!|
10,SideStory4,Side story 4,3,NightTheater.わかどり.0,NightTheater,NightTheater,わかどり,sideStorySongs,0,0,EZ|HD|IN|AT,4.0|10.6|14.3|0.0,青鸟,StR-1 watches Ctyfilm|StR-1 watches Ctyfilm|LuminousGausbon|
10,SideStory4,Side story 4,4,Ramification.rareguyReina.0,Ramification,Ramification,rareguy & Reina,sideStorySongs,0,0,EZ|HD|IN|AT,5.0|10.4|14.8|0.0,cokeAnut,inert COC|totally ramified COC|Simon_Axis•騎士•StR-1|
10,SideStory4,Side story 4,5,DerRichter.Ωμεγα.0,Der Richter,Der Richter,Ωμεγα,sideStorySongs,0,0,EZ|HD|IN|AT,5.5|11.4|15.6|16.9,森灵,"Min(C,t,y)|Max(C,t,y)|Absolute(6)|Concat(Ramification,Richter)"
10,SideStory4,Side story 4,6,ATHAZA.LeaF.0,ATHAZA,ATHAZA,LeaF,sideStorySongs,0,0,EZ|HD|IN|AT,8.6|12.9|15.7|16.6,御坂果子,LDAJOY&PLEASANT ^V^ LDA|ANGER&SORROW >^< LDA|Affection&memories \\// Salt & Simon_Axis|FORGET :: CLUTTER
11,Cytus2,CYTUS II,1,TheWholeRest.KIVΛ.0,The Whole Rest,The Whole Rest,KIVΛ,extraSongs,0,0,EZ|HD|IN|AT,5.0|9.9|13.6|0.0,©2025 Rayark Inc. CYTUS II®,Salt|¯EASY|Uvernight from CYTUS II|
11,Cytus2,CYTUS II,2,Cristalisia.onoken.0,Cristalisia,Cristalisia,onoken,extraSongs,0,0,EZ|HD|IN|AT,4.0|10.4|14.4|0.0,©2025 Rayark Inc. CYTUS II®,Skuwo|Skuwo|Salt|
11,Cytus2,CYTUS II,3,Hydra.JamesLandinoXAkiraComplex.0,Hydra,Hydra,James Landino X Akira Complex,extraSongs,0,0,EZ|HD|IN|AT,6.0|11.6|15.4|17.1,©2025 Rayark Inc. CYTUS II®,COC|COC|Su1fuR|[该用户已被禁言]
11,Cytus2,CYTUS II,4,Alb.Avans.0,Alb,Alb,Avans,extraSongs,0,0,EZ|HD|IN|AT,3.5|8.9|14.7|0.0,©2026 Rayark Inc. CYTUS II®,Likey|Ary|Ary|
11,Cytus2,CYTUS II,5,Incyde.YbeLL.0,Incyde,Incyde,YbeLL,extraSongs,0,0,EZ|HD|IN|AT,7.0|12.1|16.2|0.0,©2026 Rayark Inc. CYTUS II®,【梦之起始】爬爬 vs. 盐|E00200|Magazet wanders within StR-1|
11,Cytus2,CYTUS II,6,彩.MisoilePunch.0,彩,彩,MisoilePunch♪,extraSongs,0,0,EZ|HD|IN|AT,6.0|12.5|16.4|0.0,©2026 Rayark Inc. CYTUS II®,爬爬|凛|OPCII_0584_X|
12,Liminality,Liminality,1,Xepion.Acotto.0,Xep+ion,Xep+ion,Acotto,extraSongs,0,0,EZ|HD|IN|AT,2.5|9.8|14.8|0.0,クルス (Ctymax modified),Su1fuR|professional Rikko|Su1fuRikko|
12,Liminality,Liminality,2,Archidoxen.Se_IRA.0,Archidoxen,Archidoxen,Se_IRA,extraSongs,0,0,EZ|HD|IN|AT,4.0|10.0|15.6|16.9,n/a (Ctymax modified),"Rft.|Rft.|Rft.|artifact::<0x04, 0x53, 0x12>"
12,Liminality,Liminality,3,百鬼夜行.SaladSavior.0,百鬼֎夜行,百鬼֎夜行,Salad Savior,extraSongs,0,0,EZ|HD|IN|AT,4.5|10.1|15.8|0.0,軽目くお (Ctymax modified),Magazet|Magazet|～Algax vs. RipHall～|
12,Liminality,Liminality,4,DevastatingHistory.NAMV.0,Devastating History,Devastating History,NAMV,extraSongs,0,0,EZ|HD|IN|AT,6.0|11.8|15.5|0.0,わせ (Ctymax modified),Algax|Algax|T∆TIØN|
13,Maimai,maimai,1,アンビバレンス.すりぃ相沢.0,アンビバレンス,アンビバレンス,すりぃ×相沢,extraSongs,0,0,EZ|HD|IN|AT,3.5|8.7|14.2|0.0,SEGA (祈莲 modified),XMT小咩兔|XMT小咩兔|弧光 With Opposition|
13,Maimai,maimai,2,Komplexe.雄之助featSennzai.0,Komplexe,Komplexe,雄之助 feat. Sennzai,extraSongs,0,0,EZ|HD|IN|AT,4.0|9.6|14.3|0.0,SEGA (祈莲 modified),Helabot|右果_Ary|Likey|
13,Maimai,maimai,3,slips.rintarosoma.0,sølips,sølips,rintaro soma,extraSongs,0,0,EZ|HD|IN|AT,7.5|12.8|16.0|16.8,SEGA (祈莲 modified),Helabot|Salt|St2.1GHz -Før The Pigeons-|ø
13,Maimai,maimai,4,QZKagoRequiem.tpazolite.0,QZKago Requiem,QZKago Requiem,t+pazolite,extraSongs,0,0,EZ|HD|IN|AT,7.0|13.3|16.3|17.4,SEGA (祈莲 modified),-|Rikko EXPERT Life:999|Gausbon|Salt feat. M3ow
14,Ongeki,オンゲキ,1,Radiance.Nhato.0,Radiance,Radiance,Nhato,extraSongs,0,0,EZ|HD|IN|AT,3.5|11.9|14.1|15.6,SEGA (V17AMax modified),Su1fuR|Rikko EXPERT Lv.40|XMT小咩兔|Яadiance
14,Ongeki,オンゲキ,2,DiamondDust.MasahiroGodspeedAoki.0,Diamond Dust,Diamond Dust,Masahiro “Godspeed” Aoki,extraSongs,0,0,EZ|HD|IN|AT,5.0|10.8|15.3|16.7,SEGA (V17AMax modified),Salt|Salt|Gausbon|StupiGGy
14,Ongeki,オンゲキ,3,StardustRAY.kanonevsBlackY.0,Stardust:RAY,Stardust:RAY,kanone vs. BlackY,extraSongs,0,0,EZ|HD|IN|AT,6.0|12.3|16.5|17.2,SEGA (V17AMax modified),Simon_Axis vs. Su1fuR|Su1fuR vs. Simon_Axis|曦枢 vs. 鎏光 -Lv.70 LEAF-|完璧 vs. 癒株 -Autumn Memory-
15,ImmaculeeSekai,Immaculée Sekai,1,AphroditesChildshortver.RUQOA.0,Aphrodite's Child (short ver.),Aphrodite's Child (short ver.),RUQOA,extraSongs,0,0,EZ|HD|IN|AT,3.5|8.1|13.3|0.0,cala for Immaculée Sekai,StupiGGy|StupiGGy|StrayCat|
15,ImmaculeeSekai,Immaculée Sekai,2,DevIAtiOnshortver.polysha.0,DevIAtiOn (short ver.),DevIAtiOn (short ver.),polysha,extraSongs,0,0,EZ|HD|IN|AT,5.0|11.1|15.8|0.0,cala for Immaculée Sekai,COC|COC|Nr3_Official|
15,ImmaculeeSekai,Immaculée Sekai,3,NOx.Juggernaut.0,NO x,NO x,Juggernaut.,extraSongs,0,0,EZ|HD|IN|AT,4.5|10.1|16.1|0.0,cala for Immaculée Sekai,Su1fuR|IUIsauce|StR-1|
16,EGTS,EGTS,1,SilenceisGoldenSpeechisGolden.NIWASHI.0,"Silence is Golden, Speech is Golden","Silence is Golden, Speech is Golden",NIWASHI,extraSongs,0,0,EZ|HD|IN|AT,5.0|9.3|15.7|0.0,Jerry & OsuMe65,"Clutter is coppery，Tumult is coppery|XMT is silvery, 小咩兔 is silvery|Hara is golden, Kuma is golden|"
16,EGTS,EGTS,2,FracturedAngel.DJRaisei.0,Fractured Angel,Fractured Angel,DJ Raisei,extraSongs,0,0,EZ|HD|IN|AT,4.0|10.9|16.3|0.0,OsuMe65,Su1fuR|Su1fuR|逆天使の悪魔 【Likey】|
16,EGTS,EGTS,3,Resolver.Gomadare.0,Resolver,Resolver,Gomadare,extraSongs,0,0,EZ|HD|IN|AT,3.0|8.4|14.4|0.0,Transendium,Salt|Salt|Clutter vs. Salt|
16,EGTS,EGTS,4,LuminousEntitiesLostHeart.NormalMfeatUsagiDenki.0,Luminous Entities Lost Heart,Luminous Entities Lost Heart,NormalM feat. Usagi Denki,extraSongs,0,0,EZ|HD|IN|AT,5.0|10.7|15.2|0.0,Transendium,1uminous StaR|1uminous StaR|光る星|
16,EGTS,EGTS,5,KIZUNAResolution.TAG.0,KIZUNA Resolution,KIZUNA Resolution,TAG,extraSongs,0,0,EZ|HD|IN|AT,8.0|13.4|16.4|0.0,Transendium,Likey underground|HD R.esolution|Sempiternal Fxxxxxx Resolution!|
16,EGTS,EGTS,6,AbsoluTedisoRdeR.AcuteDisarray.0,AbsoluTe disoRdeR,AbsoluTe disoRdeR,Acute Disarray,extraSongs,0,0,EZ|HD|IN|AT,6.5|12.4|16.3|17.2,Kyuare & Wsx,Su1fuR|騎士 vs. Knight |Executor-X|Apocalyptic Dissonance
17,RhythmMaster,节奏大师,1,君往何处QuoVadis.M2U.0,君往何处 (Quo Vadis),君往何处 (Quo Vadis),M2U,extraSongs,0,0,EZ|HD|IN|AT,4.0|8.6|14.1|0.0,LRAY (青鸟 modified),Where are Ctymax and 阿爽?|Where are Ctymax and 阿爽?|Salt|
17,RhythmMaster,节奏大师,2,暗夜苏醒REANIMATE.Warak.0,暗夜苏醒 (REANIMATE),暗夜苏醒 (REANIMATE),Warak,extraSongs,0,0,EZ|HD|IN|AT,5.0|12.8|15.3|0.0,MHK (青鸟 modified),Deep Dark Ctymax|reanimate_6k_nm.imd|StupiGGy -The Startline-|
17,RhythmMaster,节奏大师,3,黄金之城GOLDTOWN.Memme.0,黄金之城 (GOLD TOWN),黄金之城 (GOLD TOWN),MEMME,extraSongs,0,0,EZ|HD|IN|AT,2.0|10.2|14.7|0.0,RM Design Team (青鸟 modified),Passport:Visitor|Passport:Constructor|Passport:Governor|
17,RhythmMaster,节奏大师,4,双重间谍DoubleAgent.WAVAV.0,双重间谍 (Double Agent),双重间谍 (Double Agent),Wav.AV,extraSongs,0,0,EZ|HD|IN|AT,4.5|11.8|15.7|0.0,RM Design Team (青鸟 modified),穿山甲-1|StupiGGy|Spy-Simon_Axis | Spy-騎士|
17,RhythmMaster,节奏大师,5,幻影鬼魅PLEASE.R300K.0,幻影鬼魅 (PLEASE),幻影鬼魅 (PLEASE),R300K,extraSongs,0,0,EZ|HD|IN|AT,5.5|9.6|15.2|17.0,RM Design Team (青鸟 modified),"COC|COC|M3d1uM|imd visual charter ""Rikko"" since 2014"
18,TAKUMI3,TAKUMI³,1,Cuvism.Fl00tvsHalv.0,Cuvism³,Cuvism³,Fl00t vs Halv,extraSongs,0,0,EZ|HD|IN|AT,3.0|12.2|13.9|16.7,sikkari,Rikko|Rikko³ [Normal]|Rikko|JKy vs StrayCat
18,TAKUMI3,TAKUMI³,2,iLArtifact.Link0.0,iL-Artifact,iL-Artifact,Link''0,extraSongs,0,0,EZ|HD|IN|AT,5.5|10.5|15.7|0.0,Fl00t,IUIsauce|IUIsauce|XMT小咩兔 vs. 上班睡大觉_Sleepyhead|
18,TAKUMI3,TAKUMI³,3,atruthseekerCommunicationwithUtopiawillbelost.kuro.0,a truth seeker -Communication with Utopia will be lost-,a truth seeker -Communication with Utopia will be lost-,kuro,extraSongs,0,0,EZ|HD|IN|AT,6.5|12.4|15.7|0.0,rokopon,上班睡大觉_Sleepyhead|上班睡大觉_Sleepyhead|-Seek A Lnside Truth-|
19,SHINOBISLASH,SHINOBI SLASH,1,幽世桔梗.Capchiifeatまるもこ.0,幽世桔梗,幽世桔梗,Capchii feat. まるもこ,extraSongs,0,0,EZ|HD|IN|AT,4.5|10.1|14.8|0.0,瀬名,RipHall vs. Likey|RipHall vs. Likey|Su1fuR、快斬！|
19,SHINOBISLASH,SHINOBI SLASH,2,千紫万紅.r0yvsWABI.0,千紫万紅,千紫万紅,r0y vs. WABI,extraSongs,0,0,EZ|HD|IN|AT,4.5|12.1|15.5|0.0,中本ひょうり,Rikko|実戦 with Rikko|Salt & Barbarianerman|
19,SHINOBISLASH,SHINOBI SLASH,3,明鏡烈火.MUEvsRekuMochizuki.0,明鏡烈火,明鏡烈火,M-UE vs. Reku Mochizuki,extraSongs,0,0,EZ|HD|IN|AT,6.0|11.1|15.9|0.0,中本ひょうり,COC  feat. Su1fuR|COC  feat. Su1fuR|Arenn Salty feat. LDA|
20,ParadigmReboot,Paradigm: Reboot,1,零號車輛.seatrus.0,零號車輛,零號車輛,seatrus,extraSongs,0,0,EZ|HD|IN|AT,7.5|12.1|16.2|0.0,2AI4wU4,零號宇夜|壹號阿爽|Pcat【零】198|
20,ParadigmReboot,Paradigm: Reboot,2,Xenolith.Tatsh.0,Xenolith,Xenolith,Tatsh,extraSongs,0,0,EZ|HD|IN|AT,4.0|8.5|14.2|0.0,2AI4wU4,RXhuang|RXhuang|Xlutter guided by three Oaths|
20,ParadigmReboot,Paradigm: Reboot,3,ArtificialExistence.JunKuroda.0,Artificial Existence,Artificial Existence,Jun Kuroda,extraSongs,0,0,EZ|HD|IN|AT,3.5|9.4|14.7|0.0,2AI4wU4,Salt|Salt|Salt & _鉄 inspired by 存在証明 [X]|
20,ParadigmReboot,Paradigm: Reboot,4,IndelibleScar.Noah.0,Indelible Scar,Indelible Scar,Noah,extraSongs,0,0,EZ|HD|IN|AT,7.0|11.5|15.3|16.5,兜,Clutter & Barbarianerman|Salt & Barbarianerman|Likey affected by Ancestral Xhronicle|上班睡大觉_Sleepyhead
20,ParadigmReboot,Paradigm: Reboot,5,NWAD.Knighthood.0,[NWAD],[NWAD],Knighthood,extraSongs,0,0,EZ|HD|IN|AT,5.5|9.2|15.6|0.0,2Al4wU4,[RETTULC]|[DETCETED]|[RUFLUS]|
21,CHUNITHM,CHUNITHM,1,月詠に鳴る.Feryquitousfeat藍月なくる.0,月詠に鳴る,月詠に鳴る,Feryquitous feat.藍月なくる,extraSongs,0,0,EZ|HD|IN|AT,6.0|11.4|14.5|15.7,SEGA (V17AMax modified),IUIsauce|Salt|Myna feat.Sleepyhead|StupiGGy
21,CHUNITHM,CHUNITHM,2,TECHNOPOLIS2085.PRASTIKDANCEFLOOR.0,TECHNOPOLIS 2085,TECHNOPOLIS 2085,PRASTIK DANCEFLOOR,extraSongs,0,0,EZ|HD|IN|AT,5.0|10.2|14.1|15.9,SEGA (V17AMax modified),"dancing""L""ine 2085|迟戈 vs. Likey|CTYMAX ????|TECHNOXMT vs. LATENCYPOLIS"
21,CHUNITHM,CHUNITHM,3,祈-我ら神祖と共に歩む者なり-.光吉猛修VS穴山大輔VSKaiVS水野健治VS大国奏音.0,祈 -我ら神祖と共に歩む者なり-,祈 -我ら神祖と共に歩む者なり-,光吉猛修 VS 穴山大輔 VS Kai VS 水野健治 VS 大国奏音,extraSongs,0,0,EZ|HD|IN|AT,7.0|13.2|16.4|17.3,SEGA (V17AMax modified),"Su1fuRikko ""SouRce of the metaveRse""|Su1fuRikko × rN ""judgemeNt fRom the cataStRophy""|兔咩小 VS 咩小兔 VS 小兔咩 VS 咩兔小 VS 兔小咩|フィグロス譜面チーム ""Rikko feat. Ner"" -Pray for ""PHI""-"
21,CHUNITHM,CHUNITHM,4,玩具狂奏曲終焉.きくお.0,玩具狂奏曲 -終焉-,玩具狂奏曲 -終焉-,きくお,extraSongs,0,0,EZ|HD|IN|AT,8.4|13.1|16.0|17.0,SEGA (V17AMax modified),"//TAP to StaRt//|Su1fuR: The Hanged Doll|Self -the pAtchwork-|XMT, the Abandoned Puppet"
22,Rotaeno,Rotaeno,1,JourneywithYou.Iris.0,Journey with You,Journey with You,Iris,extraSongs,0,0,EZ|HD|IN|AT,5.0|10.0|13.7|0.0,BTKCyber (青鸟 modified),jouR.ney with hold|jouR.ney to the end【COVERED】|Su1fuR -All about YOU & ME-|
22,Rotaeno,Rotaeno,2,SecretIllumination.Yooh.0,Secret Illumination,Secret Illumination,Yooh,extraSongs,0,0,EZ|HD|IN|AT,5.0|10.2|14.7|0.0,Juice Black (青鸟 modified),Likey |迟戈 vs. Likey|NerSAN|
22,Rotaeno,Rotaeno,3,InvertedWorld.ARForest.0,Inverted World,Inverted World,ARForest,extraSongs,0,0,EZ|HD|IN|AT,5.5|11.2|15.5|0.0,Mechari (青鸟 modified),Clutter|ɹǝʇʇnlƆ|ƃuɐnɥs∀ .sʌ uoqsnɐ⅁|
22,Rotaeno,Rotaeno,4,ストレイソウルアラウンド.みーに.0,ストレイソウル・アラウンド,ストレイソウル・アラウンド,みーに,extraSongs,0,0,EZ|HD|IN|AT,6.0|9.8|14.3|0.0,伊恩 (青鸟 modified),"JKy as ""Stray Cat""|Stray Cat Around|クラッタ・アナザー・ラウンド|"
22,Rotaeno,Rotaeno,5,ManifoldHypothesis.cybermisofeattigerlily.0,Manifold Hypothesis,Manifold Hypothesis,cybermiso feat. tigerlily,extraSongs,0,0,EZ|HD|IN|AT,4.0|9.1|14.6|0.0,阿清 (青鸟 modified),Likey|Likey|Gausbon feat. 迟戈&野从|
22,Rotaeno,Rotaeno,6,KMoeVIP.ZxNX.0,K.Moe (VIP),K.Moe (VIP),ZxNX,extraSongs,0,0,EZ|HD|IN|AT,3.0|8.4|15.9|0.0,BTKCyber (青鸟 modified),R:kko (IMD)|R:kko (IMD)|C.Max (PBM)|
23,Camellia,かめりあ,1,SATELLITE.かめりあ.0,S.A.T.E.L.L.I.T.E.,S.A.T.E.L.L.I.T.E.,かめりあ,extraSongs,0,0,EZ|HD|IN|AT,5.0|9.9|14.3|16.2,青鸟,XMT wishing upon a satellite|B.A.R.B.A.R.I.A.N.E.R.M.A.N.|L.I.K.E.Y.|N.E.R.1.9.8.
23,Camellia,かめりあ,2,DancewithSilence.かめりあ.0,Dance with Silence,Dance with Silence,かめりあ,extraSongs,0,0,EZ|HD|IN|AT,7.0|10.9|15.2|0.0,林语,Su1fuR|Su1fuR|晨_鉄|
23,Camellia,かめりあ,3,LabyrinthinKowloonWalledWorld.かめりあ.0,Labyrinth in Kowloon: Walled World,Labyrinth in Kowloon: Walled World,かめりあ,extraSongs,0,0,EZ|HD|IN|AT,6.0|11.4|15.6|0.0,鲸弑,VikingNexus|VikingNexus|198 in Kowloon|
23,Camellia,かめりあ,4,ComputeItWithSomeDevilishAlcoholicSteampunkEngines.かめりあ.0,Compute It With Some Devilish Alcoholic Steampunk Engines,Compute It With Some Devilish Alcoholic Steampunk Engines,かめりあ,extraSongs,0,0,EZ|HD|IN|AT,5.5|10.6|15.7|0.0,山崎团,Clutter|Clutter|Gausbon vs. XMT小咩兔|
23,Camellia,かめりあ,5,ERABYECONNEC10N.かめりあ.0,+ERABY+E CONNEC+10N,+ERABY+E CONNEC+10N,かめりあ,extraSongs,0,0,EZ|HD|IN|AT,5.5|11.6|16.3|17.3,猫箱Catbox feat. 祈莲,4B314C3042592B45|4D45474142592B45|4731474142592B45|2B45524142592B45
24,OverRapid,OverRapid,1,神話.PicaM2U.0,神話,神話,Pica & M2U,extraSongs,0,0,EZ|HD|IN|AT,4.0|8.7|13.5|0.0,mology (青鸟&V17AMax Modified),雑|波|P & U|
24,OverRapid,OverRapid,2,Elúltimobaile.Θ.0,El último baile,El último baile,Θ,extraSongs,0,0,EZ|HD|IN|AT,4.5|9.5|14.1|0.0,mology (青鸟&V17AMax Modified),Barbarianerman|Barbarianerman|百九十八 feat. Likey|
24,OverRapid,OverRapid,3,Trojan.litmus.0,Trojan,Trojan,litmus*,extraSongs,0,0,EZ|HD|IN|AT,5.5|10.8|15.0|0.0,Lapelristar (青鸟&V17AMax Modified),M3d1uM|M3d1uM|Warning: XMT is infected by Trojan!!|
24,OverRapid,OverRapid,4,TemporalShifting.LureRabbitVC.0,Temporal Shifting,Temporal Shifting,Lure Rabbit & V!C,extraSongs,0,0,EZ|HD|IN|AT,4.0|11.5|15.2|0.0,mology (青鸟&V17AMax Modified),Su1fuR|Su1fuR|Gausbon vs. 阿爽|
24,OverRapid,OverRapid,5,Adastraperaspera.RabbitHouse.0,Ad astra per aspera,Ad astra per aspera,Rabbit House,extraSongs,0,0,EZ|HD|IN|AT,6.5|12.1|16.3|0.0,Lyrebird Ferdinant (青鸟&V17AMax Modified),Barbarianerman|XMT小咩兔|Hara小兔组|
24,OverRapid,OverRapid,6,Ajourneytothemoonlight.Yesod.0,A journey to the moonlight,A journey to the moonlight,Yesod,extraSongs,0,0,EZ|HD|IN|AT,4.5|10.7|14.5|0.0,汉堡,Rikko from「PHIGROS MOON」|Rikko from「PHIGROS MOON」|Ner & 198 from 「PHIGROS MOON」|
25,TEA12,茶鸣拾贰律,1,盏茗.茶鸣拾贰律.0,盏茗,盏茗,茶鸣拾贰律,extraSongs,0,0,EZ|HD|IN|AT,1.5|4.5|13.4|0.0,茶鸣拾贰律,Barbarianerman|Barbarianerman|NerSAN sipping XMTea|
25,TEA12,茶鸣拾贰律,2,青芽.茶鸣拾贰律.0,青芽,青芽,茶鸣拾贰律,extraSongs,0,0,EZ|HD|IN|AT,5.0|10.4|15.2|0.0,茶鸣拾贰律,生根发芽的小咩兔|逆流而上的小咩兔|Hook vs. _鉄|
25,TEA12,茶鸣拾贰律,3,瓷岁.茶鸣拾贰律.0,瓷岁,瓷岁,茶鸣拾贰律,extraSongs,0,0,EZ|HD|IN|AT,2.0|6.5|7.0|0.0,茶鸣拾贰律,『流』年大顺|『流』年大顺|『兔』年大吉|
25,TEA12,茶鸣拾贰律,4,Feast远东之宴.茶鸣拾贰律.0,Feast远东之宴,Feast远东之宴,茶鸣拾贰律,extraSongs,0,0,EZ|HD|IN|AT,6.5|12.1|15.6|0.0,茶鸣拾贰律,Barbarianerman|Barbarianerman|Gino|
26,JMT,姜米條,1,Shadow.SumaiLightvs姜米條.0,Shadow,Shadow,姜米條&SumaiLight,extraSongs,0,0,EZ|HD|IN|AT,6.5|10.5|14.6|16.2,御坂果子,晨|晨|Sillyp vs. 晨|J0(_)I2|\|3y'5 3|\||)
26,JMT,姜米條,2,心之所向.姜米條.0,心之所向,心之所向,姜米條,extraSongs,0,0,EZ|HD|IN|AT,4.0|8.2|13.8|0.0,笔记RE,波之所杂|波之所杂|倪之所爽|
26,JMT,姜米條,3,inferior.姜米條.0,inferior,inferior,姜米條,extraSongs,0,0,EZ|HD|IN|AT,7.0|7.5|14.6|0.0,群青kurara,"Ner, the inferior|Ner, the inferior|JKy, the inferior|"
27,Lanota,Lanota,1,Apocalypse.アリスシャッハと魔法の楽団.0,Apocalypse,Apocalypse,アリスシャッハと魔法の楽団,extraSongs,0,0,EZ|HD|IN|AT,4.0|8.6|13.5|0.0,Lanota © Noxy Games Inc. ,R.|B.|Rikko & 198|
27,Lanota,Lanota,2,Protoflicker.Silentroom.0,Protoflicker,Protoflicker,Silentroom,extraSongs,0,0,EZ|HD|IN|AT,3.5|9.7|15.4|0.0,Lanota © Noxy Games Inc. ,Barbarianerman & J.R|RTH|Gausbon|
27,Lanota,Lanota,3,HorizonBlue.NothingButRequiemfeatAikapinChiyoko.0,Horizon Blue,Horizon Blue,Nothing But Requiem feat. Aikapin & Chiyoko,extraSongs,0,0,EZ|HD|IN|AT,6.5|11.6|15.7|0.0,Lanota © Noxy Games Inc. ,Nothing But Uvernight|Nothing But Likey|Nothing But Ner & Pcat|
27,Lanota,Lanota,4,YouaretheMiserable.tpazolite.0,You are the Miserable,You are the Miserable,t+pazolite,extraSongs,0,0,EZ|HD|IN|AT,6.0|11.7|14.1|15.8,Lanota © Noxy Games Inc. ,M3d1uM|M3d1uM|We are the Miserable|Pat Brick Man Mr.C & Mr.B
27,Lanota,Lanota,5,Stasis.Maozon.0,Stasis,Stasis,Maozon,extraSongs,0,0,EZ|HD|IN|AT,5.0|10.1|15.3|16.7,Lanota © Noxy Games Inc. ,空の希|空の希|ST AS is XMT|百九十八
28,KALPA,KALPA,1,TimetoNightSkyfeatLeeYuJin.HyuNKLYDIX.0,Time to Night Sky (feat. Lee Yu Jin),Time to Night Sky (feat. Lee Yu Jin),HyuN & KLYDIX,extraSongs,0,0,EZ|HD|IN|AT,3.0|10.1|13.6|0.0,ZG,Rikko|Barbarianerman|Likey & 198ar|
28,KALPA,KALPA,2,HAZARD.Limpid.0,HAZARD,HAZARD,Limpid,extraSongs,0,0,EZ|HD|IN|AT,4.5|11.0|14.8|0.0,ZG,NerSAN|NerSAN|阿爽|
28,KALPA,KALPA,3,AnotherMe.DAAN.0,Another Me ,Another Me,D_AAN,extraSongs,0,0,EZ|HD|IN|AT,5.0|9.8|15.6|0.0,ZG,"Pcat|Another cat|NerSAN vs. Ctymax as ""泥头鱼""|"
28,KALPA,KALPA,4,DontNeverAround.HAMA.0,Don't Never Around,Don't Never Around,HAMA,extraSongs,0,0,EZ|HD|IN|AT,5.0|11.3|15.5|0.0,Arahosi,XMT小咩兔|XMT小咩兔|XMT小咩兔|
28,KALPA,KALPA,5,RESSiSTANCE.ぐるたみん.0,RESSiSTANCE,RESSiSTANCE,ぐるたみん,extraSongs,0,0,EZ|HD|IN|AT,6.5|11.2|16.1|0.0,LINUS,其一 呼吸尚存的标志|其二 向前迈进的理由|其三 我所存在的证明|
28,KALPA,KALPA,6,FlutterEcho.Cansol.0,Flutter Echo,Flutter Echo,Cansol,extraSongs,0,0,EZ|HD|IN|AT,3.5|9.8|14.9|0.0,Taurell,Rikko||R|I|K|K|O| NORMAL|Clutter Echo|
28,KALPA,KALPA,7,Rebirth.ああああ.0,Re：birth,Re：birth,ああああ,extraSongs,0,0,EZ|HD|IN|AT,6.0|12.0|15.4|0.0,"QueseraGames Co., Ltd.",啊哒咔哟 & 小咩兔 & COC|啊哒咔哟 & 小咩兔 & COC|Gausbon & StupiGGy|
28,KALPA,KALPA,8,AvataarReincarnationofKalpa.ScarletteakaCrYmson.0,Avataar~Reincarnation of Kalpa~,Avataar ~Reincarnation of Kalpa~,Scarlette a.k.a CrYmson,extraSongs,0,0,EZ|HD|IN|AT,2.0|8.2|13.2|16.6,"QueseraGames Co., Ltd.",Su1fuR|Su1fuR|Salt|XMT & Salt
29,MUSEDASH,Muse Dash,1,XING.ginkiha.0,XING,XING,ginkiha,extraSongs,0,0,EZ|HD|IN|AT,5.5|10.8|14.0|0.0,打雷打人（青鸟 modified）,StupiGGy|StupiGGy|Sillyp vs. 阿爽|
29,MUSEDASH,Muse Dash,2,FinalStep.Lime.0,Final Step!,Final Step!,Lime,extraSongs,0,0,EZ|HD|IN|AT,5.5|11.0|14.1|0.0,谷地（青鸟 modified）,Barbarianerman|Barbarianerman|Barbarianerman vs. Uvernight|
29,MUSEDASH,Muse Dash,3,Cthugha.USAO.0,Cthugha,Cthugha,USAO,extraSongs,0,0,EZ|HD|IN|AT,6.0|10.4|16.0|16.1,谷地（青鸟 modified）,Barbarianerman|Barbarianerman|Gausbon|百九十八 feat. NerSAN
30,WAVEAT,WAVEAT,1,Initialize.iF.0,Initialize,Initialize,iF,extraSongs,0,0,EZ|HD|IN|AT,2.5|7.0|11.6|0.0,"あおお/A-ZERO, morph",阿爽|NerSAN|Arenn Saki vs. NerSAN|
30,WAVEAT,WAVEAT,2,桜樹街道.kozatosnow.0,桜樹街道,桜樹街道,kozato snow,extraSongs,0,0,EZ|HD|IN|AT,3.5|8.1|13.0|0.0,"あおお/A-ZERO, morph",Barbarianerman|Barbarianerman|百九十八|
30,WAVEAT,WAVEAT,3,GetReady.iF.0,Get Ready!! ,Get Ready!! ,iF,extraSongs,0,0,EZ|HD|IN|AT,6.0|10.7|13.8|0.0,"あおお/A-ZERO, morph",StupiGGy|StupiGGy|StupiGGy|
30,WAVEAT,WAVEAT,4,volcanic.DETROakaルゼ.0,volcanic,volcanic,DETRO a.k.a. ルゼ,extraSongs,0,0,EZ|HD|IN|AT,7.5|12.1|14.7|16.6,"あおお/A-ZERO, morph","Barbarianerman|Rikko|Ctymax in a volcano, very delicious|Alloces"
31,Good,GOOD,1,GOODTEK.EBIMAYO.0,GOODTEK,GOODTEK,EBIMAYO,extraSongs,0,0,EZ|HD|IN|AT,5.0|10.0|14.3|0.0,Ctymax feat. EBIMAYO,百九十八|百九十八|百九十八|
31,Good,GOOD,2,GOODBOUNCE.EBIMAYO.0,GOODBOUNCE,GOODBOUNCE,EBIMAYO,extraSongs,0,0,EZ|HD|IN|AT,7.5|11.9|14.5|0.0,EBIMAYO,Gausbounce & 晨|Gausbounce|Ctymax vs. Gausbounce|
31,Good,GOOD,3,GOODWORLD.EBIMAYO.0,GOODWORLD,GOODWORLD,EBIMAYO,extraSongs,0,0,EZ|HD|IN|AT,3.0|11.4|14.9|0.0,EBIMAYO,阿爽|StupiGGy|StupiGGy vs. 阿爽|
31,Good,GOOD,4,GOODFORTUNE.EBIMAYO.0,GOODFORTUNE,GOODFORTUNE,EBIMAYO,extraSongs,0,0,EZ|HD|IN|AT,7.5|8.7|15.7|0.0,Ctymax,晨|晨|晨|
31,Good,GOOD,5,GOODRAGE.EBIMAYO.0,GOODRAGE,GOODRAGE,EBIMAYO,extraSongs,0,0,EZ|HD|IN|AT,5.0|8.5|16.0|0.0,Ctymax feat. EBIMAYO,阿爽|阿爽|Ctymax vs. 阿爽|
32,HyuN,HyuN,1,InfinityHeaven.HyuN.0,Infinity Heaven,Infinity Heaven,HyuN,extraSongs,0,0,EZ|HD|IN|AT,3.0|8.4|13.9|0.0,DoublePian,晨 vs. 阿爽|晨 vs. 阿爽|晨 vs. 阿爽|
32,HyuN,HyuN,2,Disorder.HyuNfeatYURI.0,Disorder,Disorder,HyuN feat. YURI,extraSongs,0,0,EZ|HD|IN|AT,6.0|10.3|14.8|0.0,Nabom,Gausbon|Gausbon|Gausbon|
32,HyuN,HyuN,3,CROSSSOUL.HyuNfeatSyepias.0,CROSS†SOUL,CROSS†SOUL,HyuN feat. Syepias,extraSongs,0,0,EZ|HD|IN|AT,7.5|12.6|16.4|0.0,knife美工刀,無†極|無†極 fixed by Rikko|無†極|
33,RST,Rising Sun Traxx,1,AnotherMe.NeutralMoon.0,Another Me,Another Me,Neutral Moon,extraSongs,0,0,EZ|HD|IN|AT,5.5|9.3|13.6|0.0,IvyTowers,Another M3|Another M3|NerSAN|
33,RST,Rising Sun Traxx,2,mechanted.rareguy.0,mechanted,mechanted,rareguy,extraSongs,0,0,EZ|HD|IN|AT,3.0|11.3|14.9|0.0,IvyTowers,Ctymax|Ctymax|Ctymax|
33,RST,Rising Sun Traxx,3,lifeflashesbeforeweebeyes.BilliumMoto.0,life flashes before weeb eyes,life flashes before weeb eyes,BilliumMoto,extraSongs,0,0,EZ|HD|IN|AT,6.5|11.9|14.9|0.0,百九十八,百九十八|百九十八|百九十八|
33,RST,Rising Sun Traxx,4,BreakThroughTheBarrier.lixound.0,Break Through The Barrier,Break Through The Barrier,lixound,extraSongs,0,0,EZ|HD|IN|AT|Legacy,5.5|9.5|14.5|0.0|15.0,Xquid,Su1fuR|Su1fuR|百九十八||Catcats
33,RST,Rising Sun Traxx,5,Chronostasis.黒皇帝.0,Chronostasis,Chronostasis,黒皇帝,extraSongs,0,0,EZ|HD|IN|AT,6.0|10.7|16.0|0.0,Sand,Uvernight|Uvernight|Gausbon fixed by XMT|
