suffix,catalogRowCount
AllSong.jpg,2
AllSongBlur.jpg,2
CHUNITHM.jpg,2
CHUNITHMBlur.jpg,2
Camellia.jpg,2
CamelliaBlur.jpg,2
Chart_AT.json,46
Chart_EZ.json,319
Chart_EZ_Error.json,1
Chart_HD.json,318
Chart_HD_Error.json,1
Chart_IN.json,318
Chart_IN_Error.json,1
Chart_Legacy.json,4
Cytus2.jpg,2
Cytus2Blur.jpg,2
EGTS.jpg,2
EGTSBlur.jpg,2
Good.jpg,2
GoodBlur.jpg,2
HyuN.jpg,2
HyuNBlur.jpg,2
Illustration.jpg,626
IllustrationBlur.jpg,626
IllustrationLowRes.jpg,626
IllustrationsCover.jpg,2
ImmaculeeSekai.jpg,2
ImmaculeeSekaiBlur.jpg,2
JMT.jpg,2
JMTBlur.jpg,2
KALPA.jpg,2
KALPABlur.jpg,2
Lanota.jpg,2
LanotaBlur.jpg,2
Liminality.jpg,2
LiminalityBlur.jpg,2
MUSEDASH.jpg,2
MUSEDASHBlur.jpg,2
Maimai.jpg,2
MaimaiBlur.jpg,2
MainStory4.jpg,2
MainStory4Blur.jpg,2
MainStory5.jpg,2
MainStory5Blur.jpg,2
MainStory5Locked.jpg,2
MainStory5LockedBlur.jpg,2
MainStory6.jpg,2
MainStory6Blur.jpg,2
MainStory6Locked.jpg,2
MainStory6LockedBlur.jpg,2
MainStory7.jpg,2
MainStory7Blur.jpg,2
MainStory7Locked.jpg,2
MainStory7LockedBlur.jpg,2
MainStory8_0.jpg,2
MainStory8_0Blur.jpg,2
MainStory8_0BlurS.jpg,2
MainStory8_0S.jpg,2
MainStory8_1.jpg,2
MainStory8_1Blur.jpg,2
MainStory8_1BlurS.jpg,2
MainStory8_1S.jpg,2
MainStory8_2.jpg,2
MainStory8_2Blur.jpg,2
MainStory8_2BlurS.jpg,2
MainStory8_2S.jpg,2
MainStoryLegacy.jpg,2
MainStoryLegacyBlur.jpg,2
Ongeki.jpg,2
OngekiBlur.jpg,2
OverRapid.jpg,2
OverRapidBlur.jpg,2
ParadigmReboot.jpg,2
ParadigmRebootBlur.jpg,2
RST.jpg,2
RSTBlur.jpg,2
RhythmMaster.jpg,2
RhythmMasterBlur.jpg,2
Rotaeno.jpg,2
RotaenoBlur.jpg,2
SHINOBISLASH.jpg,2
SHINOBISLASHBlur.jpg,2
SideStory1.jpg,2
SideStory1Blur.jpg,2
SideStory2.jpg,2
SideStory2Blur.jpg,2
SideStory3.jpg,2
SideStory3Blur.jpg,2
SideStory4.jpg,2
SideStory4Blur.jpg,2
Single.jpg,2
SingleBlur.jpg,2
TAKUMI3.jpg,2
TAKUMI3Blur.jpg,2
TEA12.jpg,2
TEA12Blur.jpg,2
WAVEAT.jpg,2
WAVEATBlur.jpg,2
music.wav,319
music_IN.wav,1
闫东炜.jpg,2
闫东炜Blur.jpg,2
