coverName,key,bundle,assetTypes,sourceFile,objectName,width,height,format
AllSong,Assets/Tracks/#ChapterCover/AllSong.jpg,a299beba8ff1cf98ebf199f528006db4.bundle,UnityEngine.Sprite;UnityEngine.Texture2D,a299beba8ff1cf98ebf199f528006db4.bundle,AllSong,1024,540,3
AllSongBlur,Assets/Tracks/#ChapterCover/AllSongBlur.jpg,f54e782756c7c27c8d022bcd3ef81176.bundle,UnityEngine.Sprite;UnityEngine.Texture2D,f54e782756c7c27c8d022bcd3ef81176.bundle,AllSongBlur,1024,540,3
CHUNITHM,Assets/Tracks/#ChapterCover/CHUNITHM.jpg,5a553f2a6de048d50aded5cb2402ca4b.bundle,UnityEngine.Sprite;UnityEngine.Texture2D,5a553f2a6de048d50aded5cb2402ca4b.bundle,CHUNITHM,1024,540,3
CHUNITHMBlur,Assets/Tracks/#ChapterCover/CHUNITHMBlur.jpg,f4ffc2ee45741f4733644dbda011facf.bundle,UnityEngine.Sprite;UnityEngine.Texture2D,f4ffc2ee45741f4733644dbda011facf.bundle,CHUNITHMBlur,1024,540,3
Camellia,Assets/Tracks/#ChapterCover/Camellia.jpg,74dcdfd88fb742f779074c1160721c09.bundle,UnityEngine.Sprite;UnityEngine.Texture2D,74dcdfd88fb742f779074c1160721c09.bundle,Camellia,1024,540,3
CamelliaBlur,Assets/Tracks/#ChapterCover/CamelliaBlur.jpg,5712f1468679577a6cec5b59002bec94.bundle,UnityEngine.Sprite;UnityEngine.Texture2D,5712f1468679577a6cec5b59002bec94.bundle,CamelliaBlur,1024,540,3
Cytus2,Assets/Tracks/#ChapterCover/Cytus2.jpg,1d937b855df775cbc200f94940383128.bundle,UnityEngine.Sprite;UnityEngine.Texture2D,1d937b855df775cbc200f94940383128.bundle,Cytus2,1024,540,3
Cytus2Blur,Assets/Tracks/#ChapterCover/Cytus2Blur.jpg,7c81f8531a3c1b7a52d93a468aa1b551.bundle,UnityEngine.Sprite;UnityEngine.Texture2D,7c81f8531a3c1b7a52d93a468aa1b551.bundle,Cytus2Blur,1024,540,3
EGTS,Assets/Tracks/#ChapterCover/EGTS.jpg,6c4550d34816055dc310f17412972fe2.bundle,UnityEngine.Sprite;UnityEngine.Texture2D,6c4550d34816055dc310f17412972fe2.bundle,EGTS,1024,540,3
EGTSBlur,Assets/Tracks/#ChapterCover/EGTSBlur.jpg,20b9379fd84db07557fd253e93fc827c.bundle,UnityEngine.Sprite;UnityEngine.Texture2D,20b9379fd84db07557fd253e93fc827c.bundle,EGTSBlur,1024,540,3
Good,Assets/Tracks/#ChapterCover/Good.jpg,84abdab82eae642a3dc7043811315506.bundle,UnityEngine.Sprite;UnityEngine.Texture2D,84abdab82eae642a3dc7043811315506.bundle,Good,1024,540,3
GoodBlur,Assets/Tracks/#ChapterCover/GoodBlur.jpg,08e80fb254d8904d223530cada82ec65.bundle,UnityEngine.Sprite;UnityEngine.Texture2D,08e80fb254d8904d223530cada82ec65.bundle,GoodBlur,1024,540,3
HyuN,Assets/Tracks/#ChapterCover/HyuN.jpg,2d988cef16115db5bfd0c7ddc3373a28.bundle,UnityEngine.Sprite;UnityEngine.Texture2D,2d988cef16115db5bfd0c7ddc3373a28.bundle,HyuN,1024,540,3
HyuNBlur,Assets/Tracks/#ChapterCover/HyuNBlur.jpg,20809b1804411c1970db8769fd026908.bundle,UnityEngine.Sprite;UnityEngine.Texture2D,20809b1804411c1970db8769fd026908.bundle,HyuNBlur,1024,540,3
IllustrationsCover,Assets/Tracks/#ChapterCover/IllustrationsCover.jpg,c3f447d20fb427dc7779a907324f868b.bundle,UnityEngine.Sprite;UnityEngine.Texture2D,c3f447d20fb427dc7779a907324f868b.bundle,IllustrationsCover,279,144,3
ImmaculeeSekai,Assets/Tracks/#ChapterCover/ImmaculeeSekai.jpg,20cc16bc75ddcf36c6fb2c93cd503482.bundle,UnityEngine.Sprite;UnityEngine.Texture2D,20cc16bc75ddcf36c6fb2c93cd503482.bundle,ImmaculeeSekai,1024,540,3
ImmaculeeSekaiBlur,Assets/Tracks/#ChapterCover/ImmaculeeSekaiBlur.jpg,81feb2a33ae539d323522f56e6ffde82.bundle,UnityEngine.Sprite;UnityEngine.Texture2D,81feb2a33ae539d323522f56e6ffde82.bundle,ImmaculeeSekaiBlur,1024,540,3
JMT,Assets/Tracks/#ChapterCover/JMT.jpg,9bc7554f70b7ec87e51b2de7b3004074.bundle,UnityEngine.Sprite;UnityEngine.Texture2D,9bc7554f70b7ec87e51b2de7b3004074.bundle,JMT,1024,540,3
JMTBlur,Assets/Tracks/#ChapterCover/JMTBlur.jpg,8ddbcf339eb28cfbe8866c5e0a14eb39.bundle,UnityEngine.Sprite;UnityEngine.Texture2D,8ddbcf339eb28cfbe8866c5e0a14eb39.bundle,JMTBlur,1024,540,3
KALPA,Assets/Tracks/#ChapterCover/KALPA.jpg,9690a527459c2f5fa5ab6582792ffbad.bundle,UnityEngine.Sprite;UnityEngine.Texture2D,9690a527459c2f5fa5ab6582792ffbad.bundle,KALPA,1024,540,3
KALPABlur,Assets/Tracks/#ChapterCover/KALPABlur.jpg,388baf88fc2dd3fbfd6e18985416ba6b.bundle,UnityEngine.Sprite;UnityEngine.Texture2D,388baf88fc2dd3fbfd6e18985416ba6b.bundle,KALPABlur,1024,540,3
Lanota,Assets/Tracks/#ChapterCover/Lanota.jpg,17844d451275f5184b9d697bc8ef27f6.bundle,UnityEngine.Sprite;UnityEngine.Texture2D,17844d451275f5184b9d697bc8ef27f6.bundle,Lanota,1024,540,3
LanotaBlur,Assets/Tracks/#ChapterCover/LanotaBlur.jpg,39ad96177ef123e22681b51a113de09b.bundle,UnityEngine.Sprite;UnityEngine.Texture2D,39ad96177ef123e22681b51a113de09b.bundle,LanotaBlur,1024,540,3
Liminality,Assets/Tracks/#ChapterCover/Liminality.jpg,671fd2daf8d907acd3d5cffffc319e23.bundle,UnityEngine.Sprite;UnityEngine.Texture2D,671fd2daf8d907acd3d5cffffc319e23.bundle,Liminality,1024,540,3
LiminalityBlur,Assets/Tracks/#ChapterCover/LiminalityBlur.jpg,3c8f9e5b6285582b21cd5001a1bdc9fc.bundle,UnityEngine.Sprite;UnityEngine.Texture2D,3c8f9e5b6285582b21cd5001a1bdc9fc.bundle,LiminalityBlur,1024,540,3
MUSEDASH,Assets/Tracks/#ChapterCover/MUSEDASH.jpg,39eeeb02e9d1079f8a398aca9bbdad62.bundle,UnityEngine.Sprite;UnityEngine.Texture2D,39eeeb02e9d1079f8a398aca9bbdad62.bundle,MUSEDASH,1024,540,3
MUSEDASHBlur,Assets/Tracks/#ChapterCover/MUSEDASHBlur.jpg,e31d798a000e6780ff2819a85f3ea57a.bundle,UnityEngine.Sprite;UnityEngine.Texture2D,e31d798a000e6780ff2819a85f3ea57a.bundle,MUSEDASHBlur,1024,540,3
Maimai,Assets/Tracks/#ChapterCover/Maimai.jpg,3400f850c434b9c6b5c6d74255ac2a2a.bundle,UnityEngine.Sprite;UnityEngine.Texture2D,3400f850c434b9c6b5c6d74255ac2a2a.bundle,Maimai,1024,540,3
MaimaiBlur,Assets/Tracks/#ChapterCover/MaimaiBlur.jpg,0e11afa8faaf0119cc073a1727ac6815.bundle,UnityEngine.Sprite;UnityEngine.Texture2D,0e11afa8faaf0119cc073a1727ac6815.bundle,MaimaiBlur,1024,540,3
MainStory4,Assets/Tracks/#ChapterCover/MainStory4.jpg,6772c1bbe35e31b7563a66f0cff2c157.bundle,UnityEngine.Sprite;UnityEngine.Texture2D,6772c1bbe35e31b7563a66f0cff2c157.bundle,MainStory4,1024,540,3
MainStory4Blur,Assets/Tracks/#ChapterCover/MainStory4Blur.jpg,141f43c980a333e7737bc8a5869875e8.bundle,UnityEngine.Sprite;UnityEngine.Texture2D,141f43c980a333e7737bc8a5869875e8.bundle,MainStory4Blur,1024,540,3
MainStory5,Assets/Tracks/#ChapterCover/MainStory5.jpg,484fe6fadd273a96ccf7b2fd19aa33bd.bundle,UnityEngine.Sprite;UnityEngine.Texture2D,484fe6fadd273a96ccf7b2fd19aa33bd.bundle,MainStory5,1024,540,3
MainStory5Blur,Assets/Tracks/#ChapterCover/MainStory5Blur.jpg,5dffceca85e8a00b1d8727eb7c3912a7.bundle,UnityEngine.Sprite;UnityEngine.Texture2D,5dffceca85e8a00b1d8727eb7c3912a7.bundle,MainStory5Blur,1024,540,3
MainStory5Locked,Assets/Tracks/#ChapterCover/MainStory5Locked.jpg,fd4fcdf4a7a043550ee127b129557e2f.bundle,UnityEngine.Sprite;UnityEngine.Texture2D,fd4fcdf4a7a043550ee127b129557e2f.bundle,MainStory5Locked,1024,540,3
MainStory5LockedBlur,Assets/Tracks/#ChapterCover/MainStory5LockedBlur.jpg,98c5cfb8f531b9d9342af4d46cc82659.bundle,UnityEngine.Sprite;UnityEngine.Texture2D,98c5cfb8f531b9d9342af4d46cc82659.bundle,MainStory5LockedBlur,1024,540,3
MainStory6,Assets/Tracks/#ChapterCover/MainStory6.jpg,3a424fcaf947e70e7c561e439547ccf5.bundle,UnityEngine.Sprite;UnityEngine.Texture2D,3a424fcaf947e70e7c561e439547ccf5.bundle,MainStory6,1024,540,3
MainStory6Blur,Assets/Tracks/#ChapterCover/MainStory6Blur.jpg,12a3ab0a11edc6c2bb9d24863f95aab2.bundle,UnityEngine.Sprite;UnityEngine.Texture2D,12a3ab0a11edc6c2bb9d24863f95aab2.bundle,MainStory6Blur,1024,540,3
MainStory6Locked,Assets/Tracks/#ChapterCover/MainStory6Locked.jpg,5b22e6cef6c214f817c602b40035bd79.bundle,UnityEngine.Sprite;UnityEngine.Texture2D,5b22e6cef6c214f817c602b40035bd79.bundle,MainStory6Locked,1024,540,3
MainStory6LockedBlur,Assets/Tracks/#ChapterCover/MainStory6LockedBlur.jpg,5079a2d040776d00318ab0f096e45bed.bundle,UnityEngine.Sprite;UnityEngine.Texture2D,5079a2d040776d00318ab0f096e45bed.bundle,MainStory6LockedBlur,1024,540,3
MainStory7,Assets/Tracks/#ChapterCover/MainStory7.jpg,07f13cce1114f0214c5a7f04d8482696.bundle,UnityEngine.Sprite;UnityEngine.Texture2D,07f13cce1114f0214c5a7f04d8482696.bundle,MainStory7,1024,540,3
MainStory7Blur,Assets/Tracks/#ChapterCover/MainStory7Blur.jpg,60bcc14a00282e7110b85406716a8435.bundle,UnityEngine.Sprite;UnityEngine.Texture2D,60bcc14a00282e7110b85406716a8435.bundle,MainStory7Blur,1024,540,3
MainStory7Locked,Assets/Tracks/#ChapterCover/MainStory7Locked.jpg,8cc75c996132ef8ab1fbbbc7caff8728.bundle,UnityEngine.Sprite;UnityEngine.Texture2D,8cc75c996132ef8ab1fbbbc7caff8728.bundle,MainStory7Locked,1024,540,3
MainStory7LockedBlur,Assets/Tracks/#ChapterCover/MainStory7LockedBlur.jpg,50c5c2e7dcf608c1e7210a2811f24b32.bundle,UnityEngine.Sprite;UnityEngine.Texture2D,50c5c2e7dcf608c1e7210a2811f24b32.bundle,MainStory7LockedBlur,1024,540,3
MainStory8_0,Assets/Tracks/#ChapterCover/MainStory8_0.jpg,4d76b740569c4555b99e99ca3fbcf14d.bundle,UnityEngine.Sprite;UnityEngine.Texture2D,4d76b740569c4555b99e99ca3fbcf14d.bundle,MainStory8_0,1024,540,3
MainStory8_0Blur,Assets/Tracks/#ChapterCover/MainStory8_0Blur.jpg,5cbd6863a6f3212f323830fec281b642.bundle,UnityEngine.Sprite;UnityEngine.Texture2D,5cbd6863a6f3212f323830fec281b642.bundle,MainStory8_0Blur,1024,540,3
MainStory8_0BlurS,Assets/Tracks/#ChapterCover/MainStory8_0BlurS.jpg,f58ca4803da1d99ca448cfc040471b06.bundle,UnityEngine.Sprite;UnityEngine.Texture2D,f58ca4803da1d99ca448cfc040471b06.bundle,MainStory8_0BlurS,1024,540,3
MainStory8_0S,Assets/Tracks/#ChapterCover/MainStory8_0S.jpg,01e175d63ee4437792d353ab819458a6.bundle,UnityEngine.Sprite;UnityEngine.Texture2D,01e175d63ee4437792d353ab819458a6.bundle,MainStory8_0S,1024,540,3
MainStory8_1,Assets/Tracks/#ChapterCover/MainStory8_1.jpg,a6ff938f29cd1d1ad16325ec44e9a985.bundle,UnityEngine.Sprite;UnityEngine.Texture2D,a6ff938f29cd1d1ad16325ec44e9a985.bundle,MainStory8_1,1024,540,3
MainStory8_1Blur,Assets/Tracks/#ChapterCover/MainStory8_1Blur.jpg,1892fc2a64e9ac7c0fd0511f326757b6.bundle,UnityEngine.Sprite;UnityEngine.Texture2D,1892fc2a64e9ac7c0fd0511f326757b6.bundle,MainStory8_1Blur,1024,540,3
MainStory8_1BlurS,Assets/Tracks/#ChapterCover/MainStory8_1BlurS.jpg,4623c18bf2606537d559d5e2820a8584.bundle,UnityEngine.Sprite;UnityEngine.Texture2D,4623c18bf2606537d559d5e2820a8584.bundle,MainStory8_1BlurS,1024,540,3
MainStory8_1S,Assets/Tracks/#ChapterCover/MainStory8_1S.jpg,f09d094cafff70bffea6f291222f975f.bundle,UnityEngine.Sprite;UnityEngine.Texture2D,f09d094cafff70bffea6f291222f975f.bundle,MainStory8_1S,1024,540,3
MainStory8_2,Assets/Tracks/#ChapterCover/MainStory8_2.jpg,af04f02a60bd2a2e3f953b3c0b73f31c.bundle,UnityEngine.Sprite;UnityEngine.Texture2D,af04f02a60bd2a2e3f953b3c0b73f31c.bundle,MainStory8_2,1024,540,3
MainStory8_2Blur,Assets/Tracks/#ChapterCover/MainStory8_2Blur.jpg,d04ec09b14818586ae3c3b31a5db47f7.bundle,UnityEngine.Sprite;UnityEngine.Texture2D,d04ec09b14818586ae3c3b31a5db47f7.bundle,MainStory8_2Blur,1024,540,3
MainStory8_2BlurS,Assets/Tracks/#ChapterCover/MainStory8_2BlurS.jpg,6689fe3be5e530db11c3462074772d03.bundle,UnityEngine.Sprite;UnityEngine.Texture2D,6689fe3be5e530db11c3462074772d03.bundle,MainStory8_2BlurS,1024,540,3
MainStory8_2S,Assets/Tracks/#ChapterCover/MainStory8_2S.jpg,5e3dc2c170ec709f5919fb7c27cabfe2.bundle,UnityEngine.Sprite;UnityEngine.Texture2D,5e3dc2c170ec709f5919fb7c27cabfe2.bundle,MainStory8_2S,1024,540,3
MainStoryLegacy,Assets/Tracks/#ChapterCover/MainStoryLegacy.jpg,9502a3d8b31491532866ccadfa463ebd.bundle,UnityEngine.Sprite;UnityEngine.Texture2D,9502a3d8b31491532866ccadfa463ebd.bundle,MainStoryLegacy,1024,540,3
MainStoryLegacyBlur,Assets/Tracks/#ChapterCover/MainStoryLegacyBlur.jpg,6f1bb14a2849c9f062efdf1c608ae3b8.bundle,UnityEngine.Sprite;UnityEngine.Texture2D,6f1bb14a2849c9f062efdf1c608ae3b8.bundle,MainStoryLegacyBlur,1024,540,3
Ongeki,Assets/Tracks/#ChapterCover/Ongeki.jpg,8f809570e5be93ee1aeac13924b0c06d.bundle,UnityEngine.Sprite;UnityEngine.Texture2D,8f809570e5be93ee1aeac13924b0c06d.bundle,Ongeki,1024,540,3
OngekiBlur,Assets/Tracks/#ChapterCover/OngekiBlur.jpg,69aa72dc686b5ebe0b419269bb4faae2.bundle,UnityEngine.Sprite;UnityEngine.Texture2D,69aa72dc686b5ebe0b419269bb4faae2.bundle,OngekiBlur,1024,540,3
OverRapid,Assets/Tracks/#ChapterCover/OverRapid.jpg,35dc190c66c3e7f5d4cfc12edce983ce.bundle,UnityEngine.Sprite;UnityEngine.Texture2D,35dc190c66c3e7f5d4cfc12edce983ce.bundle,OverRapid,1024,540,3
OverRapidBlur,Assets/Tracks/#ChapterCover/OverRapidBlur.jpg,7993c304799b9dc1a03e3342183e45ae.bundle,UnityEngine.Sprite;UnityEngine.Texture2D,7993c304799b9dc1a03e3342183e45ae.bundle,OverRapidBlur,1024,540,3
ParadigmReboot,Assets/Tracks/#ChapterCover/ParadigmReboot.jpg,6d822e49132e4be6b72a250be97f66de.bundle,UnityEngine.Sprite;UnityEngine.Texture2D,6d822e49132e4be6b72a250be97f66de.bundle,ParadigmReboot,1024,540,3
ParadigmRebootBlur,Assets/Tracks/#ChapterCover/ParadigmRebootBlur.jpg,17bfffed9e5b2f26612ae017b27551b9.bundle,UnityEngine.Sprite;UnityEngine.Texture2D,17bfffed9e5b2f26612ae017b27551b9.bundle,ParadigmRebootBlur,1024,540,3
RST,Assets/Tracks/#ChapterCover/RST.jpg,b8fa7dd91475b93c17594e5063781ae2.bundle,UnityEngine.Sprite;UnityEngine.Texture2D,b8fa7dd91475b93c17594e5063781ae2.bundle,RST,1024,540,3
RSTBlur,Assets/Tracks/#ChapterCover/RSTBlur.jpg,833f784b289f5cef5a500bc7e87c62f4.bundle,UnityEngine.Sprite;UnityEngine.Texture2D,833f784b289f5cef5a500bc7e87c62f4.bundle,RSTBlur,1024,540,3
RhythmMaster,Assets/Tracks/#ChapterCover/RhythmMaster.jpg,cedbece32186d57ddb826654e334976e.bundle,UnityEngine.Sprite;UnityEngine.Texture2D,cedbece32186d57ddb826654e334976e.bundle,RhythmMaster,1024,540,3
RhythmMasterBlur,Assets/Tracks/#ChapterCover/RhythmMasterBlur.jpg,a2deaaf0584d00b0bc69edb529c74a22.bundle,UnityEngine.Sprite;UnityEngine.Texture2D,a2deaaf0584d00b0bc69edb529c74a22.bundle,RhythmMasterBlur,1024,540,3
Rotaeno,Assets/Tracks/#ChapterCover/Rotaeno.jpg,5568a9f0e2c4e94c52b5b864503fe661.bundle,UnityEngine.Sprite;UnityEngine.Texture2D,5568a9f0e2c4e94c52b5b864503fe661.bundle,Rotaeno,1024,540,3
RotaenoBlur,Assets/Tracks/#ChapterCover/RotaenoBlur.jpg,01c332e88491f117becdb80a9db3d950.bundle,UnityEngine.Sprite;UnityEngine.Texture2D,01c332e88491f117becdb80a9db3d950.bundle,RotaenoBlur,1024,540,3
SHINOBISLASH,Assets/Tracks/#ChapterCover/SHINOBISLASH.jpg,464c6ee9fed310a1a19ce95b39de4d94.bundle,UnityEngine.Sprite;UnityEngine.Texture2D,464c6ee9fed310a1a19ce95b39de4d94.bundle,SHINOBISLASH,1024,540,3
SHINOBISLASHBlur,Assets/Tracks/#ChapterCover/SHINOBISLASHBlur.jpg,2955becf27a434661d84c6f9bed23aab.bundle,UnityEngine.Sprite;UnityEngine.Texture2D,2955becf27a434661d84c6f9bed23aab.bundle,SHINOBISLASHBlur,1024,540,3
SideStory1,Assets/Tracks/#ChapterCover/SideStory1.jpg,835d5bfd77d3595cea219375890026bc.bundle,UnityEngine.Sprite;UnityEngine.Texture2D,835d5bfd77d3595cea219375890026bc.bundle,SideStory1,1024,540,3
SideStory1Blur,Assets/Tracks/#ChapterCover/SideStory1Blur.jpg,9d818a7f13f567bd6a4481a234e4dbba.bundle,UnityEngine.Sprite;UnityEngine.Texture2D,9d818a7f13f567bd6a4481a234e4dbba.bundle,SideStory1Blur,1024,540,3
SideStory2,Assets/Tracks/#ChapterCover/SideStory2.jpg,151f91e1f7b4b2f8cd0caeb3ff104b9e.bundle,UnityEngine.Sprite;UnityEngine.Texture2D,151f91e1f7b4b2f8cd0caeb3ff104b9e.bundle,SideStory2,1024,540,3
SideStory2Blur,Assets/Tracks/#ChapterCover/SideStory2Blur.jpg,23ca728c7b1a84e8734bbe2e36edaa9d.bundle,UnityEngine.Sprite;UnityEngine.Texture2D,23ca728c7b1a84e8734bbe2e36edaa9d.bundle,SideStory2Blur,1024,540,3
SideStory3,Assets/Tracks/#ChapterCover/SideStory3.jpg,14c6bb30d16aed0354e89add9a6dc21a.bundle,UnityEngine.Sprite;UnityEngine.Texture2D,14c6bb30d16aed0354e89add9a6dc21a.bundle,SideStory3,1024,540,3
SideStory3Blur,Assets/Tracks/#ChapterCover/SideStory3Blur.jpg,6a62034f2f018f97387b0c2f4ec8e6a6.bundle,UnityEngine.Sprite;UnityEngine.Texture2D,6a62034f2f018f97387b0c2f4ec8e6a6.bundle,SideStory3Blur,1024,540,3
SideStory4,Assets/Tracks/#ChapterCover/SideStory4.jpg,ae6fe0e99c8e73c334c72afbc4f6a8fd.bundle,UnityEngine.Sprite;UnityEngine.Texture2D,ae6fe0e99c8e73c334c72afbc4f6a8fd.bundle,SideStory4,1024,540,3
SideStory4Blur,Assets/Tracks/#ChapterCover/SideStory4Blur.jpg,4ac79918dc62ffdbde20d44bb8c31848.bundle,UnityEngine.Sprite;UnityEngine.Texture2D,4ac79918dc62ffdbde20d44bb8c31848.bundle,SideStory4Blur,1024,540,3
Single,Assets/Tracks/#ChapterCover/Single.jpg,4c0559b64d4f04a5bb571669161de20d.bundle,UnityEngine.Sprite;UnityEngine.Texture2D,4c0559b64d4f04a5bb571669161de20d.bundle,Single,1024,540,3
SingleBlur,Assets/Tracks/#ChapterCover/SingleBlur.jpg,ef15abf7f6897d5fd5577aaf375e93b4.bundle,UnityEngine.Sprite;UnityEngine.Texture2D,ef15abf7f6897d5fd5577aaf375e93b4.bundle,SingleBlur,1024,540,3
TAKUMI3,Assets/Tracks/#ChapterCover/TAKUMI3.jpg,a7b16b4288e2ac94f0f3e6d4c59be06c.bundle,UnityEngine.Sprite;UnityEngine.Texture2D,a7b16b4288e2ac94f0f3e6d4c59be06c.bundle,TAKUMI3,1024,540,3
TAKUMI3Blur,Assets/Tracks/#ChapterCover/TAKUMI3Blur.jpg,f6daca8dd9ba55d106bfeefc3d6de7cb.bundle,UnityEngine.Sprite;UnityEngine.Texture2D,f6daca8dd9ba55d106bfeefc3d6de7cb.bundle,TAKUMI3Blur,1024,540,3
TEA12,Assets/Tracks/#ChapterCover/TEA12.jpg,eaf908cffa33cdb4ea6634a1ed65c4a8.bundle,UnityEngine.Sprite;UnityEngine.Texture2D,eaf908cffa33cdb4ea6634a1ed65c4a8.bundle,TEA12,1024,540,3
TEA12Blur,Assets/Tracks/#ChapterCover/TEA12Blur.jpg,039d88335e36051d276d0cb5fe10db7f.bundle,UnityEngine.Sprite;UnityEngine.Texture2D,039d88335e36051d276d0cb5fe10db7f.bundle,TEA12Blur,1024,540,3
WAVEAT,Assets/Tracks/#ChapterCover/WAVEAT.jpg,5fb0ec5d8b1ac2d511b1e0abd36b092b.bundle,UnityEngine.Sprite;UnityEngine.Texture2D,5fb0ec5d8b1ac2d511b1e0abd36b092b.bundle,WAVEAT,1024,540,3
WAVEATBlur,Assets/Tracks/#ChapterCover/WAVEATBlur.jpg,39029490eb70195ecd375e8bbd416d86.bundle,UnityEngine.Sprite;UnityEngine.Texture2D,39029490eb70195ecd375e8bbd416d86.bundle,WAVEATBlur,1024,540,3
闫东炜,Assets/Tracks/#ChapterCover/闫东炜.jpg,ac941075686c1aaae6b59df5b33da83b.bundle,UnityEngine.Sprite;UnityEngine.Texture2D,ac941075686c1aaae6b59df5b33da83b.bundle,闫东炜,1024,540,3
闫东炜Blur,Assets/Tracks/#ChapterCover/闫东炜Blur.jpg,1df225e2d0843567011ecd23c6021c4d.bundle,UnityEngine.Sprite;UnityEngine.Texture2D,1df225e2d0843567011ecd23c6021c4d.bundle,闫东炜Blur,1024,540,3
