stringOffset,value
594551,Level2Map
594737,Level1
594744,Level2
594751,Level3
595028,level1
595035,level2
595042,level3
596094,level2Maps
596531,AppendLevel5
596695,processLevel2
603789,System.Collections.Generic.IEnumerable<System.Char>.GetEnumerator
603855,System.Collections.IEnumerable.GetEnumerator
609849,System.Collections.Generic.IList<T>.get_Item
609894,System.Collections.Generic.IList<T>.set_Item
609944,System.Collections.Generic.IList<T>.IndexOf
609988,System.Collections.Generic.IList<T>.Insert
610031,System.Collections.Generic.IList<T>.RemoveAt
610076,System.Collections.Generic.IReadOnlyList<T>.get_Item
610129,System.Collections.Generic.ICollection<T>.get_IsReadOnly
610186,System.Collections.Generic.ICollection<T>.Add
610232,System.Collections.Generic.ICollection<T>.Clear
610280,System.Collections.Generic.ICollection<T>.Contains
610331,System.Collections.Generic.ICollection<T>.Remove
610380,System.Collections.Generic.IEnumerable<T>.GetEnumerator
610525,System.Collections.Generic.IList<T>.Item
610566,System.Collections.Generic.IReadOnlyList<T>.Item
610615,System.Collections.Generic.ICollection<T>.IsReadOnly
610713,System.Collections.IEnumerator.get_Current
610756,System.Collections.IEnumerator.Reset
610822,System.Collections.IEnumerator.Current
624972,s_charToHexLookup
627663,System.Collections.IStructuralEquatable.Equals
627710,System.Collections.IStructuralComparable.CompareTo
627761,System.Collections.IStructuralEquatable.GetHashCode
634475,Packet
636450,servicePack
636512,_servicePack
636747,System.Collections.ICollection.get_Count
636788,System.Collections.IList.get_IsReadOnly
636828,System.Collections.IList.get_Item
636862,System.Collections.IList.set_Item
636896,System.Collections.IList.Add
636925,System.Collections.IList.Contains
636959,System.Collections.IList.Clear
636990,System.Collections.IList.IndexOf
637023,System.Collections.IList.Insert
637055,System.Collections.IList.Remove
637087,System.Collections.IList.RemoveAt
637439,InternalArray__ICollection_get_Count
637476,InternalArray__ICollection_get_IsReadOnly
637577,InternalArray__ICollection_Clear
637610,InternalArray__ICollection_Add
637641,InternalArray__ICollection_Remove
637675,InternalArray__ICollection_Contains
637722,InternalArray__ICollection_CopyTo
637794,InternalArray__IReadOnlyCollection_get_Count
638320,System.Collections.ICollection.Count
638357,System.Collections.IList.IsReadOnly
638393,System.Collections.IList.Item
642353,GetCollectionCount
642540,CollectionCount
644327,packing
644335,GetPacking
645372,collection
646016,NotSupported_KeyCollectionSet
646046,NotSupported_ValueCollectionSet
646272,NotSupported_ReadOnlyCollection
646475,ArgumentOutOfRange_BiggerThanCollection
650080,MyMusic
650492,CommonMusic
653618,inheritanceLevel
653645,get_InheritanceLevel
653673,_inheritanceLevel
653697,InheritanceLevel
655709,LowLevelStack
660874,pointer_level
661529,trackResurrection
661570,get_TrackResurrection
661625,TrackResurrection
667345,enableThreadOwnerTracking
667424,ContinueTryEnterWithThreadTracking
667515,get_IsThreadOwnerTrackingEnabled
667594,IsThreadOwnerTrackingEnabled
671357,enableWorkerTracking
673897,critical_region_level
674264,System.Collections.IComparer.Compare
675727,traceLevel
683161,CausalityTraceLevel
689805,level
698650,TokenImpersonationLevel
699782,System.Collections.Generic.IEnumerator<System.Security.Claims.Claim>.get_Current
699863,System.Collections.Generic.IEnumerable<System.Security.Claims.Claim>.GetEnumerator
699988,System.Collections.Generic.IEnumerator<System.Security.Claims.Claim>.Current
704042,StartTrackingLifetime
705324,ITrackingHandler
705430,TrackingServices
706721,TrackLifetime
707344,GetDynamicPropertyCollection
708063,DynamicPropertyCollection
710109,AppDomainLevelActivator
710180,ConstructionLevelActivator
710207,ContextLevelActivator
721800,TypeFilterLevel
725085,m_securityLevel
727896,TopLevelAssemblyTypeResolver
727925,topLevelAssembly
727969,m_topLevelAssembly
730097,FEsecurityLevel
730975,WeakTrackResurrection
732813,pack
732818,Pack
738540,"System.Collections.Generic.IEnumerable<System.Collections.Generic.KeyValuePair<TKey,TValue>>.GetEnumerator"
742377,EnableJITcompileTracking
752648,System.Collections.Generic.IEnumerator<System.Reflection.MethodInfo>.get_Current
752729,System.Collections.Generic.IEnumerable<System.Reflection.MethodInfo>.GetEnumerator
752833,System.Collections.Generic.IEnumerator<System.Reflection.MethodInfo>.Current
752941,System.Collections.Generic.IEnumerator<System.Reflection.TypeInfo>.get_Current
753020,System.Collections.Generic.IEnumerable<System.Reflection.TypeInfo>.GetEnumerator
753101,System.Collections.Generic.IEnumerator<System.Reflection.TypeInfo>.Current
759882,get_core_clr_security_level
767587,throwOnTopLevelDirectoryNotFound
768558,FinishTrackingAsyncOperation
774599,get_CategoryLevel1Index
774623,get_CategoryLevel2Index
774647,get_CategoryLevel3Index
774691,CategoryLevel1Index
774711,CategoryLevel2Index
774731,CategoryLevel3Index
796018,EventLevel
796252,set_Level
796312,<Level>k__BackingField
796394,Level
796856,System.Collections
797027,ICollection
797236,NodeKeyValueCollection
797266,System.Collections.ICollection.CopyTo
797304,System.Collections.ICollection.get_IsSynchronized
797354,System.Collections.ICollection.get_SyncRoot
797398,System.Collections.ICollection.IsSynchronized
797444,System.Collections.ICollection.SyncRoot
797680,CollectionBase
797718,System.Collections.IList.get_IsFixedSize
797887,System.Collections.IList.IsFixedSize
798009,ReadOnlyCollectionBase
799050,KeyCollection
799085,ValueCollection
799224,System.Collections.Concurrent
799577,System.Collections.Generic.IEnumerator<T>.get_Current
799662,System.Collections.Generic.IEnumerator<T>.Current
799730,CDSCollectionETWBCLProvider
799852,InitializeFromCollection
799877,concurrencyLevel
799974,"System.Collections.Generic.ICollection<System.Collections.Generic.KeyValuePair<TKey,TValue>>.CopyTo"
800219,"System.Collections.Generic.IDictionary<TKey,TValue>.Add"
800275,"System.Collections.Generic.IDictionary<TKey,TValue>.Remove"
800334,"System.Collections.Generic.IReadOnlyDictionary<TKey,TValue>.get_Keys"
800403,"System.Collections.Generic.IReadOnlyDictionary<TKey,TValue>.get_Values"
800487,"System.Collections.Generic.ICollection<System.Collections.Generic.KeyValuePair<TKey,TValue>>.Add"
800584,"System.Collections.Generic.ICollection<System.Collections.Generic.KeyValuePair<TKey,TValue>>.Contains"
800686,"System.Collections.Generic.ICollection<System.Collections.Generic.KeyValuePair<TKey,TValue>>.get_IsReadOnly"
800794,"System.Collections.Generic.ICollection<System.Collections.Generic.KeyValuePair<TKey,TValue>>.Remove"
800894,System.Collections.IDictionary.Add
800929,System.Collections.IDictionary.Contains
800969,System.Collections.IDictionary.GetEnumerator
801014,System.Collections.IDictionary.get_IsFixedSize
801061,System.Collections.IDictionary.get_IsReadOnly
801107,System.Collections.IDictionary.get_Keys
801147,System.Collections.IDictionary.Remove
801185,System.Collections.IDictionary.get_Values
801227,System.Collections.IDictionary.get_Item
801267,System.Collections.IDictionary.set_Item
801381,get_DefaultConcurrencyLevel
801563,_serializationConcurrencyLevel
801638,"System.Collections.Generic.IReadOnlyDictionary<TKey,TValue>.Keys"
801703,"System.Collections.Generic.IReadOnlyDictionary<TKey,TValue>.Values"
801770,"System.Collections.Generic.ICollection<System.Collections.Generic.KeyValuePair<TKey,TValue>>.IsReadOnly"
801874,System.Collections.IDictionary.IsFixedSize
801917,System.Collections.IDictionary.IsReadOnly
801959,System.Collections.IDictionary.Keys
801995,System.Collections.IDictionary.Values
802033,System.Collections.IDictionary.Item
802069,DefaultConcurrencyLevel
802184,"System.Collections.Generic.IEnumerator<System.Collections.Generic.KeyValuePair<TKey,TValue>>.get_Current"
802317,"System.Collections.Generic.IEnumerator<System.Collections.Generic.KeyValuePair<TKey,TValue>>.Current"
802441,IProducerConsumerCollectionDebugView`1
802480,Collection`1
802493,System.Collections.ObjectModel
802600,ReadOnlyCollection`1
802621,KeyedCollection`2
802759,"System.Collections.Generic.IDictionary<TKey,TValue>.get_Keys"
802820,"System.Collections.Generic.IDictionary<TKey,TValue>.get_Values"
802883,"System.Collections.Generic.IDictionary<TKey,TValue>.get_Item"
802944,"System.Collections.Generic.IDictionary<TKey,TValue>.set_Item"
803005,"System.Collections.Generic.ICollection<System.Collections.Generic.KeyValuePair<TKey,TValue>>.Clear"
803120,System.Collections.IDictionary.Clear
803170,"System.Collections.Generic.IDictionary<TKey,TValue>.Keys"
803227,"System.Collections.Generic.IDictionary<TKey,TValue>.Values"
803286,"System.Collections.Generic.IDictionary<TKey,TValue>.Item"
803355,System.Collections.Generic.ICollection<TKey>.Add
803404,System.Collections.Generic.ICollection<TKey>.Clear
803455,System.Collections.Generic.ICollection<TKey>.Contains
803509,System.Collections.Generic.ICollection<TKey>.get_IsReadOnly
803569,System.Collections.Generic.ICollection<TKey>.Remove
803621,_collection
803633,System.Collections.Generic.ICollection<TKey>.IsReadOnly
803689,System.Collections.Generic.ICollection<TValue>.Add
803740,System.Collections.Generic.ICollection<TValue>.Clear
803793,System.Collections.Generic.ICollection<TValue>.Contains
803849,System.Collections.Generic.ICollection<TValue>.get_IsReadOnly
803911,System.Collections.Generic.ICollection<TValue>.Remove
803965,System.Collections.Generic.ICollection<TValue>.IsReadOnly
804049,CopyToNonGenericICollectionHelper
804101,System.Collections.Generic
804289,System.Collections.IDictionaryEnumerator.get_Entry
804340,System.Collections.IDictionaryEnumerator.get_Key
804389,System.Collections.IDictionaryEnumerator.get_Value
804462,System.Collections.IDictionaryEnumerator.Entry
804509,System.Collections.IDictionaryEnumerator.Key
804554,System.Collections.IDictionaryEnumerator.Value
804601,System.Collections.Generic.IEnumerable<TKey>.GetEnumerator
804660,System.Collections.Generic.IEnumerable<TValue>.GetEnumerator
804721,ICollection`1
804735,ICollectionDebugView`1
804784,DictionaryKeyCollectionDebugView`2
804819,DictionaryValueCollectionDebugView`2
804912,IReadOnlyCollection`1
805345,LowLevelDictionary`2
805421,CollectionExtensions
805602,CollectionDebugView`1
805646,LowLevelList`1
805661,LowLevelListWithIList`1
805965,System.Collections.IEqualityComparer.GetHashCode
806014,System.Collections.IEqualityComparer.Equals
817355,YogaLogLevel
823066,StartTracking
823080,StopTracking
823139,StartTrackingRecursive
823162,StopTrackingRecursive
823249,PerformTrackingOperations
824248,StartClickTracking
824282,CancelClickTracking
826630,CollectionViewController
826786,collectionView
827533,System.Collections.Generic.IEnumerator<System.Int32>.get_Current
827598,System.Collections.Generic.IEnumerable<System.Int32>.GetEnumerator
827734,System.Collections.Generic.IEnumerator<System.Int32>.Current
827882,CollectionVirtualizationController
829778,ReusableCollectionItem
831231,m_CollectionView
832671,get_showBoundCollectionSize
832699,set_showBoundCollectionSize
833317,m_ShowBoundCollectionSize
834135,showBoundCollectionSize
834802,get_trackElement
834819,set_trackElement
836225,<trackElement>k__BackingField
836580,trackerUssClassName
836691,trackElement
837356,CollectionVirtualizationMethod
837460,BaseVerticalCollectionView
840653,System.Collections.Generic.IEnumerator<System.Object>.get_Current
840719,System.Collections.Generic.IEnumerable<System.Object>.GetEnumerator
840810,System.Collections.Generic.IEnumerator<System.Object>.Current
849979,get_collection
849994,set_collection
850387,<collection>k__BackingField
865022,ICollectionDragAndDropController
881251,StylePropertyNameCollection
881279,System.Collections.Generic.IEnumerable<UnityEngine.UIElements.StylePropertyName>.GetEnumerator
897596,ApplyPackingRotation
925460,StyleValueCollection
926804,UpdateTracking
940882,UIElementsPackageUtility
940907,get_IsUIEPackageLoaded
940930,set_IsUIEPackageLoaded
941009,<IsUIEPackageLoaded>k__BackingField
941086,IsUIEPackageLoaded
948104,System.Collections.Generic.IEnumerator<UnityEngine.UIElements.StyleSheet>.get_Current
948190,System.Collections.Generic.IEnumerable<UnityEngine.UIElements.StyleSheet>.GetEnumerator
948375,System.Collections.Generic.IEnumerator<UnityEngine.UIElements.StyleSheet>.Current
948489,System.Collections.Generic.IEnumerator<UnityEngine.UIElements.VisualTreeAsset>.get_Current
948580,System.Collections.Generic.IEnumerable<UnityEngine.UIElements.VisualTreeAsset>.GetEnumerator
948695,System.Collections.Generic.IEnumerator<UnityEngine.UIElements.VisualTreeAsset>.Current
951830,BaseVisualTreeHierarchyTrackerUpdater
951969,TrackingAddOrMove
951987,TrackingRemove
955605,WriteRawInt2Packed
955633,WriteRawFloat4Packed
958427,m_DirtyTracker
959307,DepthOrderedDirtyTracking
977459,MultiColumnCollectionHeader
984910,xmlCharType
985819,SurrogateCharToUtf32
985867,ConformanceLevel
986656,indentLevel
992438,trackTextContent
992641,currentConformanceLevel
992710,conformanceLevel
993863,get_ConformanceLevel
993884,set_ConformanceLevel
997661,ParseRootLevelWhitespace
1001347,ResetAttributesRootLevel
1005952,CharToUTF8
1006359,schemaCollection
1007345,TopLevel
1007403,RootLevelAttr
1007417,RootLevelSpecAttr
1007435,RootLevelB64Attr
1007452,AfterRootLevelAttr
1007654,StartRootLevelAttr
1011353,XmlAttributeCollection
1011757,System.Collections.IEnumerator.MoveNext
1016123,nLogLevel
1016356,ReadAtZeroLevel
1016988,get_ParsingTopLevelMarkup
1018659,ParsingTopLevelMarkup
1019683,XmlCharType
1024375,collectionType
1025136,get_NestingLevel
1025173,nestingLevel
1025206,NestingLevel
1027109,XmlSerializationCollectionFixupCallback
1027149,collectionItems
1027369,CreateReadOnlyCollectionException
1028283,CollectionFixup
1028312,get_Collection
1028327,get_CollectionItems
1028347,set_CollectionItems
1028367,Collection
1028378,CollectionItems
1028406,CollectionItemFixup
1029367,TopLevelElement
1029909,topLevelElement
1031181,set_NestingLevel
1031418,_nestingLevel
1035486,get_SchemaCollection
1035681,SchemaCollection
1043576,positionWithinCollection
1047905,SchemaCollectionCompiler
1049631,SchemaCollectionPreprocessor
1063408,XmlSchemaCollection
1063501,XmlSchemaCollectionNode
1063579,XmlSchemaCollectionEnumerator
1066975,XmlSchemaObjectCollection
1067111,ValuesCollection
1069494,TopLevelAttribute
1069512,TopLevelTextOrWS
1072963,ICollectionType
1081282,_xmlCharType
1095998,"System.Collections.Generic.IEnumerator<System.Collections.Generic.KeyValuePair<System.String,System.String>>.get_Current"
1096119,"System.Collections.Generic.IEnumerable<System.Collections.Generic.KeyValuePair<System.String,System.String>>.GetEnumerator"
1096275,"System.Collections.Generic.IEnumerator<System.Collections.Generic.KeyValuePair<System.String,System.String>>.Current"
1104507,CaptureCollection
1104525,System.Collections.Generic.IEnumerable<System.Text.RegularExpressions.Capture>.GetEnumerator
1104646,System.Collections.Generic.IList<System.Text.RegularExpressions.Capture>.IndexOf
1104727,System.Collections.Generic.IList<System.Text.RegularExpressions.Capture>.Insert
1104807,System.Collections.Generic.IList<System.Text.RegularExpressions.Capture>.RemoveAt
1104889,System.Collections.Generic.IList<System.Text.RegularExpressions.Capture>.get_Item
1104971,System.Collections.Generic.IList<System.Text.RegularExpressions.Capture>.set_Item
1105053,System.Collections.Generic.ICollection<System.Text.RegularExpressions.Capture>.Add
1105136,System.Collections.Generic.ICollection<System.Text.RegularExpressions.Capture>.Clear
1105221,System.Collections.Generic.ICollection<System.Text.RegularExpressions.Capture>.Contains
1105309,System.Collections.Generic.ICollection<System.Text.RegularExpressions.Capture>.Remove
1105422,System.Collections.Generic.IList<System.Text.RegularExpressions.Capture>.Item
1105500,CollectionDebuggerProxy`1
1105580,GroupCollection
1105615,System.Collections.Generic.IEnumerable<System.Text.RegularExpressions.Group>.GetEnumerator
1105728,System.Collections.Generic.IList<System.Text.RegularExpressions.Group>.IndexOf
1105807,System.Collections.Generic.IList<System.Text.RegularExpressions.Group>.Insert
1105885,System.Collections.Generic.IList<System.Text.RegularExpressions.Group>.RemoveAt
1105965,System.Collections.Generic.IList<System.Text.RegularExpressions.Group>.get_Item
1106045,System.Collections.Generic.IList<System.Text.RegularExpressions.Group>.set_Item
1106125,System.Collections.Generic.ICollection<System.Text.RegularExpressions.Group>.Add
1106206,System.Collections.Generic.ICollection<System.Text.RegularExpressions.Group>.Clear
1106289,System.Collections.Generic.ICollection<System.Text.RegularExpressions.Group>.Contains
1106375,System.Collections.Generic.ICollection<System.Text.RegularExpressions.Group>.Remove
1106486,System.Collections.Generic.IList<System.Text.RegularExpressions.Group>.Item
1106832,MatchCollection
1106866,System.Collections.Generic.IEnumerable<System.Text.RegularExpressions.Match>.GetEnumerator
1106966,System.Collections.Generic.IList<System.Text.RegularExpressions.Match>.IndexOf
1107045,System.Collections.Generic.IList<System.Text.RegularExpressions.Match>.Insert
1107123,System.Collections.Generic.IList<System.Text.RegularExpressions.Match>.RemoveAt
1107203,System.Collections.Generic.IList<System.Text.RegularExpressions.Match>.get_Item
1107283,System.Collections.Generic.IList<System.Text.RegularExpressions.Match>.set_Item
1107363,System.Collections.Generic.ICollection<System.Text.RegularExpressions.Match>.Add
1107444,System.Collections.Generic.ICollection<System.Text.RegularExpressions.Match>.Clear
1107527,System.Collections.Generic.ICollection<System.Text.RegularExpressions.Match>.Contains
1107613,System.Collections.Generic.ICollection<System.Text.RegularExpressions.Match>.Remove
1107732,System.Collections.Generic.IList<System.Text.RegularExpressions.Match>.Item
1109604,trackcount
1109641,OpcodeBacktracks
1110028,TrackCount
1110435,InitTrackCount
1110464,Trackto
1110490,Trackpos
1110499,TrackPush
1110512,TrackPush2
1110523,Backtrack
1110545,TrackPop
1110564,TrackPeek
1112484,DoubleTrack
1112640,runtrack
1112649,runtrackpos
1112703,runtrackcount
1113073,_trackCount
1113317,s_LastCollectionCount
1113339,SwitchLevelAttribute
1113360,switchLevelType
1113376,set_SwitchLevelType
1113396,SwitchLevelType
1113761,get_IndentLevel
1113840,IndentLevel
1113863,TraceLevel
1113905,set_IndentLevel
1114120,TraceListenerCollection
1115075,ProcessModuleCollection
1115099,ProcessThreadCollection
1115914,ReadCollectionWithTag
1116582,OidCollection
1119800,X509Certificate2Collection
1120222,X509CertificateCollection
1120283,X509CertificateImplCollection
1120539,X509ChainElementCollection
1120726,get_CertificateCollection
1120767,SelectBestFromCollection
1121316,CertificateCollection
1121873,X509ExtensionCollection
1122560,ComponentCollection
1123478,AttributeCollection
1123867,CollectionChangeAction
1123890,CollectionChangeEventArgs
1123977,CollectionChangeEventHandler
1124924,EventDescriptorCollection
1127038,PropertyDescriptorCollection
1127933,IChangeTracking
1127987,IRevertibleChangeTracking
1128196,CollectionConverter
1128500,CreateAttributeCollection
1128579,attributeCollection
1130483,StandardValuesCollection
1133121,System.Collections.Specialized
1133186,NameValueCollection
1133506,OrderedDictionaryKeyValueCollection
1133542,StringCollection
1133559,INotifyCollectionChanged
1133584,NotifyCollectionChangedAction
1133614,NotifyCollectionChangedEventArgs
1133872,NotifyCollectionChangedEventHandler
1133921,NameObjectCollectionBase
1134701,CompressionLevel
1134942,compressionLevel
1146486,WebHeaderCollectionType
1146636,WebHeaderCollection
1146679,get_InnerCollection
1146998,m_InnerCollection
1147046,InnerCollection
1147532,m_AuthenticationLevel
1147554,m_ImpersonationLevel
1150434,CookieCollection
1150600,CookieCollectionEnumerator
1150708,ExpireCollection
1150833,BuildCookieCollectionFromDomainMatches
1150884,MergeUpdateCollections
1156619,cookieCollection
1165195,IPProtectionLevel
1165632,RequestCacheLevel
1165741,get_Level
1165751,m_Level
1166415,SetIPProtectionLevel
1166540,optionLevel
1171678,SendPackets
1172421,SocketOptionLevel
1172844,PacketInformation
1172994,Seqpacket
1178789,ValidateAndTrackHeader
1180794,AuthenticationLevel
1182616,BypassElementCollection
1182668,ConnectionManagementElementCollection
1182962,WebRequestModuleElementCollection
1185168,collectionSelector
1185187,TCollection
1197896,collectionSelectorAwaiter
1204810,JsonConverterCollection
1212043,WriteCharToBuffer
1218612,CalculateLevelsToComplete
1218883,LevelsToComplete
1220436,CollectionUtils
1220469,collectionItemType
1220488,ResolveEnumerableCollectionConstructor
1220776,IWrappedCollection
1220795,get_UnderlyingCollection
1220820,UnderlyingCollection
1220841,CollectionWrapper`1
1220877,_genericCollection
1225999,ImmutableCollectionsUtils
1226653,ArrayContractImmutableCollectionDefinitions
1226879,DictionaryContractImmutableCollectionDefinitions
1226928,ImmutableCollectionTypeInfo
1227710,FirstCharToEscape
1229748,GetCollectionItemType
1232507,IsConcurrentOrObservableCollection
1233764,"System.Collections.Generic.IEnumerator<System.Collections.Generic.KeyValuePair<System.Object,System.Object>>.get_Current"
1233885,"System.Collections.Generic.IEnumerator<System.Collections.Generic.KeyValuePair<System.Object,System.Object>>.Current"
1235055,get_LevelFilter
1235071,set_LevelFilter
1235105,<LevelFilter>k__BackingField
1235134,LevelFilter
1235649,get_CollectionItemType
1235933,CreateTemporaryCollection
1235993,<CollectionItemType>k__BackingField
1236070,_genericCollectionDefinitionType
1236146,_genericTemporaryCollectionCreator
1236381,CollectionItemType
1241318,JsonPropertyCollection
1241644,System.Collections.Generic.IEqualityComparer<System.Object>.Equals
1241711,System.Collections.Generic.IEqualityComparer<System.Object>.GetHashCode
1243187,collectionContract
1243689,_rootLevel
1249537,JsonSchemaNodeCollection
1250180,System.Collections.Generic.IEnumerator<U>.get_Current
1250234,System.Collections.Generic.IEnumerable<U>.GetEnumerator
1250311,System.Collections.Generic.IEnumerator<U>.Current
1250736,add_CollectionChanged
1250758,remove_CollectionChanged
1250799,CreateChildrenCollection
1250850,OnCollectionChanged
1251258,System.Collections.Generic.IList<LC.Newtonsoft.Json.Linq.JToken>.IndexOf
1251331,System.Collections.Generic.IList<LC.Newtonsoft.Json.Linq.JToken>.Insert
1251403,System.Collections.Generic.IList<LC.Newtonsoft.Json.Linq.JToken>.RemoveAt
1251477,System.Collections.Generic.IList<LC.Newtonsoft.Json.Linq.JToken>.get_Item
1251551,System.Collections.Generic.IList<LC.Newtonsoft.Json.Linq.JToken>.set_Item
1251625,System.Collections.Generic.ICollection<LC.Newtonsoft.Json.Linq.JToken>.Add
1251700,System.Collections.Generic.ICollection<LC.Newtonsoft.Json.Linq.JToken>.Clear
1251777,System.Collections.Generic.ICollection<LC.Newtonsoft.Json.Linq.JToken>.Contains
1251857,System.Collections.Generic.ICollection<LC.Newtonsoft.Json.Linq.JToken>.CopyTo
1251935,System.Collections.Generic.ICollection<LC.Newtonsoft.Json.Linq.JToken>.get_IsReadOnly
1252021,System.Collections.Generic.ICollection<LC.Newtonsoft.Json.Linq.JToken>.Remove
1252901,_collectionChanged
1252926,System.Collections.Generic.IList<LC.Newtonsoft.Json.Linq.JToken>.Item
1252996,System.Collections.Generic.ICollection<LC.Newtonsoft.Json.Linq.JToken>.IsReadOnly
1253543,CollectionChanged
1253680,System.Collections.Generic.IEnumerator<LC.Newtonsoft.Json.Linq.JToken>.get_Current
1253763,System.Collections.Generic.IEnumerable<LC.Newtonsoft.Json.Linq.JToken>.GetEnumerator
1253866,System.Collections.Generic.IEnumerator<LC.Newtonsoft.Json.Linq.JToken>.Current
1254133,"System.Collections.Generic.IDictionary<System.String,LC.Newtonsoft.Json.Linq.JToken>.get_Keys"
1254227,"System.Collections.Generic.IDictionary<System.String,LC.Newtonsoft.Json.Linq.JToken>.get_Values"
1254323,"System.Collections.Generic.ICollection<System.Collections.Generic.KeyValuePair<System.String,LC.Newtonsoft.Json.Linq.JToken>>.Add"
1254453,"System.Collections.Generic.ICollection<System.Collections.Generic.KeyValuePair<System.String,LC.Newtonsoft.Json.Linq.JToken>>.Clear"
1254585,"System.Collections.Generic.ICollection<System.Collections.Generic.KeyValuePair<System.String,LC.Newtonsoft.Json.Linq.JToken>>.Contains"
1254720,"System.Collections.Generic.ICollection<System.Collections.Generic.KeyValuePair<System.String,LC.Newtonsoft.Json.Linq.JToken>>.CopyTo"
1254853,"System.Collections.Generic.ICollection<System.Collections.Generic.KeyValuePair<System.String,LC.Newtonsoft.Json.Linq.JToken>>.get_IsReadOnly"
1254994,"System.Collections.Generic.ICollection<System.Collections.Generic.KeyValuePair<System.String,LC.Newtonsoft.Json.Linq.JToken>>.Remove"
1255248,"System.Collections.Generic.IDictionary<System.String,LC.Newtonsoft.Json.Linq.JToken>.Keys"
1255338,"System.Collections.Generic.IDictionary<System.String,LC.Newtonsoft.Json.Linq.JToken>.Values"
1255430,"System.Collections.Generic.ICollection<System.Collections.Generic.KeyValuePair<System.String,LC.Newtonsoft.Json.Linq.JToken>>.IsReadOnly"
1255670,"System.Collections.Generic.IEnumerator<System.Collections.Generic.KeyValuePair<System.String,LC.Newtonsoft.Json.Linq.JToken>>.get_Current"
1255808,"System.Collections.Generic.IEnumerator<System.Collections.Generic.KeyValuePair<System.String,LC.Newtonsoft.Json.Linq.JToken>>.Current"
1256111,JPropertyKeyedCollection
1257248,CharTypes
1265689,get_ImplementsIChangeTracking
1265719,get_ImplementsIRevertibleChangeTracking
1266838,_implementsIChangeTracking
1266865,_implementsIRevertibleChangeTracking
1267351,ImplementsIChangeTracking
1267377,ImplementsIRevertibleChangeTracking
1269920,UDTImplementsIChangeTrackingButnotIRevertible
1271305,RowAlreadyInOtherCollection
1271333,RowAlreadyInTheCollection
1274195,TopLevelTables
1274544,_tableCollection
1274561,_relationCollection
1274703,_fTopLevelTable
1277678,UpdatePropertyDescriptorCollectionCache
1277718,GetPropertyDescriptorCollection
1278080,_rowCollection
1278095,_columnCollection
1278113,_constraintCollection
1278155,_parentRelationsCollection
1278182,_childRelationsCollection
1278737,_propertyDescriptorCollectionCache
1280528,InternalDataCollectionBase
1280771,get_InCollection
1280788,set_InCollection
1280879,CheckCanAddToCollection
1280919,CanBeRemovedFromCollection
1281025,_inCollection
1281054,InCollection
1281076,ConstraintCollection
1281496,_onCollectionChanged
1282003,DataColumnCollection
1282024,get_ColumnsImplementingIChangeTracking
1282063,get_ColumnsImplementingIChangeTrackingCount
1282107,get_ColumnsImplementingIRevertibleChangeTrackingCount
1282222,CheckIChangeTracking
1282266,OnCollectionChanging
1282357,AddColumnsImplementingIChangeTrackingList
1282399,RemoveColumnsImplementingIChangeTrackingList
1282494,_columnsImplementingIChangeTracking
1282530,_nColumnsImplementingIChangeTracking
1282567,_nColumnsImplementingIRevertibleChangeTracking
1282614,CollectionChanging
1282655,ColumnsImplementingIChangeTracking
1282690,ColumnsImplementingIChangeTrackingCount
1282730,ColumnsImplementingIRevertibleChangeTrackingCount
1284248,DataRelationCollection
1284315,_onCollectionChangedDelegate
1284344,_onCollectionChangingDelegate
1284374,DataTableRelationCollection
1284402,fParentCollection
1284525,_fParentCollection
1284568,DataSetRelationCollection
1285765,DataRowCollection
1286242,s_zeroPropertyDescriptorCollection
1286417,DataTableCollection
1286997,trackAddRemove
1287147,ChildRelationCollectionChanged
1287178,ParentRelationCollectionChanged
1287210,ColumnCollectionChanged
1287234,ColumnCollectionChangedInternal
1287840,_dataViewSettingsCollection
1288140,DataViewSettingCollection
1291477,PropertyCollection
1294483,track
1297429,_isTableLevel
1298253,CreateToplevelTables
1298964,_topLevelTables
1303724,changeTracking
1303739,revertibleChangeTracking
1305533,SongHash
1305880,DataMiningCollectionInformation
1305912,collectionIcon
1306061,GetCollectionControl
1306106,levelStartInfo
1306121,levelResultInfo
1306517,unlockedType
1306530,IsAvatarUnlocked
1306547,getSong
1306607,CollectionItemIndex
1306694,IllustrationInfo
1306711,ImportCollections
1306765,getKeyFromSongsBase
1310772,Chapter
1310780,chapterCode
1310792,songInfo
1310801,unlockInfo
1310812,ChapterSongInfo
1310828,get_songsBypassLimited
1310851,set_songsBypassLimited
1310890,songs
1310896,<songsBypassLimited>k__BackingField
1310932,songsBypassLimited
1310951,ChapterSongItem
1310967,songsId
1310975,unlockType
1311008,ChapterSelectorUnlockInfo
1311034,unlockMode
1311045,unlockFlag
1311056,unlockTip
1311112,LevelMods
1311122,levelMods
1311132,ChartUnlock
1311144,ChartPath
1311154,SongAllComboBase
1311183,unlockedTimes
1311207,unlockTimes
1311219,LevelRecord
1311231,levelResult
1311256,SongUpdate
1311275,songsMovedToSingles
1311295,songsAddLegacy
1311354,SongBase
1311363,get_AllSongs
1311376,get_AllSongsBypassLimited
1311402,get_AllSongsBypassLimitedAndOthers
1311437,mainSongs
1311447,extraSongs
1311458,sideStorySongs
1311473,otherSongs
1311484,allSongs
1311550,AllSongs
1311559,AllSongsBypassLimited
1311581,AllSongsBypassLimitedAndOthers
1311612,<get_AllSongsBypassLimitedAndOthers>b__13_0
1311656,SongsItem
1311666,GetLevelStartInfo
1311684,difficultyName
1311699,CastDifficulty
1311714,IsCnLimitedSongDisplayable
1311741,<IsCnLimitedSongDisplayable>g__Detect|24_0
1311784,songsKey
1311793,songsName
1311803,songsTitle
1311814,difficulty
1311837,charter
1311854,levels
1311916,hasDifferentMusic
1311934,differentMusic
1311949,previewClipDifficulty
1312004,DifferentDifficulty
1312281,GetNowChapter
1312295,GetChapterWithCode
1312314,songName
1312323,GetSongsIndex
1312337,chartUnlocked
1312360,CheckSongUnlock
1312376,GetSongInformation
1312395,GetSongAllCombo
1312411,GetSongId
1312421,GetSongAllRecord
1312438,songsLevel
1312449,GetSongRecord
1312463,SetSongRecord
1312487,GetRemainingUnlockTimes
1312760,<Awake>g__DeleteSongRecord|44_1
1312792,<UpdateRankingScore>g__CalculateEachSongRks|50_0
1313042,challengeSongItems
1313074,getCollectionControl
1313107,nowChapterCode
1313157,musicVol
1313277,chapters
1313286,song
1313300,songAllCombos
1313551,<GetChapterWithCode>b__53_0
1313579,<CheckSongUnlock>b__56_0
1313738,LevelResultInfo
1314025,LevelStartInfo
1314062,songsDifficulty
1314078,musicAddressableKey
1314098,chartAddressableKey
1314118,illustrationKey
1314165,SongInfoChecker
1314196,GetSongInfoHash
1314212,CheckSongInfoHash
1314376,PlayTrackNA
1314410,PlayUnityTrack
1314504,PlayTrack
1314514,trackIndex
1315119,TipsCollection
1315605,tweenTrackSize
1315620,_workingTweenTrackSize
1317727,songItem
1317736,levelIndex
1317822,songsNameText
1317865,charterText
1317877,levelText
1318024,ChallengeModeLevelModControl
1318257,_rankLevel
1318268,levelOverComponents
1318319,LevelOverComponent
1319442,Destruction321LevelEffect
1319504,d321ShaderVariantCollection
1319826,_songsLevel
1319838,_songsName
1319947,_levelControl
1320217,DFLevelEffect
1320231,dfShaderVariantCollection
1320599,LuminescenceLevelEffect
1320655,UnlockRetribution
1320709,<UnlockRetribution>b__54_0
1320736,<UnlockRetribution>b__54_1
1320763,lumiShaderVariantCollection
1321148,<UnlockRetribution>b__54_2
1321254,<UnlockRetribution>d__54
1321555,levelControl
1321964,<UnlockRetribution>b__31_0
1321991,<UnlockRetribution>b__31_1
1322018,chatiotShaderVariantCollection
1322059,<UnlockRetribution>b__31_2
1322145,<UnlockRetribution>d__31
1322170,Chapter8HintControl
1322262,hintCollections
1322278,songHintMaps
1322324,SongHintMap
1322421,Chapter8SecPhaseEffect
1322676,Chapter8SelectMusicControl
1322703,get_FromChapterSelector
1322727,set_FromChapterSelector
1322751,ToCollection
1322775,ToSongList
1322819,SetLevel
1322828,ToggleChartMirror
1322846,OpenSongDetail
1322861,OpenSongDetailNormal
1322882,OpenSongDetailAnim
1322901,CloseSongDetailAnim
1322937,OnUnlockStart
1322951,OpenSongDetailVR
1323039,<OnUnlockStart>b__91_0
1323062,<OnUnlockStart>b__91_1
1323085,<FromChapterSelector>k__BackingField
1323142,songDetailCanvas
1323270,collectionButtonText
1323323,songEntries
1323348,songNameText
1323361,songArtistText
1323376,startSongNameText
1323394,startSongArtistText
1323414,songCoverImage
1323429,levelBarController
1323448,levelSliderController
1323470,lockedSongEffect
1323571,startSongInfo
1323599,unlockInfoBar
1323641,chapter8HintControl
1323661,songDetailTweenControl
1323701,selectMusicCanvasGroup
1323759,chapter8ShaderVariantCollection
1323791,nowLevel
1323837,collectionText
1323882,selectedSong
1323895,enableChartMirror
1323913,chapter8SelectMusicXPosition
1323982,vrC8SelectMusicXPos
1324002,FromChapterSelector
1324116,<OnUnlockStart>b__91_2
1324139,<OnUnlockStart>b__91_3
1324301,<CloseSongDetailAnim>d__88
1324328,<musicVolume>5__2
1324346,<OpenSongDetailAnim>d__87
1324404,<musicVolume>5__3
1324502,<musicVolume>5__4
1324639,ToChapter8
1324700,ToCollectionCoroutine
1324722,ToChapter8Coroutine
1324818,chapterSlider
1324832,chapterSliderScale
1324977,chapterSelectAudio
1325014,toCollectionAnim
1325309,<chapterSelectAudioVolume>5__2
1325383,<ToChapter8Coroutine>d__26
1325410,<chapter8Entered>5__2
1325432,<ToCollectionCoroutine>d__25
1325651,ChapterInfo
1325730,allSongNum
1325741,clearSongNum
1325754,fullComboSongNum
1325771,phiSongNum
1325787,ChapterSelector
1325803,chapterIndex
1325816,OpenChapter
1325828,oldChapterIndex
1325844,newChapterIndex
1325860,ChapterAnimationControl
1325884,LoadSongSelector
1325942,songId
1325949,<Start>g__IsSpecifiedSongReachScore|17_7
1326008,<Start>g__SetChapterUnlockTip|17_8
1326072,finishLegacyChapterSongNum
1326099,<Start>g__SetChapterUnlockTipCase2|17_9
1326173,<Start>g__GetLegacyChapterSongFinishNum|17_10
1326219,_chapterInfos
1326233,_nowChapterIndex
1326250,_nowLevelIndex
1326299,chapterPanel
1326312,chapterOpenCurve
1326367,chapterPrefs
1326402,chapter8StartButtonText
1326426,chapter8AllNumTitle
1326805,<ChapterAnimationControl>d__21
1326859,RemoveAllSongControl
1329136,<Apply>g__SaveChapter567UnlockKeys|23_2
1329176,<Apply>g__SaveSongUnlockKeys|23_3
1329210,<Apply>g__SaveRandomUnlockKeys|23_4
1329246,<Apply>g__SaveChapter8Keys|23_5
1329278,<Apply>g__SaveTakumiATUnlockKey|23_6
1329398,<LoadFromLocal>g__LoadChapter567Keys|25_2
1329440,<LoadFromLocal>g__LoadSongUnlockKeys|25_3
1329482,<LoadFromLocal>g__LoadRandomUnlockKeys|25_4
1329526,<LoadFromLocal>g__LoadChapter8Keys|25_5
1329566,<LoadFromLocal>g__LoadTakumiATUnlockKeys|25_6
1329697,<Serialize>g__SerializeChapter567Keys|26_2
1329740,<Serialize>g__SerializeSongUnlockKeys|26_3
1329783,<Serialize>g__SerializeRandomUnlockKeys|26_4
1329828,<Serialize>g__SerializeChapter8Keys|26_5
1329869,<Serialize>g__SerializeTakumiATUnlockKey|26_6
1329926,legacyChapterFinished
1329948,songsUpdateInfo
1329982,unlockFlagOfSpasmodic
1330004,unlockFlagOfIgallta
1330024,unlockFlagOfRrharil
1330044,flagOfSongRecordKey
1330064,flagOfSongRecordKeyTakumi
1330090,alreadyShowCollectionTip
1330115,alreadyShowAutoUnlockINTip
1330142,randomVersionUnlocked
1330164,chapter8UnlockBegin
1330184,chapter8UnlockSecondPhase
1330210,chapter8Passed
1330225,chapter8SongUnlocked
1330420,musicVolume
1330560,CollectionInformation
1330590,CollectionsControl
1330629,PlayPreviewMusic
1330663,collectionSongs
1330679,collectionTexts
1330695,chapterPrefab
1330730,chapterCanvas
1330776,chapterText
1330861,illustrationContainer
1330883,illustrationPrefab
1330902,illustrationPreviewBG
1330924,illustrationPreview
1330944,illustrationPreviewInfo
1330968,illustrationBlurImageLoader
1330996,illustrationImageLoader
1331038,<OpenChapter>b__0
1331056,thisCollectionText
1331075,collectionInformation
1331175,<PlayPreviewMusic>d__34
1331239,CollectionSong
1331254,chapterTitle
1331287,chapterTitleText
1331317,newCollectionsNum
1331335,CollectionText
1331695,levelInformation
1332588,chartNoteSortByTime
1333267,LevelControl
1333408,<Start>g__ReplaceSongNameWithImage|42_1
1333567,levelInformationIntro
1333760,songsNameInIntro
1333796,charterInIntro
1333811,chart
1333817,levelModCount
1333840,specialSongNameReplacements
1333868,SpecialSongNameReplacement
1334088,<levelStartInfo>5__3
1334109,<chartAssetRef>5__4
1334149,ChartNote
1334298,Chart
1334345,LevelInformation
1334430,chartLoaded
1334442,levelBegan
1334453,levelOver
1334463,canLevelOver
1334508,LevelUICont
1334983,BackToChapterSelect
1335109,LevelOver
1335119,LevelBreak
1335303,levelBreak
1335390,<LevelOver>d__36
1335605,GetLevelResultInfo
1335856,GetCollection
1335891,GetNowDifficulty
1335993,<GetCollection>g__GetSideStoryChapterSongFinishNum|48_7
1336049,songsLevels
1336061,_collectionTipTitle
1336081,_collectionTip
1336096,_levelStartInfo
1336206,lastSongsId
1336218,_unlockBossSong
1336247,randomChartVersion
1336278,isBossSongReplaying
1336298,nowSongsIndex
1336373,UnlockFlagPrefix
1336436,EnterIgalltaUnlockState
1336504,EnterIgalltaUnlockStateDelegate
1336552,<GetCollection>b__48_0
1336575,<GetCollection>b__48_1
1336598,<GetCollection>b__48_2
1336621,<GetCollection>b__48_8
1336644,<GetCollection>b__48_9
1336667,<GetCollection>b__48_10
1336691,<GetCollection>b__48_11
1336715,<GetCollection>b__48_12
1336739,<GetCollection>b__48_13
1336997,<Start>g__ReplaceSongNameWithImage|20
1337256,<Start>g__HandleIgalltaUnlock|9
1337418,<Start>g__HandleRandomUnlock|13
1337734,<GetCollection>b__4
1337754,<GetCollection>b__5
1337774,<GetCollection>g__GetMaxKb|6
1337803,<GetCollection>g__ForceGetSideStory4BeginCollection|3
1337867,<<GetCollection>b__5>d
1337977,<LoadImage>g__IsSongHaveDefaultIllustration|13_3
1338026,<LoadImage>g__IsSongAllDifferentIllustration|13_4
1338133,songsCover
1338724,CollectionDetailControl
1339469,CollectionFileControl
1339654,CollectionItem
1339680,CollectionFolderControl
1339887,CollectionFolder
1340316,BackToChapter
1340330,<Start>g__IsSongHaveDefaultIllustration|33_6
1340375,<Start>g__IsSongAllDifferentIllustration|33_7
1340436,levelName
1340446,<Start>g__AddNewIllustrationEntry|33_1
1340485,shaderCollection
1340502,chapterPanelStateControl
1340579,illustrationPanelStateControl
1340643,chapterEntryPrefab
1340662,exChapterSummary
1340696,illustrationSummary
1340716,illustrationFolder
1340735,collectionProgressText
1340758,collectionProgressTextOverlay
1340788,collectionProgressFill
1340811,collectionProgressFillOverlay
1340901,collectionProgressTitle
1340941,unlockedText
1340954,collectionProgressTitleText
1341187,<BackToChapter>d__39
1341223,<OpenChapter>d__34
1341309,<totalIllustration>5__5
1341333,<unlockedIllustration>5__6
1343106,CountSongs
1343131,ChangeLevel
1344327,<InitBackgroundList>g__IsSongHaveDefaultIllustration|1
1344382,<InitBackgroundList>g__IsSongAllDifferentIllustration|2
1345126,ChallengeSongSelectorControl
1345164,SelectSong
1345175,UndoSelectSong
1345190,songSelector
1345203,songCoverPanel
1345218,songCoveCollider
1345311,songCoverImages
1345327,levelImage
1345361,ChallengeSongItem
1345379,ChangeIgalltaChartsWithKey
1345416,targetSongId
1345429,chartKey
1345446,LevelBarController
1345536,levelInfos
1345633,LevelInfo
1345663,LevelSliderController
1345685,MoveToLevel
1345697,JumpToLevel
1345709,LEVEL_NAMES
1345721,difficultyText
1345736,levelColor
1345747,targetLevel
1345759,targetDifficulty
1345776,currentDifficulty
1345806,LongSongNameReplacement
1345980,SongListItem
1346005,ReplaceSongNameWithImage
1346030,<ReplaceSongNameWithImage>g__SetActiveStatus|10_3
1346088,<ReplaceSongNameWithImage>b__0
1346119,<ReplaceSongNameWithImage>g__DisplayOriginal|1
1346166,<ReplaceSongNameWithImage>g__DisplaceReplacement|2
1346217,SongSelector
1346230,songSelectorItem
1346298,get_SongItems
1346312,set_SongItems
1346354,ToNowSong
1346425,SortSong
1346434,RandomSong
1346457,ChangeChartCode
1346473,AddLevelMod
1346560,songIndex
1346660,ProcessChapter8AssignedSong
1346757,ChangeHouyouChart
1346873,<Start>g__HandleStrangeSongName|121_1
1346943,<SortSong>b__132_1
1346962,<SortSong>b__132_2
1346981,<SortSong>b__132_3
1347000,<SortSong>b__132_4
1347039,levelStartInfo1
1347195,soundWaveFrenzyParticipatedSongs
1347228,soundWaveFrenzyPartnersSongs
1347257,nowChapterInfo
1347272,<SongItems>k__BackingField
1347299,challengeSongSelectorControl
1347328,nowSongSelectorValue
1347349,nowSong
1347357,chapterCoverSize
1347388,lastLevel
1347421,levelNum
1347497,lastFrameSongSelectorValue
1347564,startFingerPositionForSongCoverSelector
1347604,startListPositionForSongCoverSelector
1347642,lastFrameSongSelectorValueForSongCoverSelector
1347689,moveRecForSongCoverSelector
1347717,moveRecCountForSongCoverSelector
1347750,targetSong
1347777,artist
1347784,longSongNameReplacements
1347928,songCoverPanelRectTransform
1347956,songListPanelUpside
1347976,songListPanelDownside
1347998,songItemBackgroundPanel
1348179,songItemPrefab
1348194,songCoverPrefab
1348210,songCoverImageForReplacingPrefab
1348243,songItemBackgroundPrefab
1348312,songListSlowDownSpeed
1348334,songListTransSpeed
1348378,songListPanelUpsideRectTransform
1348411,songListPanelDownSideRectTransform
1348513,fingerOnSongList
1348589,disableSongSelector
1348645,randomCharters
1348660,SongItems
1349012,<SortSong>b__132_0
1349031,<SortSong>b__132_5
1349261,<Start>g__IsCnLimitedSongDisplayable|2
1349335,newSongItem
1349536,<ChangeChartCode>b__0
1349581,<AddLevelMod>b__0
1349738,curSong
1349769,<SetText>g__ReplaceLongSongName|0
1350007,<ToNowSong>d__128
1350049,SongSelectorItem
1350066,get_Unlocked
1350079,set_Unlocked
1350092,get_PlayableLevelCount
1350115,set_PlayableLevelCount
1350254,chartUnlockInfo
1350270,Unlock
1350327,GetDifficultyWeight
1350567,<Unlocked>k__BackingField
1350593,<PlayableLevelCount>k__BackingField
1350736,chartAssetCode
1350845,extraLevelMods
1350860,Unlocked
1350869,PlayableLevelCount
1353396,IdBuilder
1353554,SortBySongBase
1353569,songData
1353630,D321UnlockControl
1353648,MusicInfoAnimation
1353681,<MusicInfoAnimation>b__7_0
1353708,levelNameText
1353722,<MusicInfoAnimation>d__7
1353759,DFUnlockControl
1353792,UnlockAnimation
1353838,<UnlockAnimation>b__16_0
1353863,<UnlockAnimation>b__16_1
1353888,<UnlockAnimation>b__16_2
1353913,<UnlockAnimation>b__16_3
1353938,<UnlockAnimation>b__16_4
1353963,<UnlockAnimation>b__16_5
1353988,<UnlockAnimation>b__16_6
1354013,<MusicInfoAnimation>b__17_0
1354041,dfUnlockShaderVariantCollection
1354146,<MusicInfoAnimation>d__17
1354209,<UnlockAnimation>d__16
1354232,IgalltaUnlock
1354266,StartLevel
1354277,PlayUnlockVideo
1354307,<UnlockAnimation>b__18_0
1354332,<UnlockAnimation>b__18_1
1354444,songInfoCanvas
1354491,<StartLevel>d__16
1354509,<UnlockAnimation>d__18
1354704,keySongId
1354844,RrharilEventLevelStart001Control
1354877,levelSelect001
1354955,RrharilEventLevelStart100Control
1354988,_nowLevel
1355042,RrharilEventLevelStart150Control
1355189,RrharilUnlockControl
1355258,unlockVideo
1355332,playUnlockVideo
1355348,PlayUnlock
1355393,<PlayUnlock>b__18_0
1355413,unlockAudioSource
1355480,<PlayUnlock>d__18
1355534,<StartLevel>d__20
1355574,IsSpecifiedSongReachScore
1355616,<IsSpecifiedSongReachScore>b__0
1355817,splashScene3ShaderVariantCollection
1356498,get_UnlockFlagOfSpasmodic
1356524,set_UnlockFlagOfSpasmodic
1356588,get_UnlockFlagOfIgalltaMain
1356616,set_UnlockFlagOfIgalltaMain
1356644,get_UnlockFlagOfRrharil
1356668,set_UnlockFlagOfRrharil
1356692,get_Chapter8UnlockBegin
1356716,set_Chapter8UnlockBegin
1356740,get_Chapter8UnlockSecondPhase
1356770,set_Chapter8UnlockSecondPhase
1356800,get_FirstOpenGameAfterChapter8FirstPhaseClear
1356846,set_FirstOpenGameAfterChapter8FirstPhaseClear
1356892,get_Chapter8Passed
1356911,set_Chapter8Passed
1356930,get_C8CraveWaveUnlocked
1356954,set_C8CraveWaveUnlocked
1356978,get_C8TheChariotREVIIVALUnlocked
1357011,set_C8TheChariotREVIIVALUnlocked
1357044,get_C8LuminescenceUnlocked
1357071,set_C8LuminescenceUnlocked
1357098,get_C8RetributionUnlocked
1357124,set_C8RetributionUnlocked
1357150,get_C8DESTRUCTION321Unlocked
1357179,set_C8DESTRUCTION321Unlocked
1357208,get_C8DistortedFateUnlocked
1357236,set_C8DistortedFateUnlocked
1357302,<UnlockFlagOfSpasmodic>k__BackingField
1357373,<UnlockFlagOfIgalltaMain>k__BackingField
1357414,<UnlockFlagOfRrharil>k__BackingField
1357451,<Chapter8UnlockBegin>k__BackingField
1357488,<Chapter8UnlockSecondPhase>k__BackingField
1357531,<FirstOpenGameAfterChapter8FirstPhaseClear>k__BackingField
1357590,<Chapter8Passed>k__BackingField
1357622,<C8CraveWaveUnlocked>k__BackingField
1357659,<C8TheChariotREVIIVALUnlocked>k__BackingField
1357705,<C8LuminescenceUnlocked>k__BackingField
1357745,<C8RetributionUnlocked>k__BackingField
1357784,<C8DESTRUCTION321Unlocked>k__BackingField
1357826,<C8DistortedFateUnlocked>k__BackingField
1357888,UnlockFlagOfSpasmodic
1357925,UnlockFlagOfIgalltaMain
1357949,UnlockFlagOfRrharil
1357969,Chapter8UnlockBegin
1357989,Chapter8UnlockSecondPhase
1358015,FirstOpenGameAfterChapter8FirstPhaseClear
1358057,Chapter8Passed
1358072,C8CraveWaveUnlocked
1358092,C8TheChariotREVIIVALUnlocked
1358121,C8LuminescenceUnlocked
1358144,C8RetributionUnlocked
1358166,C8DESTRUCTION321Unlocked
1358191,C8DistortedFateUnlocked
1358227,C8Unlock
1358236,get_SelectMusicXPosition
1358261,set_SelectMusicXPosition
1358286,C8UnlockDict
1358299,<SelectMusicXPosition>k__BackingField
1358337,SelectMusicXPosition
1359193,QzkLevelEffect
1359208,Phigros2.LevelSceneAssets.Mods.QZK
1359309,Phigros2.ChapterSelector.Promotions.Scripts
1359594,Phigros2.ChapterSelector.Banners
1361821,get_PackageName
1361837,set_PackageName
1361909,PackageName
1362683,<PackageName>k__BackingField
1365955,Unity.Jobs.LowLevel.Unsafe
1367050,Unity.Profiling.LowLevel
1367198,Unity.Profiling.LowLevel.Unsafe
1367841,Unity.IO.LowLevel.Unsafe
1368319,<PriorityLevel>k__BackingField
1368554,PriorityLevels
1368671,Unity.Collections
1369386,Unity.Collections.LowLevel.Unsafe
1370345,MallocTracked
1370359,FreeTracked
1370867,Unity.Burst.LowLevel
1379241,mipLevel
1380159,previousQualityLevel
1380180,currentQualityLevel
1380200,OnActiveQualityLevelChanged
1380264,activeQualityLevelChanged
1395646,miplevel
1395938,get_requestedMipmapLevel
1395963,set_requestedMipmapLevel
1395988,get_minimumMipmapLevel
1396011,set_minimumMipmapLevel
1396066,get_calculatedMipmapLevel
1396092,get_desiredMipmapLevel
1396115,get_loadingMipmapLevel
1396138,get_loadedMipmapLevel
1396160,ClearRequestedMipmapLevel
1396186,IsRequestedMipmapLevelLoaded
1396215,ClearMinimumMipmapLevel
1396375,PackTextures
1396939,requestedMipmapLevel
1396960,minimumMipmapLevel
1396991,calculatedMipmapLevel
1397013,desiredMipmapLevel
1397032,loadingMipmapLevel
1397051,loadedMipmapLevel
1411935,TrackedReference
1413656,m_TrackedCount
1414120,ShaderVariantCollection
1415068,get_timeSinceLevelLoad
1415227,timeSinceLevelLoad
1416641,DrivenRectTransformTracker
1421143,SpritePackingMode
1421161,SpritePackingRotation
1421267,GetPackingMode
1421282,GetPackingRotation
1421301,GetPacked
1421677,get_packed
1421688,get_packingMode
1421704,get_packingRotation
1422271,packed
1422278,packingMode
1422290,packingRotation
1425758,UnityEngine.LowLevel
1428954,CollectionPool`2
1429126,collectionCheck
1429208,m_CollectionCheck
1431911,m_MipLevel
1437056,<overridesMaximumLODLevel>k__BackingField
1437988,BatchPackedCullingViewID
1443255,R4G4B4A4_UNormPack16
1443276,B4G4R4A4_UNormPack16
1443297,R5G6B5_UNormPack16
1443316,B5G6R5_UNormPack16
1443335,R5G5B5A1_UNormPack16
1443356,B5G5R5A1_UNormPack16
1443377,A1R5G5B5_UNormPack16
1443398,E5B9G9R9_UFloatPack32
1443420,B10G11R11_UFloatPack32
1443443,A2B10G10R10_UNormPack32
1443467,A2B10G10R10_UIntPack32
1443490,A2B10G10R10_SIntPack32
1443513,A2R10G10B10_UNormPack32
1443537,A2R10G10B10_UIntPack32
1443560,A2R10G10B10_SIntPack32
1443583,A2R10G10B10_XRSRGBPack32
1443608,A2R10G10B10_XRUNormPack32
1443634,R10G10B10_XRSRGBPack32
1443657,R10G10B10_XRUNormPack32
1443681,A10R10G10B10_XRSRGBPack32
1443707,A10R10G10B10_XRUNormPack32
1449242,TaskTracker
1449264,TrackActiveTask
1449280,RemoveTracking
1449354,tracking
1452049,"System.Collections.Generic.IEnumerator<(System.Type,System.Int32)>.get_Current"
1452128,"System.Collections.Generic.IEnumerable<(System.Type,System.Int32)>.GetEnumerator"
1452209,"System.Collections.Generic.IEnumerator<(System.Type,System.Int32)>.Current"
1481352,collectionSize
1483527,System.Collections.Generic.IEnumerator<TSource>.get_Current
1483587,System.Collections.Generic.IEnumerable<TSource>.GetEnumerator
1483664,System.Collections.Generic.IEnumerator<TSource>.Current
1483743,System.Collections.Generic.IEnumerator<TResult>.get_Current
1483803,System.Collections.Generic.IEnumerable<TResult>.GetEnumerator
1483879,System.Collections.Generic.IEnumerator<TResult>.Current
1484061,<>3__collectionSelector
1484600,System.Collections.Generic.ICollection<TElement>.get_Count
1484659,System.Collections.Generic.ICollection<TElement>.get_IsReadOnly
1484723,System.Collections.Generic.ICollection<TElement>.Add
1484776,System.Collections.Generic.ICollection<TElement>.Clear
1484831,System.Collections.Generic.ICollection<TElement>.Contains
1484889,System.Collections.Generic.ICollection<TElement>.CopyTo
1484945,System.Collections.Generic.ICollection<TElement>.Remove
1485001,System.Collections.Generic.IList<TElement>.IndexOf
1485052,System.Collections.Generic.IList<TElement>.Insert
1485102,System.Collections.Generic.IList<TElement>.RemoveAt
1485154,System.Collections.Generic.IList<TElement>.get_Item
1485206,System.Collections.Generic.IList<TElement>.set_Item
1485267,System.Collections.Generic.ICollection<TElement>.Count
1485322,System.Collections.Generic.ICollection<TElement>.IsReadOnly
1485382,System.Collections.Generic.IList<TElement>.Item
1485450,System.Collections.Generic.IEnumerator<TElement>.get_Current
1485511,System.Collections.Generic.IEnumerator<TElement>.Current
1485589,"System.Collections.Generic.IEnumerator<System.Linq.IGrouping<TKey,TElement>>.get_Current"
1485686,"System.Collections.Generic.IEnumerator<System.Linq.IGrouping<TKey,TElement>>.Current"
1488732,collectionName
1491097,System.Collections.Generic.IEnumerator<System.Linq.Expressions.Expression>.get_Current
1491184,System.Collections.Generic.IEnumerator<System.Linq.Expressions.Expression>.Current
1492033,CollectionModifiedWhileEnumerating
1492068,CollectionReadOnly
1499070,get_CollectionModifiedWhileEnumerating
1499109,get_CollectionReadOnly
1508573,System.Collections.Generic.IEnumerator<System.Linq.Expressions.Interpreter.InterpretedFrameInfo>.get_Current
1508682,System.Collections.Generic.IEnumerable<System.Linq.Expressions.Interpreter.InterpretedFrameInfo>.GetEnumerator
1508805,System.Collections.Generic.IEnumerator<System.Linq.Expressions.Interpreter.InterpretedFrameInfo>.Current
1510594,System.Collections.Generic.IComparer<System.Linq.Expressions.Interpreter.DebugInfo>.Compare
1518186,ReadOnlyCollectionBuilder`1
1518214,ToReadOnlyCollection
1518288,TrueReadOnlyCollection`1
1519506,"System.Collections.Generic.IDictionary<System.String,System.Object>.get_Keys"
1519583,"System.Collections.Generic.IDictionary<System.String,System.Object>.get_Values"
1519662,"System.Collections.Generic.IDictionary<System.String,System.Object>.get_Item"
1519739,"System.Collections.Generic.IDictionary<System.String,System.Object>.set_Item"
1519816,"System.Collections.Generic.IDictionary<System.String,System.Object>.Add"
1519888,"System.Collections.Generic.IDictionary<System.String,System.Object>.ContainsKey"
1519968,"System.Collections.Generic.IDictionary<System.String,System.Object>.Remove"
1520043,"System.Collections.Generic.IDictionary<System.String,System.Object>.TryGetValue"
1520123,"System.Collections.Generic.ICollection<System.Collections.Generic.KeyValuePair<System.String,System.Object>>.get_Count"
1520242,"System.Collections.Generic.ICollection<System.Collections.Generic.KeyValuePair<System.String,System.Object>>.get_IsReadOnly"
1520366,"System.Collections.Generic.ICollection<System.Collections.Generic.KeyValuePair<System.String,System.Object>>.Add"
1520479,"System.Collections.Generic.ICollection<System.Collections.Generic.KeyValuePair<System.String,System.Object>>.Clear"
1520594,"System.Collections.Generic.ICollection<System.Collections.Generic.KeyValuePair<System.String,System.Object>>.Contains"
1520712,"System.Collections.Generic.ICollection<System.Collections.Generic.KeyValuePair<System.String,System.Object>>.CopyTo"
1520828,"System.Collections.Generic.ICollection<System.Collections.Generic.KeyValuePair<System.String,System.Object>>.Remove"
1520944,"System.Collections.Generic.IEnumerable<System.Collections.Generic.KeyValuePair<System.String,System.Object>>.GetEnumerator"
1521226,"System.Collections.Generic.IDictionary<System.String,System.Object>.Keys"
1521299,"System.Collections.Generic.IDictionary<System.String,System.Object>.Values"
1521374,"System.Collections.Generic.IDictionary<System.String,System.Object>.Item"
1521447,"System.Collections.Generic.ICollection<System.Collections.Generic.KeyValuePair<System.String,System.Object>>.Count"
1521562,"System.Collections.Generic.ICollection<System.Collections.Generic.KeyValuePair<System.String,System.Object>>.IsReadOnly"
1521682,KeyCollectionDebugView
1521791,System.Collections.Generic.IEnumerator<System.String>.get_Current
1521865,System.Collections.Generic.IEnumerator<System.String>.Current
1521927,ValueCollectionDebugView
1522106,System.Collections.Generic.IEnumerable<System.String>.GetEnumerator
1522282,"System.Collections.Generic.IEnumerator<System.Collections.Generic.KeyValuePair<System.String,System.Object>>.get_Current"
1522403,"System.Collections.Generic.IEnumerator<System.Collections.Generic.KeyValuePair<System.String,System.Object>>.Current"
1522946,EmptyReadOnlyCollection`1
1523003,collectionOrT
1523043,SameElementsInCollection
1525968,TimeoutTracker
1554709,PackUV
1570338,System.Collections.Generic.ICollection<LC.Google.Protobuf.Extension>.get_IsReadOnly
1570452,System.Collections.Generic.ICollection<LC.Google.Protobuf.Extension>.CopyTo
1570528,System.Collections.Generic.ICollection<LC.Google.Protobuf.Extension>.IsReadOnly
1572514,IsPackedRepeatedField
1572536,get_PackedRepeatedField
1572776,TypeSupportsPacking
1572796,<PackedRepeatedField>k__BackingField
1573066,PackedRepeatedField
1577443,Unpack
1577450,TryUnpack
1580393,get_Packed
1580404,set_Packed
1580553,PackedFieldNumber
1580571,packed_
1580670,Packed
1581619,get_Package
1581631,set_Package
1581643,get_HasPackage
1581658,ClearPackage
1581832,PackageFieldNumber
1581851,PackageDefaultValue
1581871,package_
1582391,Package
1582399,HasPackage
1585139,get_JavaPackage
1585155,set_JavaPackage
1585171,get_HasJavaPackage
1585190,ClearJavaPackage
1585687,get_GoPackage
1585701,set_GoPackage
1585715,get_HasGoPackage
1585732,ClearGoPackage
1586763,get_RubyPackage
1586779,set_RubyPackage
1586795,get_HasRubyPackage
1586814,ClearRubyPackage
1586831,JavaPackageFieldNumber
1586854,JavaPackageDefaultValue
1586878,javaPackage_
1587296,GoPackageFieldNumber
1587317,GoPackageDefaultValue
1587339,goPackage_
1588220,RubyPackageFieldNumber
1588243,RubyPackageDefaultValue
1588267,rubyPackage_
1588280,JavaPackage
1588292,HasJavaPackage
1588512,GoPackage
1588522,HasGoPackage
1588959,RubyPackage
1588971,HasRubyPackage
1589803,get_HasPacked
1589817,ClearPacked
1589999,PackedDefaultValue
1590156,HasPacked
1590489,get_IdempotencyLevel
1590510,set_IdempotencyLevel
1590531,get_HasIdempotencyLevel
1590555,ClearIdempotencyLevel
1590577,IdempotencyLevelFieldNumber
1590605,IdempotencyLevelDefaultValue
1590634,idempotencyLevel_
1590652,IdempotencyLevel
1590669,HasIdempotencyLevel
1593577,AddPackage
1594203,ExtensionCollection
1594703,get_IsPacked
1594976,IsPacked
1597230,FieldCollection
1597814,PackageDescriptor
1599019,LC.Google.Protobuf.Collections
1599392,<System.Collections.ICollection.CopyTo>b__40_0
1600145,CalculatePackedDataSize
1606044,GenericCollectionFormatterLocator
1607638,GenericCollectionFormatter
1607675,GenericCollectionFormatter`2
1607704,WeakGenericCollectionFormatter
1615988,System.Collections.Generic.IEnumerator<System.Type>.get_Current
1616052,System.Collections.Generic.IEnumerable<System.Type>.GetEnumerator
1616118,System.Collections.Generic.IEnumerator<System.Type>.Current
1621387,GenericCollectionInterface
1621964,System.Collections.Generic.IEnumerator<System.Reflection.MemberInfo>.get_Current
1622045,System.Collections.Generic.IEnumerable<System.Reflection.MemberInfo>.GetEnumerator
1622157,System.Collections.Generic.IEnumerator<System.Reflection.MemberInfo>.Current
1624952,System.Collections.Generic.IList<System.Object>.get_Item
1625009,System.Collections.Generic.IList<System.Object>.set_Item
1625066,System.Collections.Generic.IList<System.Object>.RemoveAt
1625123,System.Collections.Generic.IList<System.Object>.Insert
1625178,System.Collections.Generic.ICollection<System.Object>.Add
1625236,System.Collections.Generic.ICollection<System.Object>.Clear
1625296,System.Collections.Generic.ICollection<System.Object>.Remove
1625357,System.Collections.Generic.IList<System.Object>.Item
1625410,<System-Collections-Generic-IEnumerable<System-Object>-GetEnumerator>d__25
1638739,get_ApiLevel
1638752,set_ApiLevel
1638765,get_HasApiLevel
1638781,ClearApiLevel
1638846,ApiLevelFieldNumber
1638866,ApiLevelDefaultValue
1638887,apiLevel_
1638918,ApiLevel
1638927,HasApiLevel
1657819,AboveSeaLevel
1657833,BelowSeaLevel
1659844,Artist
1660606,GPSTrackRef
1660618,GPSTrack
1661586,ThumbnailArtist
1667313,SetLeaderboardMetadataCollection
1667370,SetAchievementMetadataCollection
1667673,_idCollection
1667687,SetLeaderboardIDCollection
1667714,SetAchievementIDCollection
1671292,get_LeaderboardMetadataCollection
1671326,set_LeaderboardMetadataCollection
1671360,get_AchievementMetadataCollection
1671394,set_AchievementMetadataCollection
1671436,get_AchievementIDCollection
1671464,get_LeaderboardIDCollection
1671492,m_leaderboardMetadataCollection
1671524,m_achievementMetadataCollection
1671556,m_achievementIDCollection
1671582,m_leaderboardIDCollection
1671608,LeaderboardMetadataCollection
1671638,AchievementMetadataCollection
1671672,AchievementIDCollection
1671696,LeaderboardIDCollection
1672207,ALBUM
1678014,m_alertDialogCallbackCollection
1678342,_keysCollection
1678689,m_keysCollection
1682918,usesPhotoAlbum
1683084,get_PhotoAlbumUsagePermissionDescription
1683125,get_PhotoAlbumModifyUsagePermissionDescription
1683247,m_photoAlbumUsagePermissionDescription
1683286,m_photoAlbumModifyUsagePermissionDescription
1683402,PhotoAlbumUsagePermissionDescription
1683439,PhotoAlbumModifyUsagePermissionDescription
1685026,kStateUnlocked
1686679,IRateMyAppKeysCollection
1687636,leaderboardMetadataCollection
1687666,achievementMetadataCollection
1688823,_collectionType
1688878,AddNewObjectToCollection
1688927,gameServicesObjectCollection
1688956,eCollectionType
1696847,m_subMenuCollection
1700044,FontUpdateTracker
1700062,TrackText
1700087,UntrackText
1700099,m_Tracked
1702600,TrackSprite
1702912,TrackImage
1702923,UnTrackImage
1703292,m_TrackedTexturelessImages
1704622,m_Tracker
1716853,UnityEngine.UI.Collections
1720316,StartTrackingUIToolkitPanels
1720345,StopTrackingUIToolkitPanels
1720652,m_IsTrackingUIToolkitPanels
1723740,m_TrackedButtons
1758723,m_TrackedInstanceOperations
1761625,m_CollectionIndex
1763308,AllPackedAssetsAndDependencies
1777373,toplevel
1777781,topLevel
1788840,BuildCertificatesCollection
1788868,BuildCrlsCollection
1789602,NtlmAuthLevel
1789882,get_DefaultAuthLevel
1789903,defaultAuthLevel
1789920,DefaultAuthLevel
1790080,_level
1790098,AlertLevel
1790544,inferAlertLevel
1804071,PackedPlayModeBuildLogs
1805861,trackHandle
1806527,get_TrackedHandleCount
1806735,TrackHandle
1806747,ClearTrackHandles
1807394,<TrackHandle>b__73_0
1807834,TrackedHandleCount
1817684,disableCollectionElements
1817727,DisableForCollectionElements
1818288,DrawCollectionWithImGUI
1821466,OnCollectionChangedAttribute
1825041,RespectIndentLevel
1832092,BarChartFill
1832105,BarChartLineFill
1832122,BarChartLine
1832135,BarChartSteps
1832149,BarChart
1836429,CollectionFill
1836444,CollectionPlayFill
1836463,CollectionPlay
1838714,FileEarmarkMusicFill
1838735,FileEarmarkMusic
1839455,FileMusicFill
1839469,FileMusic
1840956,JournalAlbum
1842041,MusicNoteBeamed
1842057,MusicNoteList
1842071,MusicNote
1842081,MusicPlayerFill
1842097,MusicPlayer
1842867,PieChartFill
1842880,PieChart
1845929,UnlockFill
1854749,toastLevel
1855427,GeneralToastLevel
1857866,TapLogLevel
1862042,authenticationLevel
1862062,impersonationLevel
1864652,CollectionParser
1865024,CreateCollection
1865093,AddToCollection
1865120,ToStringCollection
1865225,CollectionHeaderTypeInfo`2
1865312,HttpHeaderValueCollection`1
1865699,"System.Collections.Generic.IEnumerator<System.Collections.Generic.KeyValuePair<System.String,System.Collections.Generic.IEnumerable<System.String>>>.get_Current"
1865860,"System.Collections.Generic.IEnumerator<System.Collections.Generic.KeyValuePair<System.String,System.Collections.Generic.IEnumerable<System.String>>>.Current"
1872051,_entriesCollection
1873610,_compressionLevel
1883058,AndroidAssetPackStatus
1883134,AndroidAssetPackError
1883171,PackUnavailable
1883285,AndroidAssetPackInfo
1883429,AndroidAssetPackState
1883451,AndroidAssetPackUseMobileDataRequestResult
1883527,AndroidAssetPacks
1883545,GetAssetPackManager
1883609,AssetPackManagerDownloadStatusCallback
1883648,assetPacks
1883659,assetPackName
1883673,assetPackStatus
1883689,assetPackSize
1883703,assetPackBytesDownloaded
1883728,assetPackTransferProgress
1883754,assetPackErrorCode
1883788,m_AssetPacks
1883801,AssetPackManagerMobileDataConfirmationCallback
1883879,AssetPackManagerStatusQueryCallback
1883915,assetPackNames
1883930,assetPackStatuses
1883948,assetPackErrorCodes
1883983,m_AssetPackNames
1894657,GetCurrentLevel
1894673,GetLevelCount
1894687,LoadLevel
1898299,transformTrackers
1898317,hierachyTrackers
1898992,IChangeTracker
1899007,ChangeTracker`1
1916998,ColorPackedAsTwoFloats
1920055,HotTrack
1920288,Chartreuse
1922741,IndexedCollectionPropertyBag`2
1922859,KeyValueCollectionPropertyBag`3
1925734,CreateIndexedCollectionPropertyBag
1925790,CreateKeyValueCollectionPropertyBag
1926056,m_CreateIndexedCollectionPropertyBagMethod
1926128,m_CreateKeyValueCollectionPropertyBagMethod
1928215,System.Collections.Generic.IEnumerator<System.Xml.Linq.XNode>.get_Current
1928289,System.Collections.Generic.IEnumerable<System.Xml.Linq.XNode>.GetEnumerator
1928373,System.Collections.Generic.IEnumerator<System.Xml.Linq.XNode>.Current
1928760,System.Collections.Generic.IEnumerator<System.Xml.Linq.XAttribute>.get_Current
1928839,System.Collections.Generic.IEnumerable<System.Xml.Linq.XAttribute>.GetEnumerator
1928920,System.Collections.Generic.IEnumerator<System.Xml.Linq.XAttribute>.Current
1937424,UnityEngine.TextCore.LowLevel
1938047,GlyphPackingMode
1945312,LCLogLevel
1949422,get_dopplerLevel
1949439,set_dopplerLevel
1950032,dopplerLevel
1951044,currentScaleVel
1952210,System.Collections.Generic.IEnumerator<LeTai.TrueShadow.Demo.HotDogSprite>.get_Current
1952297,System.Collections.Generic.IEnumerable<LeTai.TrueShadow.Demo.HotDogSprite>.GetEnumerator
1952401,System.Collections.Generic.IEnumerator<LeTai.TrueShadow.Demo.HotDogSprite>.Current
1966112,androidAudioTrackCount
1982535,set_limitUserTrackingInternal
1982596,set_limitUserTracking
1982705,limitUserTrackingInternal
1982758,limitUserTracking
1986837,ConfigurationPropertyCollection
1986869,ConfigurationElementCollection
1986900,ConfigurationCollectionAttribute
