resourceId,displayTitle,sourceTitle,sourceArtist,matchedTrackFolder,matchStatus,comparison,displayTitleNormalized,sourceTitleNormalized,evidence,confidence
01a00092-9bc3-751e-9684-b4ec35d6d86e,-Arkhei-,Arkhei,SeraAmagi,Arkhei.SeraAmagi.0,high,normalized-equivalent,arkhei,arkhei,Titles differ only after Unicode/punctuation/spacing normalization; image relation is accepted,high
01a00092-9c95-7509-a581-b8e93ffe53ef,-SURREALISM-,SURREALISM,Itsuki,SURREALISM.Itsuki.0,high,normalized-equivalent,surrealism,surrealism,Titles differ only after Unicode/punctuation/spacing normalization; image relation is accepted,high
01a00092-9d5d-76f9-b6c9-4a80ebf4a936,[PRAW],PRAW,Bluewind,PRAW.Bluewind.0,high,normalized-equivalent,praw,praw,Titles differ only after Unicode/punctuation/spacing normalization; image relation is accepted,high
01a00092-9e66-70c7-bce0-b4c0a47854b2,+ERABY+E CONNEC+10N,ERABYECONNEC10N,かめりあ,ERABYECONNEC10N.かめりあ.0,high,normalized-equivalent,erabyeconnec10n,erabyeconnec10n,Titles differ only after Unicode/punctuation/spacing normalization; image relation is accepted,high
01a00092-9f84-734e-bc57-b2275711f21d,000 -Ain Soph Aur-,000AinSophAur,Yumeji,000AinSophAur.Yumeji.0,high,normalized-equivalent,000ainsophaur,000ainsophaur,Titles differ only after Unicode/punctuation/spacing normalization; image relation is accepted,high
01a00092-a089-7b0c-8782-48a06bde5202,70 Minutes Fighters,70MinutesFighters,かたぎり,70MinutesFighters.かたぎり.0,confirmed,normalized-equivalent,70minutesfighters,70minutesfighters,Titles differ only after Unicode/punctuation/spacing normalization; image relation is accepted,confirmed
01a00092-a155-7398-9b44-ff29c3e5d1c2,996,996,李化禹,996.李化禹.0,high,exact,996,996,Display title and Addressables source title are byte-for-byte equal,high
01a00092-a248-70a8-a539-df2080545a22,暗夜苏醒 (REANIMATE),暗夜苏醒REANIMATE,Warak,暗夜苏醒REANIMATE.Warak.0,high,normalized-equivalent,暗夜苏醒reanimate,暗夜苏醒reanimate,Titles differ only after Unicode/punctuation/spacing normalization; image relation is accepted,high
01a00092-a351-7b98-8d52-4daf6f21b104,白と黒のバケモノ,白と黒のバケモノ,テヅカ,白と黒のバケモノ.テヅカ.0,high,exact,白と黒のバケモノ,白と黒のバケモノ,Display title and Addressables source title are byte-for-byte equal,high
01a00092-a447-75ae-a284-eb9f21207e21,百鬼֎夜行,百鬼夜行,SaladSavior,百鬼夜行.SaladSavior.0,high,normalized-equivalent,百鬼夜行,百鬼夜行,Titles differ only after Unicode/punctuation/spacing normalization; image relation is accepted,high
01a00092-a53e-711a-b56f-d26a3fb7e858,贝多芬祝福 (Beethoven Blessing),贝多芬祝福BeethovenBlessing,Nauts,贝多芬祝福BeethovenBlessing.Nauts.0,high,normalized-equivalent,贝多芬祝福beethovenblessing,贝多芬祝福beethovenblessing,Titles differ only after Unicode/punctuation/spacing normalization; image relation is accepted,high
01a00092-a65b-7b48-85e0-c158f25be634,彼方へ、名もなき海辺より,彼方へ名もなき海辺より,打打だいず&月乃,彼方へ名もなき海辺より.打打だいず&月乃.0,confirmed,normalized-equivalent,彼方へ名もなき海辺より,彼方へ名もなき海辺より,Titles differ only after Unicode/punctuation/spacing normalization; image relation is accepted,confirmed
01a00092-a716-77f9-9537-58bae3abb80d,彩,彩,MisoilePunch,彩.MisoilePunch.0,confirmed,exact,彩,彩,Display title and Addressables source title are byte-for-byte equal,confirmed
01a00092-a7c5-77f8-a768-e9c194ab4170,瓷岁,瓷岁,茶鸣拾贰律,瓷岁.茶鸣拾贰律.0,high,exact,瓷岁,瓷岁,Display title and Addressables source title are byte-for-byte equal,high
01a00092-a8c1-7d0b-92b2-312b4b0f7811,大和撫子 -Wild Dances-,大和撫子WildDances,adapatorvsDRIVE,大和撫子WildDances.adapatorvsDRIVE.0,high,normalized-equivalent,大和撫子wilddances,大和撫子wilddances,Titles differ only after Unicode/punctuation/spacing normalization; image relation is accepted,high
01a00092-a9bc-7f83-b32a-a58b30dae4dc,风屿,风屿,闫东炜,风屿.闫东炜.0,high,exact,风屿,风屿,Display title and Addressables source title are byte-for-byte equal,high
01a00092-aa91-7ef6-b52b-1ac7dec0a301,光,光,姜米條,光.姜米條.0,high,exact,光,光,Display title and Addressables source title are byte-for-byte equal,high
01a00092-ab62-7187-9db3-c4c42bb3bb9e,華灯爱,華灯爱,闫东炜,華灯爱.闫东炜.0,high,exact,華灯爱,華灯爱,Display title and Addressables source title are byte-for-byte equal,high
01a00092-ac33-7037-b2eb-a77c278e5517,幻影鬼魅 (PLEASE),幻影鬼魅PLEASE,R300K,幻影鬼魅PLEASE.R300K.0,high,normalized-equivalent,幻影鬼魅please,幻影鬼魅please,Titles differ only after Unicode/punctuation/spacing normalization; image relation is accepted,high
01a00092-ad2a-7be3-84c3-8f2c5c1c897e,黄金之城 (GOLD TOWN),黄金之城GOLDTOWN,Memme,黄金之城GOLDTOWN.Memme.0,high,normalized-equivalent,黄金之城goldtown,黄金之城goldtown,Titles differ only after Unicode/punctuation/spacing normalization; image relation is accepted,high
01a00092-ae24-7cbe-bfe2-b9b7f2fef44b,混乱-Confusion,混乱Confusion,OnlyMyBlackScore,混乱Confusion.OnlyMyBlackScore.0,high,normalized-equivalent,混乱confusion,混乱confusion,Titles differ only after Unicode/punctuation/spacing normalization; image relation is accepted,high
01a00092-af30-72bc-8e8d-fd79086d2677,今天不是明天,今天不是明天,PIKASONICfeat兰音Reine,今天不是明天.PIKASONICfeat兰音Reine.0,high,exact,今天不是明天,今天不是明天,Display title and Addressables source title are byte-for-byte equal,high
01a00092-b01b-70e7-832e-606b1f744b3e,君往何处 (Quo Vadis),君往何处QuoVadis,M2U,君往何处QuoVadis.M2U.0,high,normalized-equivalent,君往何处quovadis,君往何处quovadis,Titles differ only after Unicode/punctuation/spacing normalization; image relation is accepted,high
01a00092-b106-71a8-930a-fe72656b04a7,开心病,开心病,闫东炜,开心病.闫东炜.0,high,exact,开心病,开心病,Display title and Addressables source title are byte-for-byte equal,high
01a00092-b1d9-7c9f-b0c8-651b08fc9e48,狂喜蘭舞,狂喜蘭舞,LeaF,狂喜蘭舞.LeaF.0,high,exact,狂喜蘭舞,狂喜蘭舞,Display title and Addressables source title are byte-for-byte equal,high
01a00092-b2d5-72da-a23e-a4fda6068acd,零號車輛,零號車輛,seatrus,零號車輛.seatrus.0,high,exact,零號車輛,零號車輛,Display title and Addressables source title are byte-for-byte equal,high
01a00092-b3c7-7154-9f0f-5a815bb69e6f,亂★舞,亂舞,NekockLK,亂舞.NekockLK.0,confirmed,normalized-equivalent,亂舞,亂舞,Titles differ only after Unicode/punctuation/spacing normalization; image relation is accepted,confirmed
01a00092-b474-7a4b-9dcb-0a83cba9f36a,夢の降る日に,夢の降る日に,seatrus,夢の降る日に.seatrus.0,confirmed,exact,夢の降る日に,夢の降る日に,Display title and Addressables source title are byte-for-byte equal,confirmed
01a00092-b526-7d5f-94c7-b5593323b35a,明鏡烈火,明鏡烈火,MUEvsRekuMochizuki,明鏡烈火.MUEvsRekuMochizuki.0,high,exact,明鏡烈火,明鏡烈火,Display title and Addressables source title are byte-for-byte equal,high
01a00092-b63c-79bd-87df-d7785fa0f493,祈 -我ら神祖と共に歩む者なり-,祈-我ら神祖と共に歩む者なり-,光吉猛修VS穴山大輔VSKaiVS水野健治VS大国奏音,祈-我ら神祖と共に歩む者なり-.光吉猛修VS穴山大輔VSKaiVS水野健治VS大国奏音.0,high,normalized-equivalent,祈我ら神祖と共に歩む者なり,祈我ら神祖と共に歩む者なり,Titles differ only after Unicode/punctuation/spacing normalization; image relation is accepted,high
01a00092-b714-7237-8068-51fb184898eb,千紫万紅,千紫万紅,r0yvsWABI,千紫万紅.r0yvsWABI.0,high,exact,千紫万紅,千紫万紅,Display title and Addressables source title are byte-for-byte equal,high
01a00092-b828-7a4a-be17-bbcd919a7ee3,青丘,青丘,BLACK0,青丘.BLACK0.0,high,exact,青丘,青丘,Display title and Addressables source title are byte-for-byte equal,high
01a00092-b8fd-7b78-8e3f-7773d1455405,青芽,青芽,茶鸣拾贰律,青芽.茶鸣拾贰律.0,high,exact,青芽,青芽,Display title and Addressables source title are byte-for-byte equal,high
01a00092-ba01-70a2-8fb0-5142736a2e67,神話,神話,PicaM2U,神話.PicaM2U.0,high,exact,神話,神話,Display title and Addressables source title are byte-for-byte equal,high
01a00092-bacb-7425-8a90-8f8554970763,聖夜讃歌,聖夜讃歌,A39沙包P,聖夜讃歌.A39沙包P.0,high,exact,聖夜讃歌,聖夜讃歌,Display title and Addressables source title are byte-for-byte equal,high
01a00092-bbc1-77e0-978b-e2c4b30e6e81,双重间谍 (Double Agent),双重间谍DoubleAgent,WAVAV,双重间谍DoubleAgent.WAVAV.0,high,normalized-equivalent,双重间谍doubleagent,双重间谍doubleagent,Titles differ only after Unicode/punctuation/spacing normalization; image relation is accepted,high
01a00092-bcae-7a9e-b19d-ecab011e62a0,玩具狂奏曲 -終焉-,玩具狂奏曲終焉,きくお,玩具狂奏曲終焉.きくお.0,confirmed,normalized-equivalent,玩具狂奏曲終焉,玩具狂奏曲終焉,Titles differ only after Unicode/punctuation/spacing normalization; image relation is accepted,confirmed
01a00092-bd52-7d81-8273-efaca60fc918,万吨匿名信,万吨匿名信,闫东炜,万吨匿名信.闫东炜.0,high,exact,万吨匿名信,万吨匿名信,Display title and Addressables source title are byte-for-byte equal,high
01a00092-be38-7584-86d1-83bbd68a809c,望影の方舟Six,望影の方舟Six,SeURa,望影の方舟Six.SeURa.0,high,exact,望影の方舟six,望影の方舟six,Display title and Addressables source title are byte-for-byte equal,high
01a00092-bf3a-7850-977b-731f2fd2c391,下一秒,下一秒,BobHouSherlock卓智媛feat兰音Reine,下一秒.BobHouSherlock卓智媛feat兰音Reine.0,confirmed,exact,下一秒,下一秒,Display title and Addressables source title are byte-for-byte equal,confirmed
01a00092-bff1-79cf-a5ac-790148791b3c,蝎虎天体 -Lacertid-,蝎虎天体Lacertid,CreamvsDaily天利,蝎虎天体Lacertid.CreamvsDaily天利.0,high,normalized-equivalent,蝎虎天体lacertid,蝎虎天体lacertid,Titles differ only after Unicode/punctuation/spacing normalization; image relation is accepted,high
01a00092-c0be-753d-b466-2178a37397cd,心之所向,心之所向,姜米條,心之所向.姜米條.0,high,exact,心之所向,心之所向,Display title and Addressables source title are byte-for-byte equal,high
01a00092-c18e-7701-ad3c-1191dc7c8b31,心の記憶,心の記憶,A39沙包P,心の記憶.A39沙包P.0,high,exact,心の記憶,心の記憶,Display title and Addressables source title are byte-for-byte equal,high
01a00092-c274-7f4e-8b08-c1d5ce874155,星拂云锦 feat. koi,星拂云锦featkoi,S9ryne,星拂云锦featkoi.S9ryne.0,confirmed,normalized-equivalent,星拂云锦featkoi,星拂云锦featkoi,Titles differ only after Unicode/punctuation/spacing normalization; image relation is accepted,confirmed
01a00092-c346-7dee-95b9-44f4773ee203,雪降り ~雪が降っている~,雪降り雪が降っている,AiSSw夜輪ft結月ゆかり,雪降り雪が降っている.AiSSw夜輪ft結月ゆかり.0,high,normalized-equivalent,雪降り雪が降っている,雪降り雪が降っている,Titles differ only after Unicode/punctuation/spacing normalization; image relation is accepted,high
01a00092-c436-71a6-99b8-b7f30f746b74,雪降り、メリクリ,雪降りメリクリ,A39,雪降りメリクリ.A39.0,high,normalized-equivalent,雪降りメリクリ,雪降りメリクリ,Titles differ only after Unicode/punctuation/spacing normalization; image relation is accepted,high
01a00092-c50f-75ba-a379-975a41a33ee8,桜樹街道,桜樹街道,kozatosnow,桜樹街道.kozatosnow.0,high,exact,桜樹街道,桜樹街道,Display title and Addressables source title are byte-for-byte equal,high
01a00092-c618-7ee0-aa03-505b1e4b5d9e,萤火虫の怨,萤火虫の怨,闫东炜,萤火虫の怨.闫东炜.0,high,exact,萤火虫の怨,萤火虫の怨,Display title and Addressables source title are byte-for-byte equal,high
01a00092-c71f-7fa4-b5bb-96e97375b8f1,幽世桔梗,幽世桔梗,Capchiifeatまるもこ,幽世桔梗.Capchiifeatまるもこ.0,high,exact,幽世桔梗,幽世桔梗,Display title and Addressables source title are byte-for-byte equal,high
01a00092-c816-75b9-aa9a-3895358c973a,游园地,游园地,椒盐菠萝,游园地.椒盐菠萝.0,high,exact,游园地,游园地,Display title and Addressables source title are byte-for-byte equal,high
01a00092-c91f-73da-8c43-4574b6a575b9,宇宙残骸少女 (Cosmic Dusty Girl),宇宙残骸少女CosmicDustyGirl,辻原一郎,宇宙残骸少女CosmicDustyGirl.辻原一郎.0,high,normalized-equivalent,宇宙残骸少女cosmicdustygirl,宇宙残骸少女cosmicdustygirl,Titles differ only after Unicode/punctuation/spacing normalization; image relation is accepted,high
01a00092-c9de-7292-8605-1c8db5e0d5a7,月下缭乱,月下缭乱,月見静華vsLUNARiUM,月下缭乱.月見静華vsLUNARiUM.0,high,exact,月下缭乱,月下缭乱,Display title and Addressables source title are byte-for-byte equal,high
01a00092-cacc-70eb-bf0a-8322f3f50df5,月詠に鳴る,月詠に鳴る,Feryquitousfeat藍月なくる,月詠に鳴る.Feryquitousfeat藍月なくる.0,high,exact,月詠に鳴る,月詠に鳴る,Display title and Addressables source title are byte-for-byte equal,high
01a00092-cb9e-7c20-a575-9e0644cb162a,云女孩,云女孩,符白牙SiYFics,云女孩.符白牙SiYFics.0,high,exact,云女孩,云女孩,Display title and Addressables source title are byte-for-byte equal,high
01a00092-cc98-7ead-8535-10fb9b0813f7,盏茗,盏茗,茶鸣拾贰律,盏茗.茶鸣拾贰律.0,high,exact,盏茗,盏茗,Display title and Addressables source title are byte-for-byte equal,high
01a00092-cd87-7e15-a50a-ac3a644c1e3f,重生,重生,姜米條,重生.姜米條.0,high,exact,重生,重生,Display title and Addressables source title are byte-for-byte equal,high
01a00092-ce4d-7a60-b233-98b87ab4d4eb,最高傑作,最高傑作,PYKAMIA,最高傑作.PYKAMIA.0,confirmed,exact,最高傑作,最高傑作,Display title and Addressables source title are byte-for-byte equal,confirmed
01a00092-cef6-7420-9894-332f33440d6a,尊師 ～The Guru～,尊師TheGuru,rider,尊師TheGuru.rider.0,high,normalized-equivalent,尊師theguru,尊師theguru,Titles differ only after Unicode/punctuation/spacing normalization; image relation is accepted,high
01a00092-cfd7-7564-bd17-ff0c30a6444b,A journey to the moonlight,Ajourneytothemoonlight,Yesod,Ajourneytothemoonlight.Yesod.0,high,normalized-equivalent,ajourneytothemoonlight,ajourneytothemoonlight,Titles differ only after Unicode/punctuation/spacing normalization; image relation is accepted,high
01a00092-d0ab-7e0b-9756-9db8772f7d28,a truth seeker -Communication with Utopia will be lost-,atruthseekerCommunicationwithUtopiawillbelost,kuro,atruthseekerCommunicationwithUtopiawillbelost.kuro.0,high,normalized-equivalent,atruthseekercommunicationwithutopiawillbelost,atruthseekercommunicationwithutopiawillbelost,Titles differ only after Unicode/punctuation/spacing normalization; image relation is accepted,high
01a00092-d176-7acb-8ac1-0f50e975874e,AbsoluTe disoRdeR,AbsoluTedisoRdeR,AcuteDisarray,AbsoluTedisoRdeR.AcuteDisarray.0,high,normalized-equivalent,absolutedisorder,absolutedisorder,Titles differ only after Unicode/punctuation/spacing normalization; image relation is accepted,high
01a00092-d28b-72c2-974a-bf901532daec,ABYSS MOTION 192.333,ABYSSMOTION192333,ariiolTSAR奏Sou,ABYSSMOTION192333.ariiolTSAR奏Sou.0,confirmed,normalized-equivalent,abyssmotion192333,abyssmotion192333,Titles differ only after Unicode/punctuation/spacing normalization; image relation is accepted,confirmed
01a00092-d353-7995-b930-3da487d2c4c8,Ad astra per aspera,Adastraperaspera,RabbitHouse,Adastraperaspera.RabbitHouse.0,high,normalized-equivalent,adastraperaspera,adastraperaspera,Titles differ only after Unicode/punctuation/spacing normalization; image relation is accepted,high
01a00092-d425-75b0-9dee-717b4b1862f3,After Dawn,AfterDawn,S9ryne,AfterDawn.S9ryne.0,high,normalized-equivalent,afterdawn,afterdawn,Titles differ only after Unicode/punctuation/spacing normalization; image relation is accepted,high
01a00092-d514-7c55-b50b-e7e3ceb018df,After ZABANIYA (MUG Edit)」,AfterZABANIYAMUGEdit,Daily天利,AfterZABANIYAMUGEdit.Daily天利.0,confirmed,normalized-equivalent,afterzabaniyamugedit,afterzabaniyamugedit,Titles differ only after Unicode/punctuation/spacing normalization; image relation is accepted,confirmed
01a00092-d5c2-7819-8d06-d3a4fdc99ecf,Alb,Alb,Avans,Alb.Avans.0,confirmed,exact,alb,alb,Display title and Addressables source title are byte-for-byte equal,confirmed
01a00092-d665-7670-902d-a6d8439da073,Aleph-0,Aleph0,LeaF,Aleph0.LeaF.0,high,normalized-equivalent,aleph0,aleph0,Titles differ only after Unicode/punctuation/spacing normalization; image relation is accepted,high
01a00092-d766-7893-a791-0559453dfa2d,Alice in a xxxxxxxx,Aliceinaxxxxxxxx,Nagiha,Aliceinaxxxxxxxx.Nagiha.0,high,normalized-equivalent,aliceinaxxxxxxxx,aliceinaxxxxxxxx,Titles differ only after Unicode/punctuation/spacing normalization; image relation is accepted,high
01a00092-d857-7fb0-9166-4805109e2afd,Anomaly,,,,unmatched,unresolved,anomaly,,No current APK Track image relation accepted; display/source comparison has no reliable counterpart,unresolved
01a00092-d96d-7dfa-8035-9022dcf2aacf,Another Me KALPA,AnotherMe,DAAN,AnotherMe.DAAN.0,high,different-but-likely-corrected,anothermekalpa,anotherme,"Current image relation is high/confirmed, but curated displayTitle differs from sourceTitle; retain both rather than overwrite",medium
01a00092-da30-789c-b84d-f3c01170dfd3,Another Me,AnotherMe,NeutralMoon,AnotherMe.NeutralMoon.0,high,normalized-equivalent,anotherme,anotherme,Titles differ only after Unicode/punctuation/spacing normalization; image relation is accepted,high
01a00092-dafc-79e5-b05c-3b094e4868ee,Another Round,AnotherRound,JustinDai,AnotherRound.JustinDai.0,high,normalized-equivalent,anotherround,anotherround,Titles differ only after Unicode/punctuation/spacing normalization; image relation is accepted,high
01a00092-dbca-7021-aef6-32e9af38ee5c,Antithese,Antithese,Blacklolita,Antithese.Blacklolita.0,high,exact,antithese,antithese,Display title and Addressables source title are byte-for-byte equal,high
01a00092-dc9c-747d-a7da-43aeeef61915,Aphasia,Aphasia,闫东炜,Aphasia.闫东炜.0,high,exact,aphasia,aphasia,Display title and Addressables source title are byte-for-byte equal,high
01a00092-dd86-7202-a360-e2b04e382fb7,Aphrodite's Child (short ver.),,,,unmatched,unresolved,aphroditeschildshortver,,No current APK Track image relation accepted; display/source comparison has no reliable counterpart,unresolved
01a00092-de5c-7434-9ef1-60a2e987c434,Aphrodite's Child(short ver.)-RUQOA（3.18NEW）,AphroditesChildshortver,RUQOA,AphroditesChildshortver.RUQOA.0,confirmed,different-but-likely-corrected,aphroditeschildshortverruqoa318new,aphroditeschildshortver,"Current image relation is high/confirmed, but curated displayTitle differs from sourceTitle; retain both rather than overwrite",medium
01a00092-df0d-72ed-9380-7569f711326e,Apocalypse,Apocalypse,アリスシャッハと魔法の楽団,Apocalypse.アリスシャッハと魔法の楽団.0,high,exact,apocalypse,apocalypse,Display title and Addressables source title are byte-for-byte equal,high
01a00092-dffc-77c5-bff2-f75bdcffaf02,Apocalyptic,Apocalyptic,ZClaxxSumaiLight,Apocalyptic.ZClaxxSumaiLight.0,high,exact,apocalyptic,apocalyptic,Display title and Addressables source title are byte-for-byte equal,high
01a00092-e0d5-70d3-9155-5e309e786e52,Archidoxen,Archidoxen,Se_IRA,Archidoxen.Se_IRA.0,high,exact,archidoxen,archidoxen,Display title and Addressables source title are byte-for-byte equal,high
01a00092-e1c0-707f-b3a4-d1cbe56a0ea8,Ark,Ark,kanoryo,Ark.kanoryo.0,high,exact,ark,ark,Display title and Addressables source title are byte-for-byte equal,high
01a00092-e2a8-7685-8e19-db88c2d3ec75,Artificial Existence,ArtificialExistence,JunKuroda,ArtificialExistence.JunKuroda.0,high,normalized-equivalent,artificialexistence,artificialexistence,Titles differ only after Unicode/punctuation/spacing normalization; image relation is accepted,high
01a00092-e39f-771b-924f-5dd767efbfee,ATHAZA,ATHAZA,LeaF,ATHAZA.LeaF.0,high,exact,athaza,athaza,Display title and Addressables source title are byte-for-byte equal,high
01a00092-e4a1-74cd-8b9d-b88ea19feae1,Avataar ~Reincarnation of Kalpa~,AvataarReincarnationofKalpa,ScarletteakaCrYmson,AvataarReincarnationofKalpa.ScarletteakaCrYmson.0,high,normalized-equivalent,avataarreincarnationofkalpa,avataarreincarnationofkalpa,Titles differ only after Unicode/punctuation/spacing normalization; image relation is accepted,high
01a00092-e573-746c-8f90-6dfbd51f44ec,Äventyr,Aventyr,GrandThawRigelTheatre,Aventyr.GrandThawRigelTheatre.0,high,different-but-likely-corrected,äventyr,aventyr,"Current image relation is high/confirmed, but curated displayTitle differs from sourceTitle; retain both rather than overwrite",medium
01a00092-e67d-7eba-b830-f1599cb5c78a,BANGING STRIKE  (new),BANGINGSTRIKE,DewPleiades,BANGINGSTRIKE.DewPleiades.0,high,different-but-likely-corrected,bangingstrikenew,bangingstrike,"Current image relation is high/confirmed, but curated displayTitle differs from sourceTitle; retain both rather than overwrite",medium
01a00092-e769-72ba-b55c-41b19b554298,BANGING STRIKE,,,,unmatched,unresolved,bangingstrike,,No current APK Track image relation accepted; display/source comparison has no reliable counterpart,unresolved
01a00092-e855-77f6-aaec-a8f64414231b,Believe Light (feat. 果丸哒呦),BelieveLightfeat果丸哒呦,ScalerMestie果丸哒呦,BelieveLightfeat果丸哒呦.ScalerMestie果丸哒呦.0,high,normalized-equivalent,believelightfeat果丸哒呦,believelightfeat果丸哒呦,Titles differ only after Unicode/punctuation/spacing normalization; image relation is accepted,high
01a00092-e950-78f9-b709-90bca9e535d2,Better Graphic Animation,BetterGraphicAnimation,ルゼ,BetterGraphicAnimation.ルゼ.0,high,normalized-equivalent,bettergraphicanimation,bettergraphicanimation,Titles differ only after Unicode/punctuation/spacing normalization; image relation is accepted,high
01a00092-ea1b-7693-b4cc-6d590694791c,Bitterblossom,Bitterblossom,imvi,Bitterblossom.imvi.0,high,exact,bitterblossom,bitterblossom,Display title and Addressables source title are byte-for-byte equal,high
01a00092-eaeb-7133-9096-d163455ec67a,Bloom,Bloom,targ麻团qwq,Bloom.targ麻团qwq.0,high,exact,bloom,bloom,Display title and Addressables source title are byte-for-byte equal,high
01a00092-ebee-7631-91e5-1760d3400129,Bonus Time,BonusTime,MegaloPaleWhite,BonusTime.MegaloPaleWhite.0,high,normalized-equivalent,bonustime,bonustime,Titles differ only after Unicode/punctuation/spacing normalization; image relation is accepted,high
01a00092-ecb4-7a16-9e08-db98a943031c,Bougainvillea,Bougainvillea,Jade,Bougainvillea.Jade.0,high,exact,bougainvillea,bougainvillea,Display title and Addressables source title are byte-for-byte equal,high
01a00092-eda1-7726-8d58-a4bd915b36aa,Bounded Quietude,BoundedQuietude,FiniteLimitvsSiLiS,BoundedQuietude.FiniteLimitvsSiLiS.0,high,normalized-equivalent,boundedquietude,boundedquietude,Titles differ only after Unicode/punctuation/spacing normalization; image relation is accepted,high
01a00092-eea0-75bc-93b8-51f21f025192,BRAIN HACKER,BRAINHACKER,SOMON,BRAINHACKER.SOMON.0,high,normalized-equivalent,brainhacker,brainhacker,Titles differ only after Unicode/punctuation/spacing normalization; image relation is accepted,high
01a00092-ef8f-7271-88a0-a9dde7e0e233,Brave Notes,BraveNotes,TurquoiseDRIVENota,BraveNotes.TurquoiseDRIVENota.0,high,normalized-equivalent,bravenotes,bravenotes,Titles differ only after Unicode/punctuation/spacing normalization; image relation is accepted,high
01a00092-f08a-7637-9765-ff2d01b3ea45,Break Over,BreakOver,Kforest,BreakOver.Kforest.0,high,normalized-equivalent,breakover,breakover,Titles differ only after Unicode/punctuation/spacing normalization; image relation is accepted,high
01a00092-f19a-7682-b6a4-e0c98fbb2987,Break Through The Barrier,BreakThroughTheBarrier,lixound,BreakThroughTheBarrier.lixound.0,high,normalized-equivalent,breakthroughthebarrier,breakthroughthebarrier,Titles differ only after Unicode/punctuation/spacing normalization; image relation is accepted,high
01a00092-f263-7f69-af02-c0471d9b9bbc,Broken Sky,BrokenSky,JungoMAX3feat刘佳宜Snow幻影刃shadow,BrokenSky.JungoMAX3feat刘佳宜Snow幻影刃shadow.0,high,normalized-equivalent,brokensky,brokensky,Titles differ only after Unicode/punctuation/spacing normalization; image relation is accepted,high
01a00092-f371-79c7-804f-1e4aa303d938,Burn,Burn,NceS,Burn.NceS.0,high,exact,burn,burn,Display title and Addressables source title are byte-for-byte equal,high
01a00092-f45f-7cfb-93b8-d2b95ffd5581,bye,bye,DingerBox,bye.DingerBox.0,high,exact,bye,bye,Display title and Addressables source title are byte-for-byte equal,high
01a00092-f513-7a50-9787-14eb8dd89076,c.s.q.n.,csqn,Aoi,csqn.Aoi.0,high,normalized-equivalent,csqn,csqn,Titles differ only after Unicode/punctuation/spacing normalization; image relation is accepted,high
01a00092-f5de-7934-97d9-bce7fb1392e9,Cereris,Cereris,SunsetRayNceS,Cereris.SunsetRayNceS.0,high,exact,cereris,cereris,Display title and Addressables source title are byte-for-byte equal,high
01a00092-f6b7-7e3b-bb26-412e9bee6d19,Cervelle Connexion,CervelleConnexion,SCTL,CervelleConnexion.SCTL.0,high,normalized-equivalent,cervelleconnexion,cervelleconnexion,Titles differ only after Unicode/punctuation/spacing normalization; image relation is accepted,high
01a00092-f7b5-7b1c-aae5-009ca2db2838,Chronologika,Chronologika,Hundotte,Chronologika.Hundotte.0,high,exact,chronologika,chronologika,Display title and Addressables source title are byte-for-byte equal,high
01a00092-f8e2-7978-8824-75c372833a42,Chronomia,Chronomia,Lime,Chronomia.Lime.0,high,exact,chronomia,chronomia,Display title and Addressables source title are byte-for-byte equal,high
01a00092-f9b6-79ef-aa6d-6383baa54f77,Chronos Collapse,ChronosCollapseLaCampanella,SunsetRay,ChronosCollapseLaCampanella.SunsetRay.0,high,different-but-likely-corrected,chronoscollapse,chronoscollapselacampanella,"Current image relation is high/confirmed, but curated displayTitle differs from sourceTitle; retain both rather than overwrite",medium
01a00092-fac4-7ffc-b28d-8e52967b33ea,Chronostasis,Chronostasis,黒皇帝,Chronostasis.黒皇帝.0,high,exact,chronostasis,chronostasis,Display title and Addressables source title are byte-for-byte equal,high
01a00092-fba7-74b4-be8d-73f43b277614,Cipher _ 2&__0,Cipher20,TetrajectoryfeatCtymax,Cipher20.TetrajectoryfeatCtymax.0,high,normalized-equivalent,cipher20,cipher20,Titles differ only after Unicode/punctuation/spacing normalization; image relation is accepted,high
01a00092-fc83-7bd2-a1b2-1bdeadb2ff0a,Class Memories,ClassMemories,AntistarfeatCtymax,ClassMemories.AntistarfeatCtymax.0,high,normalized-equivalent,classmemories,classmemories,Titles differ only after Unicode/punctuation/spacing normalization; image relation is accepted,high
01a00092-fd66-7ea9-af2b-3cef573e5581,Cleyera,Cleyera,Riya,Cleyera.Riya.0,confirmed,exact,cleyera,cleyera,Display title and Addressables source title are byte-for-byte equal,confirmed
01a00092-fe2e-72d7-b4bf-93a811b7dc0c,Clock Paradox,ClockParadox,WyvernP,ClockParadox.WyvernP.0,high,normalized-equivalent,clockparadox,clockparadox,Titles differ only after Unicode/punctuation/spacing normalization; image relation is accepted,high
01a00092-fefd-7a5a-aa4f-ae4ff56feb50,Colorful Days♪,ColorfulDays,P4koofeatつゆり花鈴,ColorfulDays.P4koofeatつゆり花鈴.0,high,normalized-equivalent,colorfuldays,colorfuldays,Titles differ only after Unicode/punctuation/spacing normalization; image relation is accepted,high
01a00092-ffe8-79a7-91d3-d35715dc2345,Comet,CometFeat符白牙,CNHKSS,CometFeat符白牙.CNHKSS.0,high,different-but-likely-corrected,comet,cometfeat符白牙,"Current image relation is high/confirmed, but curated displayTitle differs from sourceTitle; retain both rather than overwrite",medium
01a00093-00e2-7d89-8c5b-eb2f9fafc9d4,Compute It With Some Devilish Alcoholic Steampunk Engines,ComputeItWithSomeDevilishAlcoholicSteampunkEngines,かめりあ,ComputeItWithSomeDevilishAlcoholicSteampunkEngines.かめりあ.0,high,normalized-equivalent,computeitwithsomedevilishalcoholicsteampunkengines,computeitwithsomedevilishalcoholicsteampunkengines,Titles differ only after Unicode/punctuation/spacing normalization; image relation is accepted,high
01a00093-0202-7648-8b8b-27c562f1d926,Concvssion,Concvssion,Halv,Concvssion.Halv.0,high,exact,concvssion,concvssion,Display title and Addressables source title are byte-for-byte equal,high
01a00093-02e5-7f46-8128-959f5d2390e6,Crave Wave,CraveWave,LandRoot,CraveWave.LandRoot.0,high,normalized-equivalent,cravewave,cravewave,Titles differ only after Unicode/punctuation/spacing normalization; image relation is accepted,high
01a00093-03e1-7fcb-865e-406af86c400f,Credits,Credits,Frums,Credits.Frums.0,high,exact,credits,credits,Display title and Addressables source title are byte-for-byte equal,high
01a00093-047d-75ff-a488-b45d432d400c,Cristalisia-onoken,Cristalisia,onoken,Cristalisia.onoken.0,confirmed,different-but-likely-corrected,cristalisiaonoken,cristalisia,"Current image relation is high/confirmed, but curated displayTitle differs from sourceTitle; retain both rather than overwrite",medium
01a00093-0559-788c-b86c-0489dec8fe8a,CROSS†SOUL,CROSSSOUL,HyuNfeatSyepias,CROSSSOUL.HyuNfeatSyepias.0,high,normalized-equivalent,crosssoul,crosssoul,Titles differ only after Unicode/punctuation/spacing normalization; image relation is accepted,high
01a00093-063e-7dce-a0ec-417b0415a5bb,Crush BETA,CrushBETA,shadow_bling,CrushBETA.shadow_bling.0,high,normalized-equivalent,crushbeta,crushbeta,Titles differ only after Unicode/punctuation/spacing normalization; image relation is accepted,high
01a00093-071e-70e6-90f5-2e6a07d90514,cryout,cryout,JuE,cryout.JuE.0,high,exact,cryout,cryout,Display title and Addressables source title are byte-for-byte equal,high
01a00093-07e2-7676-a6bf-a8ad19f1025f,Cthugha,Cthugha,USAO,Cthugha.USAO.0,high,exact,cthugha,cthugha,Display title and Addressables source title are byte-for-byte equal,high
01a00093-08e4-7c10-9ad6-3e0c53af9c7e,Cuvism³,Cuvism,Fl00tvsHalv,Cuvism.Fl00tvsHalv.0,high,different-but-likely-corrected,cuvism3,cuvism,"Current image relation is high/confirmed, but curated displayTitle differs from sourceTitle; retain both rather than overwrite",medium
01a00093-09e5-78cb-8c60-eba0c543d21e,Dance with Silence,DancewithSilence,かめりあ,DancewithSilence.かめりあ.0,high,normalized-equivalent,dancewithsilence,dancewithsilence,Titles differ only after Unicode/punctuation/spacing normalization; image relation is accepted,high
01a00093-0aed-7ad0-bb68-65b986459fd4,Dash,Dash,小红Akane李祥辉,Dash.小红Akane李祥辉.0,high,exact,dash,dash,Display title and Addressables source title are byte-for-byte equal,high
01a00093-0bae-7f8c-8455-2fa525e43bb4,DataErr0r,DataErr0r,Cosmograph,DataErr0r.Cosmograph.0,high,exact,dataerr0r,dataerr0r,Display title and Addressables source title are byte-for-byte equal,high
01a00093-0cb2-7cd6-a3af-004d20e2ecc5,dB doll,dBdoll,YUESTEVENuen,dBdoll.YUESTEVENuen.0,high,normalized-equivalent,dbdoll,dbdoll,Titles differ only after Unicode/punctuation/spacing normalization; image relation is accepted,high
01a00093-0d77-75e3-980e-57795dd7a04e,Dead Soul,DeadSoul,SoundSouler,DeadSoul.SoundSouler.0,high,normalized-equivalent,deadsoul,deadsoul,Titles differ only after Unicode/punctuation/spacing normalization; image relation is accepted,high
01a00093-0e22-7883-a51a-16696636ee1f,Demiurge,Demiurge,Rabpit,Demiurge.Rabpit.0,high,exact,demiurge,demiurge,Display title and Addressables source title are byte-for-byte equal,high
01a00093-0f15-72c9-8746-bc5fd5d10b70,Demonkin,Demonkin,ForgedReigns,Demonkin.ForgedReigns.0,high,exact,demonkin,demonkin,Display title and Addressables source title are byte-for-byte equal,high
01a00093-0ffb-7508-b235-decaef103f2c,Der Richter,DerRichter,Ωμεγα,DerRichter.Ωμεγα.0,high,normalized-equivalent,derrichter,derrichter,Titles differ only after Unicode/punctuation/spacing normalization; image relation is accepted,high
01a00093-10de-77d8-8c5e-00900979d6ca,Der Schneid,DerSchneid,Ωμεγα,DerSchneid.Ωμεγα.0,confirmed,normalized-equivalent,derschneid,derschneid,Titles differ only after Unicode/punctuation/spacing normalization; image relation is accepted,confirmed
01a00093-1196-7c78-83ec-3281c8990638,Destination,,,,unmatched,unresolved,destination,,No current APK Track image relation accepted; display/source comparison has no reliable counterpart,unresolved
01a00093-1286-746d-a46b-1a916ca6c187,"DESTRUCTION 3,2,1",DESTRUCTION321,Normal1zervsBrokenNerdz,DESTRUCTION321.Normal1zervsBrokenNerdz.0,high,normalized-equivalent,destruction321,destruction321,Titles differ only after Unicode/punctuation/spacing normalization; image relation is accepted,high
01a00093-139f-720e-b442-da9952a49710,DevIAtiOn (short ver.),DevIAtiOnshortver,polysha,DevIAtiOnshortver.polysha.0,high,normalized-equivalent,deviationshortver,deviationshortver,Titles differ only after Unicode/punctuation/spacing normalization; image relation is accepted,high
01a00093-14ac-7538-8596-785796712f8f,Devotion,Devotion,Connexio,Devotion.Connexio.0,high,exact,devotion,devotion,Display title and Addressables source title are byte-for-byte equal,high
01a00093-15a5-7712-998a-38aa0ec69758,Diamond Dust,DiamondDust,MasahiroGodspeedAoki,DiamondDust.MasahiroGodspeedAoki.0,high,normalized-equivalent,diamonddust,diamonddust,Titles differ only after Unicode/punctuation/spacing normalization; image relation is accepted,high
01a00093-1692-7d80-9f26-84547d794fd9,Diamond Eyes,DiamondEyes,SYNTHETIC,DiamondEyes.SYNTHETIC.0,high,normalized-equivalent,diamondeyes,diamondeyes,Titles differ only after Unicode/punctuation/spacing normalization; image relation is accepted,high
01a00093-1768-7530-b124-beedfe633bcd,Disorder,Disorder,HyuNfeatYURI,Disorder.HyuNfeatYURI.0,high,exact,disorder,disorder,Display title and Addressables source title are byte-for-byte equal,high
01a00093-180e-738f-9564-63daf5253d0c,Distorted Fate,DistortedFate,Sakuzyo,DistortedFate.Sakuzyo.0,high,normalized-equivalent,distortedfate,distortedfate,Titles differ only after Unicode/punctuation/spacing normalization; image relation is accepted,high
01a00093-18db-75e7-818d-e96cd320993e,Dlyrotz -SUPER ULTIMATE AMAZING AWESOME PRO MAX EXTRA REMIX-,,,,unmatched,unresolved,dlyrotzsuperultimateamazingawesomepromaxextraremix,,No current APK Track image relation accepted; display/source comparison has no reliable counterpart,unresolved
01a00093-19b6-70e0-aed5-ca230ac9cf33,Dlyrotz,Dlyrotz,Likey,Dlyrotz.Likey.0,high,exact,dlyrotz,dlyrotz,Display title and Addressables source title are byte-for-byte equal,high
01a00093-1aa7-7ba4-9eff-28fc34a5f7a9,Don't Never Around,DontNeverAround,HAMA,DontNeverAround.HAMA.0,high,normalized-equivalent,dontneveraround,dontneveraround,Titles differ only after Unicode/punctuation/spacing normalization; image relation is accepted,high
01a00093-1bb0-794a-b4ab-7b0f9c7b51e8,Doppelganger,Doppelganger,LeaF,Doppelganger.LeaF.0,high,exact,doppelganger,doppelganger,Display title and Addressables source title are byte-for-byte equal,high
01a00093-1c93-7c22-a3d3-852979fb9c6e,Dreamland,Dreamland,z1onkyrrin,Dreamland.z1onkyrrin.0,high,exact,dreamland,dreamland,Display title and Addressables source title are byte-for-byte equal,high
01a00093-1d5a-7565-8a25-5b0eef78182d,Drop It,DropIt,Asuka,DropIt.Asuka.0,high,normalized-equivalent,dropit,dropit,Titles differ only after Unicode/punctuation/spacing normalization; image relation is accepted,high
01a00093-1e07-788e-b6f3-449ff58b8c05,El Condor Pasa (Phigros Edit),ElCondorPasaPhigrosEdit,PlasticFruits,ElCondorPasaPhigrosEdit.PlasticFruits.0,high,normalized-equivalent,elcondorpasaphigrosedit,elcondorpasaphigrosedit,Titles differ only after Unicode/punctuation/spacing normalization; image relation is accepted,high
01a00093-1f11-721f-af34-418cdb29add9,El último baile,Elúltimobaile,Θ,Elúltimobaile.Θ.0,high,normalized-equivalent,elúltimobaile,elúltimobaile,Titles differ only after Unicode/punctuation/spacing normalization; image relation is accepted,high
01a00093-200f-7c77-b058-365efb37c110,Electron,Electron,ElousFZ,Electron.ElousFZ.0,high,exact,electron,electron,Display title and Addressables source title are byte-for-byte equal,high
01a00093-20e1-7d1c-bf88-67062d4c4c75,Eltaw,Eltaw,Fl00t,Eltaw.Fl00t.0,high,exact,eltaw,eltaw,Display title and Addressables source title are byte-for-byte equal,high
01a00093-21a1-70f7-8e6d-37014a580784,End Me,EndMe,ZxNXasDelaina,EndMe.ZxNXasDelaina.0,high,normalized-equivalent,endme,endme,Titles differ only after Unicode/punctuation/spacing normalization; image relation is accepted,high
01a00093-2270-7953-ab37-e601c0405258,ENERGY SYNERGY MATRIX,ENERGYSYNERGYMATRIX,Tanchiky,ENERGYSYNERGYMATRIX.Tanchiky.0,high,normalized-equivalent,energysynergymatrix,energysynergymatrix,Titles differ only after Unicode/punctuation/spacing normalization; image relation is accepted,high
01a00093-2342-72f9-8451-8d891707a697,energy trixxx,energytrixxx,KAH,energytrixxx.KAH.0,high,normalized-equivalent,energytrixxx,energytrixxx,Titles differ only after Unicode/punctuation/spacing normalization; image relation is accepted,high
01a00093-2419-72e6-ae47-4a6a95099e6c,Engine x Start!! (melody mix),EnginexStartmelodymix,CrossingSound,EnginexStartmelodymix.CrossingSound.0,high,normalized-equivalent,enginexstartmelodymix,enginexstartmelodymix,Titles differ only after Unicode/punctuation/spacing normalization; image relation is accepted,high
01a00093-24f3-7d64-9e31-b904a5da8bab,Eradication Catastrophe,EradicationCatastrophe,NceS,EradicationCatastrophe.NceS.0,high,normalized-equivalent,eradicationcatastrophe,eradicationcatastrophe,Titles differ only after Unicode/punctuation/spacing normalization; image relation is accepted,high
01a00093-25df-7fed-be4a-96e54f78f819,Eternal Snow,EternalSnow,AbyssIdols,EternalSnow.AbyssIdols.0,high,normalized-equivalent,eternalsnow,eternalsnow,Titles differ only after Unicode/punctuation/spacing normalization; image relation is accepted,high
01a00093-26ec-7aaf-a389-7eb3e70101b8,Feast远东之宴,Feast远东之宴,茶鸣拾贰律,Feast远东之宴.茶鸣拾贰律.0,high,exact,feast远东之宴,feast远东之宴,Display title and Addressables source title are byte-for-byte equal,high
01a00093-27f0-7cf1-885b-88c1eec674c1,Final Step!,FinalStep,Lime,FinalStep.Lime.0,high,normalized-equivalent,finalstep,finalstep,Titles differ only after Unicode/punctuation/spacing normalization; image relation is accepted,high
01a00093-28ac-7125-9c09-644b0e52f5dc,Find_Me,FindMe,Kforest,FindMe.Kforest.0,high,normalized-equivalent,findme,findme,Titles differ only after Unicode/punctuation/spacing normalization; image relation is accepted,high
01a00093-2959-7a66-8164-e7e02a191743,Fixations Toward the Stars,FixationsTowardtheStars,Foodbot,FixationsTowardtheStars.Foodbot.0,high,normalized-equivalent,fixationstowardthestars,fixationstowardthestars,Titles differ only after Unicode/punctuation/spacing normalization; image relation is accepted,high
01a00093-2a0d-790a-94e8-f7463ec10105,Flutter Echo,FlutterEcho,Cansol,FlutterEcho.Cansol.0,high,normalized-equivalent,flutterecho,flutterecho,Titles differ only after Unicode/punctuation/spacing normalization; image relation is accepted,high
01a00093-2b13-7b13-8010-409277aeb6d7,Fractured Angel,FracturedAngel,DJRaisei,FracturedAngel.DJRaisei.0,high,normalized-equivalent,fracturedangel,fracturedangel,Titles differ only after Unicode/punctuation/spacing normalization; image relation is accepted,high
01a00093-2bf6-7648-be8f-6f2f362e84a1,Freaky Undulations ~Noble Knights of Tune~,FreakyUndulationsNobleKnightsofTune,JehezukielKURORAK,FreakyUndulationsNobleKnightsofTune.JehezukielKURORAK.0,high,normalized-equivalent,freakyundulationsnobleknightsoftune,freakyundulationsnobleknightsoftune,Titles differ only after Unicode/punctuation/spacing normalization; image relation is accepted,high
01a00093-2cd8-71b9-919c-d6a788d17063,Frozen Heart,FrozenHeart,A39沙包P,FrozenHeart.A39沙包P.0,high,normalized-equivalent,frozenheart,frozenheart,Titles differ only after Unicode/punctuation/spacing normalization; image relation is accepted,high
01a00093-2dde-7091-8a61-156bfb97a23f,FULi AUTO BUSTER,FULiAUTOBUSTER,MYUKKE,FULiAUTOBUSTER.MYUKKE.0,high,normalized-equivalent,fuliautobuster,fuliautobuster,Titles differ only after Unicode/punctuation/spacing normalization; image relation is accepted,high
01a00093-2ef6-776a-9d9d-814b35cd13b4,FULi AUTO SHOOTER,FULiAUTOSHOOTER,MYUKKE,FULiAUTOSHOOTER.MYUKKE.0,high,normalized-equivalent,fuliautoshooter,fuliautoshooter,Titles differ only after Unicode/punctuation/spacing normalization; image relation is accepted,high
01a00093-2fed-729c-b560-47e498837404,Future Mind,FutureMind,RayNauticaRekuMochizuki,FutureMind.RayNauticaRekuMochizuki.0,high,normalized-equivalent,futuremind,futuremind,Titles differ only after Unicode/punctuation/spacing normalization; image relation is accepted,high
01a00093-30e7-7380-b79b-b7e2b60b8760,"G.V.N. (Glitter, Vomitus and Neon)",GVNGlitterVomitusandNeon,SaltySaltUnfold33,GVNGlitterVomitusandNeon.SaltySaltUnfold33.0,high,normalized-equivalent,gvnglittervomitusandneon,gvnglittervomitusandneon,Titles differ only after Unicode/punctuation/spacing normalization; image relation is accepted,high
01a00093-31d4-732b-8b7c-0c275b0f29be,Get Back,GetBack,CAP3,GetBack.CAP3.0,high,normalized-equivalent,getback,getback,Titles differ only after Unicode/punctuation/spacing normalization; image relation is accepted,high
01a00093-32c5-732b-b7f7-12b907b0915a,Get Ready!!,GetReady,iF,GetReady.iF.0,high,normalized-equivalent,getready,getready,Titles differ only after Unicode/punctuation/spacing normalization; image relation is accepted,high
01a00093-33a0-7de4-a6dd-11ae59a14c1f,Glaciaxion,Glaciaxion,SunsetRay,Glaciaxion.SunsetRay.0,high,exact,glaciaxion,glaciaxion,Display title and Addressables source title are byte-for-byte equal,high
01a00093-3480-712f-a923-24753b918143,GOODBOUNCE,GOODBOUNCE,EBIMAYO,GOODBOUNCE.EBIMAYO.0,high,exact,goodbounce,goodbounce,Display title and Addressables source title are byte-for-byte equal,high
01a00093-3520-741f-9425-af6868aeb6ba,GOODFORTUNE,GOODFORTUNE,EBIMAYO,GOODFORTUNE.EBIMAYO.0,high,exact,goodfortune,goodfortune,Display title and Addressables source title are byte-for-byte equal,high
01a00093-35c6-77a9-a900-a95a3920f494,GOODRAGE,GOODRAGE,EBIMAYO,GOODRAGE.EBIMAYO.0,high,exact,goodrage,goodrage,Display title and Addressables source title are byte-for-byte equal,high
01a00093-367b-7463-be09-9c0044f91c04,GOODTEK,GOODTEK,EBIMAYO,GOODTEK.EBIMAYO.0,high,exact,goodtek,goodtek,Display title and Addressables source title are byte-for-byte equal,high
01a00093-3724-75ce-8a53-6620a0bd3017,GOODWORLD,GOODWORLD,EBIMAYO,GOODWORLD.EBIMAYO.0,high,exact,goodworld,goodworld,Display title and Addressables source title are byte-for-byte equal,high
01a00093-37d9-7b33-97cf-ff1c38117d4c,Grimheart,Grimheart,Puru,Grimheart.Puru.0,high,exact,grimheart,grimheart,Display title and Addressables source title are byte-for-byte equal,high
01a00093-38d1-722c-8f54-0907ea4addff,Gungnir Fracture,GungnirFracture,Kryexe,GungnirFracture.Kryexe.0,confirmed,normalized-equivalent,gungnirfracture,gungnirfracture,Titles differ only after Unicode/punctuation/spacing normalization; image relation is accepted,confirmed
01a00093-3981-7311-910e-8d87eaff5aa2,Hardcore Kwaya,HardcoreKwaya,EnFr,HardcoreKwaya.EnFr.0,high,normalized-equivalent,hardcorekwaya,hardcorekwaya,Titles differ only after Unicode/punctuation/spacing normalization; image relation is accepted,high
01a00093-3a5b-7ec4-add2-de4c81447560,HAZARD,HAZARD,Limpid,HAZARD.Limpid.0,high,exact,hazard,hazard,Display title and Addressables source title are byte-for-byte equal,high
01a00093-3b31-7f48-9912-a25a2f980371,Helios,Helios,NOABotaNya,Helios.NOABotaNya.0,high,exact,helios,helios,Display title and Addressables source title are byte-for-byte equal,high
01a00093-3c22-77f7-8563-f82a8d6fee79,Horizon Blue,HorizonBlue,NothingButRequiemfeatAikapinChiyoko,HorizonBlue.NothingButRequiemfeatAikapinChiyoko.0,high,normalized-equivalent,horizonblue,horizonblue,Titles differ only after Unicode/punctuation/spacing normalization; image relation is accepted,high
01a00093-3d1f-730a-9b19-22a98a67bc21,HumaN,HumaN,SOTUI,HumaN.SOTUI.0,high,exact,human,human,Display title and Addressables source title are byte-for-byte equal,high
01a00093-3e03-7b58-bed7-2139577cd83b,Hydra-James Landino X Akira Complex,Hydra,JamesLandinoXAkiraComplex,Hydra.JamesLandinoXAkiraComplex.0,confirmed,different-but-likely-corrected,hydrajameslandinoxakiracomplex,hydra,"Current image relation is high/confirmed, but curated displayTitle differs from sourceTitle; retain both rather than overwrite",medium
01a00093-3efa-7dc2-afa5-dd644f385540,I Must Say No,IMustSayNo,TangJuan,IMustSayNo.TangJuan.0,high,normalized-equivalent,imustsayno,imustsayno,Titles differ only after Unicode/punctuation/spacing normalization; image relation is accepted,high
01a00093-3feb-780f-98f5-1a7deb9cce28,Igallta,Igallta,SeURa,Igallta.SeURa.0,high,exact,igallta,igallta,Display title and Addressables source title are byte-for-byte equal,high
01a00093-40e2-7eec-80c1-09a504aeefdb,iL-Artifact,iLArtifact,Link0,iLArtifact.Link0.0,high,normalized-equivalent,ilartifact,ilartifact,Titles differ only after Unicode/punctuation/spacing normalization; image relation is accepted,high
01a00093-41b3-76ea-b46e-6a332dc44cc2,Incyde,Incyde,YbeLL,Incyde.YbeLL.0,confirmed,exact,incyde,incyde,Display title and Addressables source title are byte-for-byte equal,confirmed
01a00093-4241-7e0d-969d-3a40459ea0dc,Indelible Scar,IndelibleScar,Noah,IndelibleScar.Noah.0,high,normalized-equivalent,indeliblescar,indeliblescar,Titles differ only after Unicode/punctuation/spacing normalization; image relation is accepted,high
01a00093-4344-7ce8-a2e6-cad964c640e7,inferior,inferior,姜米條,inferior.姜米條.0,high,exact,inferior,inferior,Display title and Addressables source title are byte-for-byte equal,high
01a00093-4434-72a0-aea7-e6c1924b5db4,INFiNiTE ENERZY -Overdoze-,INFiNiTEENERZYOverdoze,RekuMochizuki,INFiNiTEENERZYOverdoze.RekuMochizuki.0,high,normalized-equivalent,infiniteenerzyoverdoze,infiniteenerzyoverdoze,Titles differ only after Unicode/punctuation/spacing normalization; image relation is accepted,high
01a00093-4528-7249-ab1c-ebbee95a4f07,Infinity Heaven,InfinityHeaven,HyuN,InfinityHeaven.HyuN.0,high,normalized-equivalent,infinityheaven,infinityheaven,Titles differ only after Unicode/punctuation/spacing normalization; image relation is accepted,high
01a00093-4620-792d-9dae-ceed5fed2715,Initialize,Initialize,iF,Initialize.iF.0,high,exact,initialize,initialize,Display title and Addressables source title are byte-for-byte equal,high
01a00093-46f9-765b-870b-55fbb8056f49,INTRODUCTION,Introduction,,Introduction,high,normalized-equivalent,introduction,introduction,Titles differ only after Unicode/punctuation/spacing normalization; image relation is accepted,high
01a00093-47bc-73f0-aff2-b646e7c3a26d,Inverted World,InvertedWorld,ARForest,InvertedWorld.ARForest.0,high,normalized-equivalent,invertedworld,invertedworld,Titles differ only after Unicode/punctuation/spacing normalization; image relation is accepted,high
01a00093-489a-7922-9f53-e7800929bd88,Journey with You,JourneywithYou,Iris,JourneywithYou.Iris.0,high,normalized-equivalent,journeywithyou,journeywithyou,Titles differ only after Unicode/punctuation/spacing normalization; image relation is accepted,high
01a00093-496a-7cc0-b1dc-aad28c8e8e73,JunXion Between Life And Death(VIP Mix),JunXionBetweenLifeAndDeathVIPMix,1N6Fs,JunXionBetweenLifeAndDeathVIPMix.1N6Fs.0,high,normalized-equivalent,junxionbetweenlifeanddeathvipmix,junxionbetweenlifeanddeathvipmix,Titles differ only after Unicode/punctuation/spacing normalization; image relation is accepted,high
01a00093-4a47-716b-82f9-45a842d41d0e,K.Moe (VIP),KMoeVIP,ZxNX,KMoeVIP.ZxNX.0,high,normalized-equivalent,kmoevip,kmoevip,Titles differ only after Unicode/punctuation/spacing normalization; image relation is accepted,high
01a00093-4b07-7e2a-adb6-09e8499d99aa,Kerberos,Kerberos,Zris,Kerberos.Zris.0,high,exact,kerberos,kerberos,Display title and Addressables source title are byte-for-byte equal,high
01a00093-4bf8-70e4-a326-113e2541f804,Khalid,Khalid,Dolphin,Khalid.Dolphin.0,high,exact,khalid,khalid,Display title and Addressables source title are byte-for-byte equal,high
01a00093-4cc1-7469-b051-b476332d601a,Khronostasis Katharsis,KhronostasisKatharsis,Halv,KhronostasisKatharsis.Halv.0,high,normalized-equivalent,khronostasiskatharsis,khronostasiskatharsis,Titles differ only after Unicode/punctuation/spacing normalization; image relation is accepted,high
01a00093-4d89-7197-ac81-559393fac5d9,Kirakira Noel Story!!,KirakiraNoelStory,RekuMochizuki,KirakiraNoelStory.RekuMochizuki.0,high,normalized-equivalent,kirakiranoelstory,kirakiranoelstory,Titles differ only after Unicode/punctuation/spacing normalization; image relation is accepted,high
01a00093-4e81-7c08-bdb0-32d0733421f8,KIZUNA Resolution,KIZUNAResolution,TAG,KIZUNAResolution.TAG.0,high,normalized-equivalent,kizunaresolution,kizunaresolution,Titles differ only after Unicode/punctuation/spacing normalization; image relation is accepted,high
01a00093-4f99-74a5-8a6e-bab0b8f934fb,Komplexe,Komplexe,雄之助featSennzai,Komplexe.雄之助featSennzai.0,high,exact,komplexe,komplexe,Display title and Addressables source title are byte-for-byte equal,high
01a00093-5075-7e84-b389-60b51a5dff39,Labyrinth in Kowloon_ Walled World,LabyrinthinKowloonWalledWorld,かめりあ,LabyrinthinKowloonWalledWorld.かめりあ.0,high,normalized-equivalent,labyrinthinkowloonwalledworld,labyrinthinkowloonwalledworld,Titles differ only after Unicode/punctuation/spacing normalization; image relation is accepted,high
01a00093-5161-7d95-849f-e61fdd507161,Le temps perdu,Letempsperdu,Daison,Letempsperdu.Daison.0,high,normalized-equivalent,letempsperdu,letempsperdu,Titles differ only after Unicode/punctuation/spacing normalization; image relation is accepted,high
01a00093-525b-7ddd-9821-baa609345079,Leave All Behind,LeaveAllBehind,rider,LeaveAllBehind.rider.0,high,normalized-equivalent,leaveallbehind,leaveallbehind,Titles differ only after Unicode/punctuation/spacing normalization; image relation is accepted,high
01a00093-5338-7165-b016-86c49c8c7f8f,life flashes before weeb eyes,lifeflashesbeforeweebeyes,BilliumMoto,lifeflashesbeforeweebeyes.BilliumMoto.0,high,normalized-equivalent,lifeflashesbeforeweebeyes,lifeflashesbeforeweebeyes,Titles differ only after Unicode/punctuation/spacing normalization; image relation is accepted,high
01a00093-5419-7b27-81cc-4ee395855182,Locomotive,Locomotive,K,Locomotive.K.0,confirmed,exact,locomotive,locomotive,Display title and Addressables source title are byte-for-byte equal,confirmed
01a00093-54be-7e1b-af26-e290af84a3ef,Luminescence,Luminescence,米虾Fomiki初云CLoudie,Luminescence.米虾Fomiki初云CLoudie.0,high,exact,luminescence,luminescence,Display title and Addressables source title are byte-for-byte equal,high
01a00093-55bc-7268-9f7b-8a4d02dac434,Luminescent,Luminescent,Daison,Luminescent.Daison.0,high,exact,luminescent,luminescent,Display title and Addressables source title are byte-for-byte equal,high
01a00093-5692-7523-91e5-6b0a344103fb,Luminous Entities Lost Heart,LuminousEntitiesLostHeart,NormalMfeatUsagiDenki,LuminousEntitiesLostHeart.NormalMfeatUsagiDenki.0,high,normalized-equivalent,luminousentitieslostheart,luminousentitieslostheart,Titles differ only after Unicode/punctuation/spacing normalization; image relation is accepted,high
01a00093-5772-76a1-acdc-a0a6c35dece8,Lyrith -迷宮リリス-,Lyrith迷宮リリス,ユメミド,Lyrith迷宮リリス.ユメミド.0,high,normalized-equivalent,lyrith迷宮リリス,lyrith迷宮リリス,Titles differ only after Unicode/punctuation/spacing normalization; image relation is accepted,high
01a00093-5841-7d1b-bb94-7877d3362d7c,Magenta Potion,MagentaPotion,EmoCo,MagentaPotion.EmoCo.0,high,normalized-equivalent,magentapotion,magentapotion,Titles differ only after Unicode/punctuation/spacing normalization; image relation is accepted,high
01a00093-596e-71b3-b197-e2618d859a3b,Manifold Hypothesis,ManifoldHypothesis,cybermisofeattigerlily,ManifoldHypothesis.cybermisofeattigerlily.0,high,normalized-equivalent,manifoldhypothesis,manifoldhypothesis,Titles differ only after Unicode/punctuation/spacing normalization; image relation is accepted,high
01a00093-5a3e-7b0e-b6a3-af26a1232c78,MARENOL,MARENOL,LeaF,MARENOL.LeaF.0,high,exact,marenol,marenol,Display title and Addressables source title are byte-for-byte equal,high
01a00093-5b07-751a-a51d-792c4da71a66,mechanted,mechanted,rareguy,mechanted.rareguy.0,high,exact,mechanted,mechanted,Display title and Addressables source title are byte-for-byte equal,high
01a00093-5bc2-7a0e-8a0d-d4d14e8bb5e4,micro.wav,microwav,dandeless,microwav.dandeless.0,high,normalized-equivalent,microwav,microwav,Titles differ only after Unicode/punctuation/spacing normalization; image relation is accepted,high
01a00093-5c9b-7e28-8378-b9fae6068a26,Miracle Forest (VIP Mix),MiracleForestVIPMix,Rinthlive,MiracleForestVIPMix.Rinthlive.0,high,normalized-equivalent,miracleforestvipmix,miracleforestvipmix,Titles differ only after Unicode/punctuation/spacing normalization; image relation is accepted,high
01a00093-5d94-7bd8-a82b-49bc8d65f5ac,MOBILYS,MOBILYS,Dachs,MOBILYS.Dachs.0,high,exact,mobilys,mobilys,Display title and Addressables source title are byte-for-byte equal,high
01a00093-5e83-705e-8513-0acf072597d0,modulus,modulus,PTB10,modulus.PTB10.0,high,exact,modulus,modulus,Display title and Addressables source title are byte-for-byte equal,high
01a00093-5f6c-7adc-8268-c5f348a81454,Next Time,NextTime,SaMZIng,NextTime.SaMZIng.0,high,normalized-equivalent,nexttime,nexttime,Titles differ only after Unicode/punctuation/spacing normalization; image relation is accepted,high
01a00093-604d-740a-b4c8-faecc53695e3,Nhelv,Nhelv,Silentroom,Nhelv.Silentroom.0,high,exact,nhelv,nhelv,Display title and Addressables source title are byte-for-byte equal,high
01a00093-6182-79f5-aacd-2ea3f88e72b9,Nick of Time,NickofTime,P4koo,NickofTime.P4koo.0,high,normalized-equivalent,nickoftime,nickoftime,Titles differ only after Unicode/punctuation/spacing normalization; image relation is accepted,high
01a00093-624e-73d2-9c1c-d11b8586da28,NightTheater,NightTheater,わかどり,NightTheater.わかどり.0,high,exact,nighttheater,nighttheater,Display title and Addressables source title are byte-for-byte equal,high
01a00093-631c-7ed9-bf6e-73ec97f95445,NO ONE YES MAN,NOONEYESMAN,MYUKKE,NOONEYESMAN.MYUKKE.0,high,normalized-equivalent,nooneyesman,nooneyesman,Titles differ only after Unicode/punctuation/spacing normalization; image relation is accepted,high
01a00093-63f2-7d2e-bad5-67c82c3b28b4,NO x,NOx,Juggernaut,NOx.Juggernaut.0,high,normalized-equivalent,nox,nox,Titles differ only after Unicode/punctuation/spacing normalization; image relation is accepted,high
01a00093-64ea-76de-b05c-446d8199dfbd,Non-Melodic Ragez(MUG Edit),NonMelodicRagezMUGEdit,Normal1zer,NonMelodicRagezMUGEdit.Normal1zer.0,high,normalized-equivalent,nonmelodicragezmugedit,nonmelodicragezmugedit,Titles differ only after Unicode/punctuation/spacing normalization; image relation is accepted,high
01a00093-65bd-790e-8086-4ff8b1751440,"Now Is The Time, Do It",NowIsTheTimeDoIt,RoyMikelate,NowIsTheTimeDoIt.RoyMikelate.0,high,normalized-equivalent,nowisthetimedoit,nowisthetimedoit,Titles differ only after Unicode/punctuation/spacing normalization; image relation is accepted,high
01a00093-6694-750b-b033-9a56bfa2608b,NYA!!!(Phigros ver.),NYA,FLuoRiTe姜米條,NYA.FLuoRiTe姜米條.0,high,different-but-likely-corrected,nyaphigrosver,nya,"Current image relation is high/confirmed, but curated displayTitle differs from sourceTitle; retain both rather than overwrite",medium
01a00093-676b-7e47-b6ff-5d4f0a66bcc6,Oblivion： Phin,,,,unmatched,unresolved,oblivionphin,,No current APK Track image relation accepted; display/source comparison has no reliable counterpart,unresolved
01a00093-6813-75f0-a403-342ca485bd60,On And On!!,OnAndOn,ETIAfeatJenga,OnAndOn.ETIAfeatJenga.0,high,normalized-equivalent,onandon,onandon,Titles differ only after Unicode/punctuation/spacing normalization; image relation is accepted,high
01a00093-68ee-733a-a594-5cbf06ae4464,opia,opia,rN,opia.rN.0,high,exact,opia,opia,Display title and Addressables source title are byte-for-byte equal,high
01a00093-69f0-7181-a2e3-03d164b81450,Originally,Originally,SNKSMizku,Originally.SNKSMizku.0,high,exact,originally,originally,Display title and Addressables source title are byte-for-byte equal,high
01a00093-6ad0-7942-902e-79085cf38619,Orthodox,Orthodox,tokiwa,Orthodox.tokiwa.0,high,exact,orthodox,orthodox,Display title and Addressables source title are byte-for-byte equal,high
01a00093-6b8f-7bd0-b49c-15af83422cd9,Palescreen,Palescreen,WyvernPfeatMadol,Palescreen.WyvernPfeatMadol.0,high,exact,palescreen,palescreen,Display title and Addressables source title are byte-for-byte equal,high
01a00093-6c61-76b5-a1f6-0429cd01a147,PANIC PARADISE,PANICPARADISE,DJSHIONY,PANICPARADISE.DJSHIONY.0,high,normalized-equivalent,panicparadise,panicparadise,Titles differ only after Unicode/punctuation/spacing normalization; image relation is accepted,high
01a00093-6d31-7aec-b798-cf38d17beec7,Parallel Retrogression (Game Ver.),ParallelRetrogressionGameVer,Tetrajectory,ParallelRetrogressionGameVer.Tetrajectory.0,high,normalized-equivalent,parallelretrogressiongamever,parallelretrogressiongamever,Titles differ only after Unicode/punctuation/spacing normalization; image relation is accepted,high
01a00093-6dfd-7348-8510-4b8e061e4c21,Pixel Rebelz,PixelRebelz,Normal1zer,PixelRebelz.Normal1zer.0,high,normalized-equivalent,pixelrebelz,pixelrebelz,Titles differ only after Unicode/punctuation/spacing normalization; image relation is accepted,high
01a00093-6e9e-7da1-9791-1b8aa9bd8703,Poison AND÷OR Affection,PoisonANDORAffection,LeaF,PoisonANDORAffection.LeaF.0,high,normalized-equivalent,poisonandoraffection,poisonandoraffection,Titles differ only after Unicode/punctuation/spacing normalization; image relation is accepted,high
01a00093-6f85-784c-878e-0a30ecf777cc,Pont des souvenirs,Pontdessouvenirs,VeetaCrushvsitsufeatitsu,Pontdessouvenirs.VeetaCrushvsitsufeatitsu.0,high,normalized-equivalent,pontdessouvenirs,pontdessouvenirs,Titles differ only after Unicode/punctuation/spacing normalization; image relation is accepted,high
01a00093-7095-7225-8734-0a1ac1d13012,PRAGMATISM -RESURRECTION-,PRAGMATISMRESURRECTION,Laur,PRAGMATISMRESURRECTION.Laur.0,high,normalized-equivalent,pragmatismresurrection,pragmatismresurrection,Titles differ only after Unicode/punctuation/spacing normalization; image relation is accepted,high
01a00093-717a-71ed-a92a-05754735687f,Protoflicker,Protoflicker,Silentroom,Protoflicker.Silentroom.0,high,exact,protoflicker,protoflicker,Display title and Addressables source title are byte-for-byte equal,high
01a00093-7270-7ac0-a4ab-b7bb084468ce,Quantum Hyperspace,QuantumHyperspace,D_AAN,QuantumHyperspace.D_AAN.0,high,normalized-equivalent,quantumhyperspace,quantumhyperspace,Titles differ only after Unicode/punctuation/spacing normalization; image relation is accepted,high
01a00093-7346-7ad8-b90b-b38c89112c13,QZKago Requiem,QZKagoRequiem,tpazolite,QZKagoRequiem.tpazolite.0,high,normalized-equivalent,qzkagorequiem,qzkagorequiem,Titles differ only after Unicode/punctuation/spacing normalization; image relation is accepted,high
01a00093-7418-7a60-97bd-f68b3725774a,Radiance,Radiance,Nhato,Radiance.Nhato.0,high,exact,radiance,radiance,Display title and Addressables source title are byte-for-byte equal,high
01a00093-7516-7ebf-af9a-78b79166ee3d,Rainy Heart,RainyHeart,BelieverInYou阿卡姆巫师,RainyHeart.BelieverInYou阿卡姆巫师.0,high,normalized-equivalent,rainyheart,rainyheart,Titles differ only after Unicode/punctuation/spacing normalization; image relation is accepted,high
01a00093-7603-7db0-84b6-5e710c5b5d77,Rainy Season,RainySeason,AbyssIdols,RainySeason.AbyssIdols.0,high,normalized-equivalent,rainyseason,rainyseason,Titles differ only after Unicode/punctuation/spacing normalization; image relation is accepted,high
01a00093-76f3-733d-8a1f-795fe65c9bcc,Ramification,Ramification,rareguyReina,Ramification.rareguyReina.0,high,exact,ramification,ramification,Display title and Addressables source title are byte-for-byte equal,high
01a00093-77e2-7631-bbce-f4db79c3fab6,Random,Random,SobremSilentroom,Random.SobremSilentroom.0,high,exact,random,random,Display title and Addressables source title are byte-for-byte equal,high
01a00093-78ed-70d5-a5aa-a52c9f5a89d3,Re_Nascence (Psystyle Ver.),Re_NascencePsystyleVer,Rinth_live,Re_NascencePsystyleVer.Rinth_live.0,high,normalized-equivalent,renascencepsystylever,renascencepsystylever,Titles differ only after Unicode/punctuation/spacing normalization; image relation is accepted,high
01a00093-79de-7770-bd1c-a4f32587335c,Re：Birth,Rebirth,ああああ,Rebirth.ああああ.0,high,normalized-equivalent,rebirth,rebirth,Titles differ only after Unicode/punctuation/spacing normalization; image relation is accepted,high
01a00093-7ac8-730b-9894-7d505feedbce,Re：End of a Dream,ReEndofaDream,umavsモリモリあつし,ReEndofaDream.umavsモリモリあつし.0,high,normalized-equivalent,reendofadream,reendofadream,Titles differ only after Unicode/punctuation/spacing normalization; image relation is accepted,high
01a00093-7bb3-791b-82e2-29fb63c73d4b,Realms,Realms,HinkikAHimitsu,Realms.HinkikAHimitsu.0,high,exact,realms,realms,Display title and Addressables source title are byte-for-byte equal,high
01a00093-7ce8-7467-ac1a-f40de7bd981f,Reimei,Reimei,影虎,Reimei.影虎.0,high,exact,reimei,reimei,Display title and Addressables source title are byte-for-byte equal,high
01a00093-7db3-70d4-a89f-09fb6438f357,Resolver,Resolver,Gomadare,Resolver.Gomadare.0,high,exact,resolver,resolver,Display title and Addressables source title are byte-for-byte equal,high
01a00093-7eaa-71a5-84b2-e530f3a1a840,RESSiSTANCE,RESSiSTANCE,ぐるたみん,RESSiSTANCE.ぐるたみん.0,high,exact,ressistance,ressistance,Display title and Addressables source title are byte-for-byte equal,high
01a00093-7fdd-7044-9451-65c1abe95315,Retribution ~ Cycle of Redemption ~,RetributionCycleofRedemption,ArdolfvsDaily天利,RetributionCycleofRedemption.ArdolfvsDaily天利.0,high,normalized-equivalent,retributioncycleofredemption,retributioncycleofredemption,Titles differ only after Unicode/punctuation/spacing normalization; image relation is accepted,high
01a00093-80d6-7de4-bde5-0f3d6e4e2f62,Retribution,Retribution,nmyKryexe,Retribution.nmyKryexe.0,high,exact,retribution,retribution,Display title and Addressables source title are byte-for-byte equal,high
01a00093-81aa-746b-bf87-5668f31b342f,RIPPER,RIPPER,Friedwav,RIPPER.Friedwav.0,high,exact,ripper,ripper,Display title and Addressables source title are byte-for-byte equal,high
01a00093-827a-71ff-95b9-bea1484cb7f9,Rrhar'il,Rrharil,TeamGrimoire,Rrharil.TeamGrimoire.0,high,normalized-equivalent,rrharil,rrharil,Titles differ only after Unicode/punctuation/spacing normalization; image relation is accepted,high
01a00093-8365-7423-9cdf-559d9074ac67,Rubbish Sorting,RubbishSorting,CtymaxvsNceS,RubbishSorting.CtymaxvsNceS.0,high,normalized-equivalent,rubbishsorting,rubbishsorting,Titles differ only after Unicode/punctuation/spacing normalization; image relation is accepted,high
01a00093-8454-76ce-aee2-66fe90beea00,S.A.T.E.L.L.I.T.E.,SATELLITE,かめりあ,SATELLITE.かめりあ.0,high,normalized-equivalent,satellite,satellite,Titles differ only after Unicode/punctuation/spacing normalization; image relation is accepted,high
01a00093-8571-7bba-8366-6b662736c084,Schadenfreude,Schadenfreude,ZxNX,Schadenfreude.ZxNX.0,high,exact,schadenfreude,schadenfreude,Display title and Addressables source title are byte-for-byte equal,high
01a00093-865b-7ce5-9781-8fdbfdcc0362,Secret Illumination,SecretIllumination,Yooh,SecretIllumination.Yooh.0,high,normalized-equivalent,secretillumination,secretillumination,Titles differ only after Unicode/punctuation/spacing normalization; image relation is accepted,high
01a00093-875a-7b3b-812b-96cad95bcec0,Sein,Sein,朔Apo11oprogramvsお月さま交響曲ftkuroa荒巻,Sein.朔Apo11oprogramvsお月さま交響曲ftkuroa荒巻.0,high,exact,sein,sein,Display title and Addressables source title are byte-for-byte equal,high
01a00093-8880-721c-a0a5-31cd11d78b2f,Shadow,Shadow,SumaiLightvs姜米條,Shadow.SumaiLightvs姜米條.0,high,exact,shadow,shadow,Display title and Addressables source title are byte-for-byte equal,high
01a00093-8976-7106-8b22-b10c9d0b02d9,Shelter,Shelter,MeatyRabbitNceS,Shelter.MeatyRabbitNceS.0,high,exact,shelter,shelter,Display title and Addressables source title are byte-for-byte equal,high
01a00093-8a7c-79b3-baa1-987e922fc2e7,Shine After,ShineAfter,ADeanJocularACE,ShineAfter.ADeanJocularACE.0,high,normalized-equivalent,shineafter,shineafter,Titles differ only after Unicode/punctuation/spacing normalization; image relation is accepted,high
01a00093-8b75-7b9b-b3c2-a868a48b8c38,SIGMA,SIGMA,Kryexe,SIGMA.Kryexe.0,high,exact,sigma,sigma,Display title and Addressables source title are byte-for-byte equal,high
01a00093-8c54-7e05-82a2-9d41fc1ee715,"Silence is Golden, Speech is Golden",SilenceisGoldenSpeechisGolden,NIWASHI,SilenceisGoldenSpeechisGolden.NIWASHI.0,high,normalized-equivalent,silenceisgoldenspeechisgolden,silenceisgoldenspeechisgolden,Titles differ only after Unicode/punctuation/spacing normalization; image relation is accepted,high
01a00093-8d7e-7622-b3c3-38083d17c732,Snow Dance,SnowDance,悠叶いのり,SnowDance.悠叶いのり.0,confirmed,normalized-equivalent,snowdance,snowdance,Titles differ only after Unicode/punctuation/spacing normalization; image relation is accepted,confirmed
01a00093-8e21-79a1-89b1-436fb3e39551,Snow Desert,SnowDesert,WyvernP,SnowDesert.WyvernP.0,high,normalized-equivalent,snowdesert,snowdesert,Titles differ only after Unicode/punctuation/spacing normalization; image relation is accepted,high
01a00093-8ef8-7972-b0fd-0acec79c8bd8,So laggy! (feat. Uzumaki),SolaggyfeatUzumaki,ShrimpCatsはぁち後藤涼輔,SolaggyfeatUzumaki.ShrimpCatsはぁち後藤涼輔.0,high,normalized-equivalent,solaggyfeatuzumaki,solaggyfeatuzumaki,Titles differ only after Unicode/punctuation/spacing normalization; image relation is accepted,high
01a00093-8fc0-7e78-93dd-2ce659cff68d,sølips,slips,rintarosoma,slips.rintarosoma.0,high,different-but-likely-corrected,sølips,slips,"Current image relation is high/confirmed, but curated displayTitle differs from sourceTitle; retain both rather than overwrite",medium
01a00093-9093-71d7-9630-90e90cd92127,Sparkle New Life,SparkleNewLife,rider,SparkleNewLife.rider.0,high,normalized-equivalent,sparklenewlife,sparklenewlife,Titles differ only after Unicode/punctuation/spacing normalization; image relation is accepted,high
01a00093-9156-799e-849e-b07d5375f432,Spasmodic,Spasmodic,姜米條颶風元力上人,Spasmodic.姜米條颶風元力上人.0,high,exact,spasmodic,spasmodic,Display title and Addressables source title are byte-for-byte equal,high
01a00093-9269-72a2-b65f-5fc9d42b5958,Speed Up!,SpeedUp,DarTokki,SpeedUp.DarTokki.0,high,normalized-equivalent,speedup,speedup,Titles differ only after Unicode/punctuation/spacing normalization; image relation is accepted,high
01a00093-9332-79bf-a562-26303e0e23e4,Spotlight,Spotlight,Ardolf,Spotlight.Ardolf.0,high,exact,spotlight,spotlight,Display title and Addressables source title are byte-for-byte equal,high
01a00093-941f-766d-907d-6c7fb1b35142,Stardust_RAY,StardustRAY,kanonevsBlackY,StardustRAY.kanonevsBlackY.0,high,normalized-equivalent,stardustray,stardustray,Titles differ only after Unicode/punctuation/spacing normalization; image relation is accepted,high
01a00093-9520-7850-a1bc-72ed5cf9de2c,Starduster,Starduster,Quree,Starduster.Quree.0,high,exact,starduster,starduster,Display title and Addressables source title are byte-for-byte equal,high
01a00093-95fd-7343-b9dc-ab5c6794664d,Stasis,Stasis,Maozon,Stasis.Maozon.0,high,exact,stasis,stasis,Display title and Addressables source title are byte-for-byte equal,high
01a00093-9706-7fd5-bf36-e7bc5f3dbf8a,Sultan Rage,SultanRage,MonstDeath,SultanRage.MonstDeath.0,high,normalized-equivalent,sultanrage,sultanrage,Titles differ only after Unicode/punctuation/spacing normalization; image relation is accepted,high
01a00093-97d8-7b74-91eb-1d8a2a3a1308,Swing Skip Drop,SwingSkipDrop,ミハイル,SwingSkipDrop.ミハイル.0,high,normalized-equivalent,swingskipdrop,swingskipdrop,Titles differ only after Unicode/punctuation/spacing normalization; image relation is accepted,high
01a00093-98c7-7bd0-8d7c-e439cba4d75c,TECHNOPOLIS 2085,TECHNOPOLIS2085,PRASTIKDANCEFLOOR,TECHNOPOLIS2085.PRASTIKDANCEFLOOR.0,high,normalized-equivalent,technopolis2085,technopolis2085,Titles differ only after Unicode/punctuation/spacing normalization; image relation is accepted,high
01a00093-998b-7b02-915f-2cbb64f57a65,Temporal Shifting,TemporalShifting,LureRabbitVC,TemporalShifting.LureRabbitVC.0,high,normalized-equivalent,temporalshifting,temporalshifting,Titles differ only after Unicode/punctuation/spacing normalization; image relation is accepted,high
01a00093-9a40-7ff4-9e65-c85164a189cc,The Chariot ~REVIIVAL~,TheChariotREVIIVAL,Attoclef,TheChariotREVIIVAL.Attoclef.0,high,normalized-equivalent,thechariotreviival,thechariotreviival,Titles differ only after Unicode/punctuation/spacing normalization; image relation is accepted,high
01a00093-9b18-7131-a877-09b6607b2270,The Mountain Eater from MUSYNC,TheMountainEater,PaulBazooka,TheMountainEater.PaulBazooka.0,high,different-but-likely-corrected,themountaineaterfrommusync,themountaineater,"Current image relation is high/confirmed, but curated displayTitle differs from sourceTitle; retain both rather than overwrite",medium
01a00093-9bf9-734a-bfac-78cb51b86c1c,The Whole Rest-KIVΛ,TheWholeRest,KIVΛ,TheWholeRest.KIVΛ.0,confirmed,different-but-likely-corrected,thewholerestkivλ,thewholerest,"Current image relation is high/confirmed, but curated displayTitle differs from sourceTitle; retain both rather than overwrite",medium
01a00093-9cdb-7797-a433-11c56b2729e1,Thrash force,Thrashforce,KAHvsE0ri4,Thrashforce.KAHvsE0ri4.0,high,normalized-equivalent,thrashforce,thrashforce,Titles differ only after Unicode/punctuation/spacing normalization; image relation is accepted,high
01a00093-9dcc-724b-b2c3-0f398376a362,Time to Night Sky (feat. Lee Yu Jin),TimetoNightSkyfeatLeeYuJin,HyuNKLYDIX,TimetoNightSkyfeatLeeYuJin.HyuNKLYDIX.0,high,normalized-equivalent,timetonightskyfeatleeyujin,timetonightskyfeatleeyujin,Titles differ only after Unicode/punctuation/spacing normalization; image relation is accepted,high
01a00093-9eb3-7de2-8261-fe4e2dd2a87e,Träne,Trane,MALVA,Trane.MALVA.0,high,different-but-likely-corrected,träne,trane,"Current image relation is high/confirmed, but curated displayTitle differs from sourceTitle; retain both rather than overwrite",medium
01a00093-9fac-77f4-b7d3-93f7a81d856b,Triumph & Regret,TriumphRegret,typeMARS,TriumphRegret.typeMARS.0,high,normalized-equivalent,triumphregret,triumphregret,Titles differ only after Unicode/punctuation/spacing normalization; image relation is accepted,high
01a00093-a092-7c55-970a-c69c7fd664ad,Trojan,Trojan,litmus,Trojan.litmus.0,high,exact,trojan,trojan,Display title and Addressables source title are byte-for-byte equal,high
01a00093-a15d-761b-91b7-bfd9c41463e8,Unorthodox Thoughts,UnorthodoxThoughts,Joulez,UnorthodoxThoughts.Joulez.0,high,normalized-equivalent,unorthodoxthoughts,unorthodoxthoughts,Titles differ only after Unicode/punctuation/spacing normalization; image relation is accepted,high
01a00093-a264-78bf-94d3-59b21f2ccb39,Upshift,Upshift,Iriss-Frantzz,Upshift.Iriss-Frantzz.0,high,exact,upshift,upshift,Display title and Addressables source title are byte-for-byte equal,high
01a00093-a33c-7304-b572-099d065177ae,valorstarcross,valorstarcross,LundyvsWyvren,valorstarcross.LundyvsWyvren.0,high,exact,valorstarcross,valorstarcross,Display title and Addressables source title are byte-for-byte equal,high
01a00093-a416-7f5b-9c50-85d4049666f1,Verrückt,Verruckt,Raimukun,Verruckt.Raimukun.0,confirmed,different-but-likely-corrected,verrückt,verruckt,"Current image relation is high/confirmed, but curated displayTitle differs from sourceTitle; retain both rather than overwrite",medium
01a00093-a4b7-7d6f-a24f-c0d40a52643a,volcanic,volcanic,DETROakaルゼ,volcanic.DETROakaルゼ.0,high,exact,volcanic,volcanic,Display title and Addressables source title are byte-for-byte equal,high
01a00093-a5a4-7f3f-88e4-5401dc9ae9be,WATER,WATER,A39沙包P,WATER.A39沙包P.0,high,exact,water,water,Display title and Addressables source title are byte-for-byte equal,high
01a00093-a67a-7a2c-ab8d-11c2d8a6c9eb,Wavetapper,Wavetapper,Frums,Wavetapper.Frums.0,high,exact,wavetapper,wavetapper,Display title and Addressables source title are byte-for-byte equal,high
01a00093-a740-75ae-a03c-7bab8ce3bd6d,Winter ↑cube↓,Wintercube,CtymaxfeatNceS,Wintercube.CtymaxfeatNceS.0,high,normalized-equivalent,wintercube,wintercube,Titles differ only after Unicode/punctuation/spacing normalization; image relation is accepted,high
01a00093-a810-7ee0-94d9-0e1c7d627dd5,With You,WithYou,Cashew,WithYou.Cashew.0,high,normalized-equivalent,withyou,withyou,Titles differ only after Unicode/punctuation/spacing normalization; image relation is accepted,high
01a00093-a8e8-7b63-99c8-2d4e28de540d,Xenolith,Xenolith,Tatsh,Xenolith.Tatsh.0,high,exact,xenolith,xenolith,Display title and Addressables source title are byte-for-byte equal,high
01a00093-a9ed-7867-b715-6d8cbaabe02e,Xenophobia,Xenophobia,XinG,Xenophobia.XinG.0,confirmed,exact,xenophobia,xenophobia,Display title and Addressables source title are byte-for-byte equal,confirmed
01a00093-aa9b-7e17-99ee-e8f293920f9a,Xep+ion,Xepion,Acotto,Xepion.Acotto.0,high,normalized-equivalent,xepion,xepion,Titles differ only after Unicode/punctuation/spacing normalization; image relation is accepted,high
01a00093-ab81-7df9-b986-dad376dbf4f6,XING,XING,ginkiha,XING.ginkiha.0,high,exact,xing,xing,Display title and Addressables source title are byte-for-byte equal,high
01a00093-ac5c-7e0a-98dc-ea9ce2a766a2,You are the Miserable,YouaretheMiserable,tpazolite,YouaretheMiserable.tpazolite.0,high,normalized-equivalent,youarethemiserable,youarethemiserable,Titles differ only after Unicode/punctuation/spacing normalization; image relation is accepted,high
01a00093-ad75-7b24-934e-bca3b24809db,Ποσειδών,Poseidon,1112vsStar,Poseidon.1112vsStar.0,high,different-but-likely-corrected,ποσειδών,poseidon,"Current image relation is high/confirmed, but curated displayTitle differs from sourceTitle; retain both rather than overwrite",medium
01a00093-ae6c-7855-81a4-92bdcd57635e,ρarsey,parsey,siqlo,parsey.siqlo.0,high,different-but-likely-corrected,ρarsey,parsey,"Current image relation is high/confirmed, but curated displayTitle differs from sourceTitle; retain both rather than overwrite",medium
01a00093-af0e-736c-be66-9a88585fa86a,アンビバレンス,アンビバレンス,すりぃ相沢,アンビバレンス.すりぃ相沢.0,high,exact,アンビバレンス,アンビバレンス,Display title and Addressables source title are byte-for-byte equal,high
01a00093-afe4-762b-b93c-25b4cd897adb,いざ、参ります,いざ参ります,Uskefeat棗いつき,いざ参ります.Uskefeat棗いつき.0,high,normalized-equivalent,いざ参ります,いざ参ります,Titles differ only after Unicode/punctuation/spacing normalization; image relation is accepted,high
01a00093-b0e8-78df-9d6d-093f6751c832,インフェルノシティ,インフェルノシティ,Ponchifeatはぁち,インフェルノシティ.Ponchifeatはぁち.0,high,exact,インフェルノシティ,インフェルノシティ,Display title and Addressables source title are byte-for-byte equal,high
01a00093-b1b7-7670-a875-149a59d274aa,インマイマインド,インマイマインド,レシオP,インマイマインド.レシオP.0,high,exact,インマイマインド,インマイマインド,Display title and Addressables source title are byte-for-byte equal,high
01a00093-b28c-7deb-aea5-4f5564e70cf0,ジングルベル(Jingle Bell),ジングルベルJingleBell,A39沙包P,ジングルベルJingleBell.A39沙包P.0,high,normalized-equivalent,ジングルベルjinglebell,ジングルベルjinglebell,Titles differ only after Unicode/punctuation/spacing normalization; image relation is accepted,high
01a00093-b365-7f33-b3f6-5a45d3bb3bef,ストレイソウル・アラウンド,ストレイソウルアラウンド,みーに,ストレイソウルアラウンド.みーに.0,high,normalized-equivalent,ストレイソウルアラウンド,ストレイソウルアラウンド,Titles differ only after Unicode/punctuation/spacing normalization; image relation is accepted,high
01a00093-b43a-73f9-9bd0-9d22827320ab,テリトリーバトル,,,,unmatched,unresolved,テリトリーバトル,,No current APK Track image relation accepted; display/source comparison has no reliable counterpart,unresolved
01a00093-b51c-7505-93a4-d62fd05455ea,ニライカナイ (NiraicA_nai Mix),ニライカナイNiraicA_naiMix,roopfromSTR,ニライカナイNiraicA_naiMix.roopfromSTR.0,high,normalized-equivalent,ニライカナイniraicanaimix,ニライカナイniraicanaimix,Titles differ only after Unicode/punctuation/spacing normalization; image relation is accepted,high
01a00093-b607-77c8-a1ca-bffaa5954323,ぱぴぷぴぷぴぱ,ぱぴぷぴぷぴぱ,ころねぽちWith立秋,ぱぴぷぴぷぴぱ.ころねぽちWith立秋.0,high,exact,ぱぴぷぴぷぴぱ,ぱぴぷぴぷぴぱ,Display title and Addressables source title are byte-for-byte equal,high
01a00093-b6f4-7322-ae34-7512bb251a86,もぺもぺ,もぺもぺ,LeaF,もぺもぺ.LeaF.0,high,exact,もぺもぺ,もぺもぺ,Display title and Addressables source title are byte-for-byte equal,high
