category,categoryIndex,songsId,songsKey,songsName,composer,illustrator,levels,difficulty,chartUnlockTypes,isCnLimited,hasDifferentMusic,hasDifferentCover
mainSongs,0,Glaciaxion.SunsetRay.0,Glaciaxion,Glaciaxion,SunsetRay,艾若拉,EZ|HD|IN|AT,1.0|6.5|12.6|0.0,0|0|0|0|0,False,False,False
mainSongs,1,EradicationCatastrophe.NceS.0,Eradication Catastrophe,Eradication Catastrophe,NceS,海产,EZ|HD|IN|AT,3.5|7.5|12.7|0.0,0|0|0|0,False,False,False
mainSongs,2,Credits.Frums.0,Credits,Credits,Frums,Ctymax,EZ|HD|IN|AT,4.5|10.4|13.6|15.8,0|0|0|0,False,False,False
mainSongs,3,Dlyrotz.Likey.0,Dlyrotz,Dlyrotz,Likey,DoublePian,EZ|HD|IN|AT,4.0|9.1|13.7|0.0,0|0|0|0,False,False,False
mainSongs,4,EnginexStartmelodymix.CrossingSound.0,Engine x Start!! (melody mix),Engine x Start!! (melody mix),CrossingSound,赤芽,EZ|HD|IN|AT,2.5|8.3|13.2|0.0,0|0|0|0,False,False,False
mainSongs,5,光.姜米條.0,光,光,姜米條,winder,EZ|HD|IN|AT,2.0|7.5|12.4|0.0,0|0|0|0,False,False,False
mainSongs,6,Wintercube.CtymaxfeatNceS.0,Winter ↑cube↓,Winter ↑cube↓,Ctymax feat. NceS,翠冷兮,EZ|HD|IN|AT,3.5|8.2|13.3|0.0,0|0|0|0,False,False,False
mainSongs,7,Cipher20.TetrajectoryfeatCtymax.0,Cipher : /2&//<|0,Cipher : /2&//<|0,Tetrajectory feat. Ctymax,IvyTowers,EZ|HD|IN|AT,5.0|10.3|14.4|0.0,0|0|0|0,False,False,False
mainSongs,8,混乱Confusion.OnlyMyBlackScore.0,混乱-Confusion,混乱-Confusion,Only My Black Score,L-sp4,EZ|HD|IN|AT,4.0|10.0|14.8|0.0,0|0|0|0,False,False,False
mainSongs,9,FULiAUTOSHOOTER.MYUKKE.0,FULi AUTO SHOOTER,FULi AUTO SHOOTER,MYUKKE.,ViscerA & Psycholine,EZ|HD|IN|AT,3.0|9.0|14.9|0.0,0|0|0|0,False,False,False
mainSongs,10,HumaN.SOTUI.0,HumaN,HumaN,SOTUI,CH,EZ|HD|IN|AT,3.0|8.0|12.9|0.0,0|0|0|0,False,False,False
mainSongs,11,PRAW.Bluewind.0,[PRAW],[PRAW],Bluewind,老张,EZ|HD|IN|AT,6.0|10.6|15.1|0.0,0|0|0|0,False,False,False
mainSongs,12,PixelRebelz.Normal1zer.0,Pixel Rebelz,Pixel Rebelz,Normal1zer,艾是Abby,EZ|HD|IN|AT,4.5|9.7|15.3|0.0,0|0|0|0,False,False,False
mainSongs,13,Cereris.SunsetRayNceS.0,Cereris,Cereris,SunsetRay/NceS,IvyTowers,EZ|HD|IN|AT,5.5|10.9|14.7|0.0,0|0|0|0,False,False,False
mainSongs,14,NonMelodicRagezMUGEdit.Normal1zer.0,Non-Melodic Ragez (MUG Edit),Non-Melodic Ragez (MUG Edit),Normal1zer,cycats,EZ|HD|IN|AT,5.5|11.6|16.1|0.0,0|0|0|0,False,False,False
mainSongs,15,SultanRage.MonstDeath.0,Sultan Rage,Sultan Rage,MonstDeath,笔记RE,EZ|HD|IN|AT,4.0|7.0|12.2|0.0,0|0|0|0,False,False,False
mainSongs,16,ClassMemories.AntistarfeatCtymax.0,Class Memories,Class Memories,Antistar feat. Ctymax,xperz,EZ|HD|IN|AT,6.0|10.8|13.8|0.0,0|0|0|0,False,False,False
mainSongs,17,SURREALISM.Itsuki.0,-SURREALISM-,-SURREALISM-,Itsuki,喵n葵,EZ|HD|IN|AT,5.0|9.4|13.4|0.0,0|0|0|0,False,False,False
mainSongs,18,BonusTime.MegaloPaleWhite.0,Bonus Time,Bonus Time,Megalo_PaleWhite,笔记RE,EZ|HD|IN|AT,3.5|9.3|13.8|0.0,0|0|0|0,False,False,False
mainSongs,19,ENERGYSYNERGYMATRIX.Tanchiky.0,Energy Synergy Matrix,ENERGY SYNERGY MATRIX,Tanchiky,Karameru,EZ|HD|IN|AT|Legacy,5.5|11.5|14.4|0.0|14.0,0|0|0|0,False,False,False
mainSongs,20,NYA.FLuoRiTe姜米條.0,NYA!!!,NYA!!! (Phigros ver.),FLuoRiTe/姜米條,NEKO&海产,EZ|HD|IN|AT,2.0|8.6|13.1|0.0,0|0|0|0,False,False,False
mainSongs,21,JunXionBetweenLifeAndDeathVIPMix.1N6Fs.0,JunXion Between Life And Death(VIP Mix),JunXion Between Life And Death(VIP Mix),1N6Fs,IvyTowers,EZ|HD|IN|AT,3.0|8.7|13.4|0.0,0|0|0|0,False,False,False
mainSongs,22,cryout.JuE.0,cryout,cryout,Ju_E,Haight,EZ|HD|IN|AT,3.5|9.9|13.6|0.0,0|0|0|0,False,False,False
mainSongs,23,Reimei.影虎.0,Reimei,Reimei,影虎。,英英英,EZ|HD|IN|AT,6.5|11.7|15.1|0.0,0|0|0|0,False,False,False
mainSongs,24,尊師TheGuru.rider.0,尊師 ～The Guru～,尊師 ～The Guru～,rider,1B,EZ|HD|IN|AT,6.0|11.6|15.4|0.0,0|0|0|0,False,False,False
mainSongs,25,Spasmodic.姜米條颶風元力上人.0,Spasmodic,Spasmodic,姜米條☆颶風 ~ ♫元力上人♫,昔璃☆暴雨 ~ ♫危難聖帝♫,EZ|HD|IN|AT,8.2|12.9|15.5|16.7,2|2|2|0,False,False,False
mainSongs,26,LeaveAllBehind.rider.0,Leave All Behind,Leave All Behind,rider,笔记RE,EZ|HD|IN|AT,3.0|8.9|12.7|0.0,0|0|0|0,False,False,False
mainSongs,27,ColorfulDays.P4koofeatつゆり花鈴.0,Colorful Days♪,Colorful Days♪,P4koo feat. つゆり花鈴,Doro-nyong & Ratif,EZ|HD|IN|AT,5.0|7.0|12.6|0.0,0|0|0|0,False,False,False
mainSongs,28,microwav.dandeless.0,micro.wav,micro.wav,dandeless,snake.ribs,EZ|HD|IN|AT,6.0|10.5|14.7|0.0,0|0|0|0,False,False,False
mainSongs,29,重生.姜米條.0,重生,重生,姜米條,昔璃&TNiK,EZ|HD|IN|AT,4.5|8.8|14.3|0.0,0|0|0|0,False,False,False
mainSongs,30,NOONEYESMAN.MYUKKE.0,NO ONE YES MAN,NO ONE YES MAN,MYUKKE.,青鸟,EZ|HD|IN|AT,7.0|10.9|15.5|0.0,0|0|0|0,False,False,False
mainSongs,31,望影の方舟Six.SeURa.0,望影の方舟Six,望影の方舟Six,Se-U-Ra,鲸弑,EZ|HD|IN|AT,6.5|11.9|15.9|0.0,0|0|0|0,False,False,False
mainSongs,32,Igallta.SeURa.0,Igallta,Igallta,Se-U-Ra,Se-U-Ra,EZ|HD|IN|AT,7.5|12.2|16.1|17.4,2|2|2|0,False,False,False
mainSongs,33,ClockParadox.WyvernP.0,Clock Paradox,Clock Paradox,WyvernP,汉堡,EZ|HD|IN|AT,2.0|6.0|12.5|0.0,0|0|0|0,False,False,False
mainSongs,34,Chronologika.Hundotte.0,Chronologika,Chronologika,Hundotte,幽灵星,EZ|HD|IN|AT,3.5|9.8|13.9|0.0,0|0|0|0,False,False,False
mainSongs,35,NickofTime.P4koo.0,Nick of Time,Nick of Time,P4koo,青鸟,EZ|HD|IN|AT,6.0|9.3|14.7|0.0,0|0|0|0,False,False,False
mainSongs,36,Chronomia.Lime.0,Chronomia,Chronomia,Lime,inukoro,EZ|HD|IN|AT,4.5|11.1|15.4|0.0,0|0|0|0,False,False,False
mainSongs,37,ChronosCollapseLaCampanella.SunsetRay.0,Chronos Collapse - La Campanella,Chronos Collapse - La Campanella,SunsetRay,老张,EZ|HD|IN|AT,4.5|12.5|16.3|0.0,0|0|0|0,False,False,False
mainSongs,38,Rrharil.TeamGrimoire.0,Rrhar'il,Rrhar'il,Team Grimoire,犀牛坨动画工坊,EZ|HD|IN|AT,7.0|12.7|16.1|17.6,2|2|2|0,False,False,False
mainSongs,39,CraveWave.LandRoot.0,Crave Wave,Crave Wave,LandRoot,笔记RE,EZ|HD|IN|AT,2.5|8.0|13.7|0.0,0|0|0|0,False,False,False
mainSongs,40,TheChariotREVIIVAL.Attoclef.0,The Chariot ~REVIIVAL~,The Chariot ~REVIIVAL~,Attoclef,翠冷兮,EZ|HD|IN|AT,5.0|9.0|14.0|0.0,0|0|0|0,False,False,False
mainSongs,41,Luminescence.米虾Fomiki初云CLoudie.0,Luminescence,Luminescence,米虾Fomiki & 初云CLoudie,子狼,EZ|HD|IN|AT,5.5|11.0|14.5|0.0,0|0|0|0,False,False,False
mainSongs,42,Retribution.nmyKryexe.0,Retribution,Retribution,nm-y & Kry.exe,NerSAN,EZ|HD|IN|AT,6.0|11.6|16.2|0.0,0|0|0|0,False,False,False
mainSongs,43,DESTRUCTION321.Normal1zervsBrokenNerdz.0,"DESTRUCTION 3,2,1","DESTRUCTION 3,2,1",Normal1zer vs. Broken Nerdz,rN,EZ|HD|IN|AT,8.5|13.1|16.3|17.3,0|0|0|2,False,False,False
mainSongs,44,DistortedFate.Sakuzyo.0,Distorted Fate,Distorted Fate,Sakuzyo,knife美工刀,EZ|HD|IN|AT,8.1|13.5|16.3|17.4,0|0|0|2,False,False,False
extraSongs,0,Doppelganger.LeaF.0,Doppelganger,Doppelganger,LeaF,海产,EZ|HD|IN|AT,5.0|9.0|15.1|0.0,0|0|0|0,False,False,False
extraSongs,1,もぺもぺ.LeaF.0,もぺもぺ,もぺもぺ,LeaF,cycat,EZ|HD|IN|AT,2.0|6.5|11.1|15.4,0|0|0|0,False,False,False
extraSongs,2,MARENOL.LeaF.0,MARENOL,MARENOL,LeaF,喵n葵,EZ|HD|IN|AT,2.0|10.3|13.9|0.0,0|0|0|0,False,False,False
extraSongs,3,萤火虫の怨.闫东炜.0,萤火虫の怨,萤火虫の怨,闫东炜,L-sp4,EZ|HD|IN|AT,4.0|9.8|13.1|0.0,0|0|0|0,False,False,False
extraSongs,4,万吨匿名信.闫东炜.0,万吨匿名信,万吨匿名信,闫东炜,IvyTowers,EZ|HD|IN|AT,4.5|9.5|13.0|0.0,0|0|0|0,False,False,False
extraSongs,5,风屿.闫东炜.0,风屿,风屿,闫东炜,cycats,EZ|HD|IN|AT,5.5|9.8|14.0|15.1,0|0|0|0,False,False,False
extraSongs,6,dBdoll.YUESTEVENuen.0,dB doll,dB doll,YUE.STEVEN/uen,何呵,EZ|HD|IN|AT,1.5|3.5|8.3|13.4,0|0|0|0,False,False,False
extraSongs,7,Dash.小红Akane李祥辉.0,Dash,Dash,小红Akane，李祥晖,艾是Abby,EZ|HD|IN|AT,2.5|5.5|9.7|0.0,0|0|0|0,False,False,False
extraSongs,8,云女孩.符白牙SiYFics.0,云女孩,云女孩,符白牙/SiYFics,御坂果子,EZ|HD|IN|AT,2.0|8.9|12.8|0.0,0|0|0|0,False,False,False
extraSongs,9,DropIt.Asuka.0,Drop It,Drop It,Asuka,TNiK,EZ|HD|IN|AT,4.0|9.2|14.2|0.0,0|0|0|0,False,False,False
extraSongs,10,RIPPER.Friedwav.0,RIPPER,RIPPER,Friedwav,何呵,EZ|HD|IN|AT,6.5|11.7|15.4|0.0,0|0|0|0,False,False,False
extraSongs,11,Aphasia.闫东炜.0,Aphasia,Aphasia,闫东炜,笔记RE,EZ|HD|IN|AT,4.0|8.8|13.3|0.0,0|0|0|0,False,False,False
extraSongs,12,开心病.闫东炜.0,开心病,开心病,闫东炜,昔璃,EZ|HD|IN|AT,7.0|11.9|13.8|0.0,0|0|0|0,False,False,False
extraSongs,13,華灯爱.闫东炜.0,華灯爱,華灯爱,闫东炜,IvyTowers,EZ|HD|IN|AT,6.0|10.6|13.7|0.0,0|0|0|0,False,False,False
extraSongs,14,FindMe.Kforest.0,Find_Me,Find_Me,K-forest,YuKiMuMa,EZ|HD|IN|AT,5.5|10.5|14.3|0.0,0|0|0|0,False,False,False
extraSongs,15,Sein.朔Apo11oprogramvsお月さま交響曲ftkuroa荒巻.0,Sein,Sein,朔(Apo11o program vs. お月さま交響曲) ft. kuroa*×荒巻,hideo,EZ|HD|IN|AT,5.0|10.1|15.1|0.0,0|0|0|0,False,False,False
extraSongs,16,狂喜蘭舞.LeaF.0,狂喜蘭舞,狂喜蘭舞,LeaF,DoublePian,EZ|HD|IN|AT,7.0|11.7|14.3|16.4,0|0|0|0,False,False,False
extraSongs,17,SparkleNewLife.rider.0,Sparkle New Life,Sparkle New Life,rider,1B,EZ|HD|IN|AT,4.0|9.2|12.8|0.0,0|0|0|0,False,False,False
extraSongs,18,KhronostasisKatharsis.Halv.0,Khronostasis Katharsis,Khronostasis Katharsis,Halv,utosao,EZ|HD|IN|AT,6.0|11.8|14.0|0.0,0|0|0|0,False,False,False
extraSongs,19,SnowDesert.WyvernP.0,Snow Desert,Snow Desert,WyvernP,knife美工刀,EZ|HD|IN|AT,5.0|10.3|13.4|0.0,0|0|0|0,False,False,False
extraSongs,20,Burn.NceS.0,Burn,Burn,NceS,knife美工刀,EZ|HD|IN|AT,7.0|11.2|15.2|0.0,0|0|0|0,False,False,False
extraSongs,21,Aleph0.LeaF.0,Aleph-0,Aleph-0,LeaF,Optie,EZ|HD|IN|AT|Legacy,3.5|12.2|16.0|0.0|15.6,0|0|0|0|0,False,False,False
extraSongs,22,NextTime.SaMZIng.0,Next Time,Next Time,SaMZIng,叶藤,EZ|HD|IN|AT,6.0|8.7|12.4|0.0,0|0|0|0,False,False,False
extraSongs,23,RubbishSorting.CtymaxvsNceS.0,Rubbish Sorting,Rubbish Sorting,Ctymax vs. NceS,knife美工刀,EZ|HD|IN|AT,3.5|9.4|13.1|0.0,0|0|0|0,False,False,False
extraSongs,24,AnotherMe.NeutralMoon.0,Another Me,Another Me,Neutral Moon,IvyTowers,EZ|HD|IN|AT,5.5|9.3|13.6|0.0,0|0|0|0,False,False,False
extraSongs,25,mechanted.rareguy.0,mechanted,mechanted,rareguy,IvyTowers,EZ|HD|IN|AT,3.0|11.3|14.9|0.0,0|0|0|0,False,False,False
extraSongs,26,lifeflashesbeforeweebeyes.BilliumMoto.0,life flashes before weeb eyes,life flashes before weeb eyes,BilliumMoto,百九十八,EZ|HD|IN|AT,6.5|11.9|14.9|0.0,0|0|0|0,False,False,False
extraSongs,27,BreakThroughTheBarrier.lixound.0,Break Through The Barrier,Break Through The Barrier,lixound,Xquid,EZ|HD|IN|AT|Legacy,5.5|9.5|14.5|0.0|15.0,0|0|0|0|0,False,False,False
extraSongs,28,Chronostasis.黒皇帝.0,Chronostasis,Chronostasis,黒皇帝,Sand,EZ|HD|IN|AT,6.0|10.7|16.0|0.0,0|0|0|0,False,False,False
extraSongs,29,DeadSoul.SoundSouler.0,Dead Soul,Dead Soul,Sound Souler,Photonskyto,EZ|HD|IN|AT,4.5|12.3|14.4|0.0,0|0|0|0,False,False,False
extraSongs,30,InfinityHeaven.HyuN.0,Infinity Heaven,Infinity Heaven,HyuN,DoublePian,EZ|HD|IN|AT,3.0|8.4|13.9|0.0,0|0|0|0,False,False,False
extraSongs,31,Disorder.HyuNfeatYURI.0,Disorder,Disorder,HyuN feat. YURI,Nabom,EZ|HD|IN|AT,6.0|10.3|14.8|0.0,0|0|0|0,False,False,False
extraSongs,32,CROSSSOUL.HyuNfeatSyepias.0,CROSS†SOUL,CROSS†SOUL,HyuN feat. Syepias,knife美工刀,EZ|HD|IN|AT,7.5|12.6|16.4|0.0,0|0|0|0,False,False,False
extraSongs,33,SpeedUp.DarTokki.0,Speed Up!,Speed Up!,DarTokki,TNiK,EZ|HD|IN|AT,4.5|10.3|14.0|0.0,0|0|0|0,False,False,False
extraSongs,34,MagentaPotion.EmoCo.0,Magenta Potion,Magenta Potion,EmoCo.,NOISER,EZ|HD|IN|AT,6.5|11.3|14.4|0.0,0|0|0|0,False,False,False
extraSongs,35,GetBack.CAP3.0,Get Back,Get Back,CAP3,TNiK,EZ|HD|IN|AT,6.5|10.7|14.1|0.0,0|0|0|0,False,False,False
extraSongs,36,Palescreen.WyvernPfeatMadol.0,Palescreen,Palescreen,WyvernP feat. Madol,GAMEBAKA,EZ|HD|IN|AT,5.5|12.3|15.9|0.0,0|0|0|0,False,False,False
extraSongs,37,GOODTEK.EBIMAYO.0,GOODTEK,GOODTEK,EBIMAYO,Ctymax feat. EBIMAYO,EZ|HD|IN|AT,5.0|10.0|14.3|0.0,0|0|0|0,False,False,False
extraSongs,38,GOODBOUNCE.EBIMAYO.0,GOODBOUNCE,GOODBOUNCE,EBIMAYO,EBIMAYO,EZ|HD|IN|AT,7.5|11.9|14.5|0.0,0|0|0|0,False,False,False
extraSongs,39,GOODWORLD.EBIMAYO.0,GOODWORLD,GOODWORLD,EBIMAYO,EBIMAYO,EZ|HD|IN|AT,3.0|11.4|14.9|0.0,0|0|0|0,False,False,False
extraSongs,40,GOODFORTUNE.EBIMAYO.0,GOODFORTUNE,GOODFORTUNE,EBIMAYO,Ctymax,EZ|HD|IN|AT,7.5|8.7|15.7|0.0,0|0|0|0,False,False,False
extraSongs,41,GOODRAGE.EBIMAYO.0,GOODRAGE,GOODRAGE,EBIMAYO,Ctymax feat. EBIMAYO,EZ|HD|IN|AT,5.0|8.5|16.0|0.0,0|0|0|0,False,False,False
extraSongs,42,TheMountainEater.PaulBazooka.0,The Mountain Eater,The Mountain Eater,Paul Bazooka,START SEED,EZ|HD|IN|AT,5.5|9.6|14.8|0.0,0|0|0|0,False,False,False
extraSongs,43,Orthodox.tokiwa.0,Orthodox,Orthodox,tokiwa,cycats,EZ|HD|IN|AT,4.5|8.5|13.7|0.0,0|0|0|0,False,False,False
extraSongs,44,EndMe.ZxNXasDelaina.0,End Me,End Me,"ZxNX as ""Delaina""",何呵,EZ|HD|IN|AT,5.5|7.5|14.2|0.0,0|0|0|0,False,False,False
extraSongs,45,ParallelRetrogressionGameVer.Tetrajectory.0,Parallel Retrogression(Game Ver.),Parallel Retrogression(Game Ver.),Tetrajectory,青鸟,EZ|HD|IN|AT,7.0|10.9|14.2|0.0,0|0|0|0,False,False,False
extraSongs,46,Starduster.Quree.0,Starduster,Starduster,Quree,IvyTowers,EZ|HD|IN|AT,5.5|11.4|15.2|0.0,0|0|0|0,False,False,False
extraSongs,47,Electron.ElousFZ.0,Electron,Electron,ElousΛ.-FZ,DoublePian,EZ|HD|IN|AT,3.5|9.4|13.2|0.0,0|0|0|0,False,False,False
extraSongs,48,SIGMA.Kryexe.0,SIGMA,SIGMA,Kry.exe,塔塔,EZ|HD|IN|AT,5.0|10.5|15.8|0.0,0|0|0|0,False,False,False
extraSongs,49,HardcoreKwaya.EnFr.0,Hardcore Kwaya,Hardcore Kwaya,EnFr,EnFr,EZ|HD|IN|AT,4.5|8.4|14.6|0.0,0|0|0|0,False,False,False
extraSongs,50,Aventyr.GrandThawRigelTheatre.0,Aventyr,Äventyr,Grand Thaw / Rigël Theatre,Grand Thaw / Rigël Theatre,EZ|HD|IN|AT,3.5|9.9|13.7|0.0,0|0|0|0,False,False,False
extraSongs,51,Trane.MALVA.0,Trane,Träne,MALVA.,しえろ,EZ|HD|IN|AT,1.5|7.0|14.2|0.0,0|0|0|0,False,False,False
extraSongs,52,雪降りメリクリ.A39.0,雪降り、メリクリ,雪降り、メリクリ,A-39,犀牛坨动画工坊,EZ|HD|IN|AT,4.5|10.8|15.4|0.0,0|0|0|0,False,False,False
extraSongs,53,CervelleConnexion.SCTL.0,Cervelle Connexion,Cervelle Connexion,SCTL,SCTL,EZ|HD|IN|AT,5.0|11.3|14.5|0.0,0|0|0|0,False,False,False
extraSongs,54,modulus.PTB10.0,modulus,modulus,PTB10,geralt,EZ|HD|IN|AT,4.5|10.4|14.9|0.0,0|0|0|0,False,False,False
extraSongs,55,Wavetapper.Frums.0,Wavetapper,Wavetapper,Frums,百九十八,EZ|HD|IN|AT,6.0|9.4|13.9|0.0,0|0|0|0,False,False,False
extraSongs,56,大和撫子WildDances.adapatorvsDRIVE.0,大和撫子 -Wild Dances-,大和撫子 -Wild Dances-,adaptor vs DRIVE.,りゅうら,EZ|HD|IN|AT,5.5|11.8|15.1|0.0,0|0|0|0,False,False,False
extraSongs,57,Eltaw.Fl00t.0,Eltaw,Eltaw,Fl00t,xperz,EZ|HD|IN|AT,7.0|10.6|14.8|0.0,0|0|0|0,False,False,False
extraSongs,58,Initialize.iF.0,Initialize,Initialize,iF,"あおお/A-ZERO, morph",EZ|HD|IN|AT,2.5|7.0|11.6|0.0,0|0|0|0,False,False,False
extraSongs,59,桜樹街道.kozatosnow.0,桜樹街道,桜樹街道,kozato snow,"あおお/A-ZERO, morph",EZ|HD|IN|AT,3.5|8.1|13.0|0.0,0|0|0|0,False,False,False
extraSongs,60,GetReady.iF.0,Get Ready!! ,Get Ready!! ,iF,"あおお/A-ZERO, morph",EZ|HD|IN|AT,6.0|10.7|13.8|0.0,0|0|0|0,False,False,False
extraSongs,61,volcanic.DETROakaルゼ.0,volcanic,volcanic,DETRO a.k.a. ルゼ,"あおお/A-ZERO, morph",EZ|HD|IN|AT,7.5|12.1|14.7|16.6,0|0|0|0,False,False,False
extraSongs,62,BetterGraphicAnimation.ルゼ.0,Better Graphic Animation,Better Graphic Animation,ルゼ,A-Zero Project,EZ|HD|IN|AT,6.0|11.1|15.3|0.0,0|0|0|0,False,False,False
extraSongs,63,XING.ginkiha.0,XING,XING,ginkiha,打雷打人（青鸟 modified）,EZ|HD|IN|AT,5.5|10.8|14.0|0.0,0|0|0|0,False,False,False
extraSongs,64,FinalStep.Lime.0,Final Step!,Final Step!,Lime,谷地（青鸟 modified）,EZ|HD|IN|AT,5.5|11.0|14.1|0.0,0|0|0|0,False,False,False
extraSongs,65,Cthugha.USAO.0,Cthugha,Cthugha,USAO,谷地（青鸟 modified）,EZ|HD|IN|AT,6.0|10.4|16.0|16.1,0|0|0|0,False,False,False
extraSongs,66,WithYou.Cashew.0,With You,With You,Cashew,ADZUKI,EZ|HD|IN|AT,3.5|9.1|13.5|0.0,0|0|0|0,False,False,False
extraSongs,67,UnorthodoxThoughts.Joulez.0,Unorthodox Thoughts,Unorthodox Thoughts,Joulez,ASXX,EZ|HD|IN|AT,5.5|12.0|13.9|0.0,0|0|0|0,False,False,False
extraSongs,68,Apocalyptic.ZClaxxSumaiLight.0,Apocalyptic,Apocalyptic,Z ClaxX & SumaiLight,佑木いずみ & Ctymax,EZ|HD|IN|AT,3.0|10.4|14.1|0.0,0|0|0|0,False,False,False
extraSongs,69,游园地.椒盐菠萝.0,游园地,游园地,椒盐菠萝,CEM,EZ|HD|IN|AT,2.5|7.5|13.0|0.0,0|0|0|0,False,False,False
extraSongs,70,energytrixxx.KAH.0,energy trixxx,energy trixxx,KAH,手鞠鈴 & 自動車 原付,EZ|HD|IN|AT,5.0|10.4|15.4|0.0,0|0|0|0,False,False,False
extraSongs,71,Nhelv.Silentroom.0,Nhelv,Nhelv,Silentroom,駿,EZ|HD|IN|AT,1.5|12.0|15.6|0.0,0|0|0|0,False,False,False
extraSongs,72,Arkhei.SeraAmagi.0,-Arkhei-,-Arkhei-,Sera Amagi,Hachimitsu☆Boy,EZ|HD|IN|AT,7.5|8.8|12.6|0.0,0|0|0|0,False,False,False
extraSongs,73,Kerberos.Zris.0,Kerberos,Kerberos,Zris,Eridani,EZ|HD|IN|AT,5.5|12.4|15.8|0.0,0|0|0|0,False,False,False
extraSongs,74,parsey.siqlo.0,ρars/ey,ρars/ey,siqlo,出前 x nekomiya,EZ|HD|IN|AT,4.0|11.7|14.6|0.0,0|0|0|0,False,False,False
extraSongs,75,Concvssion.Halv.0,Concvssion,Concvssion,Halv,汉堡,EZ|HD|IN|AT,6.0|11.3|15.6|0.0,0|0|0|0,False,False,False
extraSongs,76,ジングルベルJingleBell.A39沙包P.0,ジングルベル(Jingle Bell),ジングルベル(Jingle Bell),A-39/沙包P,爱39的Konya,EZ|HD|IN|AT,4.5|8.5|14.5|0.0,0|0|0|0,False,False,False
extraSongs,77,TimetoNightSkyfeatLeeYuJin.HyuNKLYDIX.0,Time to Night Sky (feat. Lee Yu Jin),Time to Night Sky (feat. Lee Yu Jin),HyuN & KLYDIX,ZG,EZ|HD|IN|AT,3.0|10.1|13.6|0.0,0|0|0|0,False,False,False
extraSongs,78,HAZARD.Limpid.0,HAZARD,HAZARD,Limpid,ZG,EZ|HD|IN|AT,4.5|11.0|14.8|0.0,0|0|0|0,False,False,False
extraSongs,79,AnotherMe.DAAN.0,Another Me ,Another Me,D_AAN,ZG,EZ|HD|IN|AT,5.0|9.8|15.6|0.0,0|0|0|0,False,False,False
extraSongs,80,DontNeverAround.HAMA.0,Don't Never Around,Don't Never Around,HAMA,Arahosi,EZ|HD|IN|AT,5.0|11.3|15.5|0.0,0|0|0|0,False,False,False
extraSongs,81,RESSiSTANCE.ぐるたみん.0,RESSiSTANCE,RESSiSTANCE,ぐるたみん,LINUS,EZ|HD|IN|AT,6.5|11.2|16.1|0.0,0|0|0|0,False,False,False
extraSongs,82,Dreamland.z1onkyrrin.0,Dreamland,Dreamland,z1on & kyrrin,海产,EZ|HD|IN|AT,7.0|10.3|13.6|0.0,0|0|0|0,False,False,False
extraSongs,83,AnotherRound.JustinDai.0,Another Round,Another Round,Justin Dai,艾是Abby,EZ|HD|IN|AT,2.5|9.6|13.3|0.0,0|0|0|0,False,False,False
extraSongs,84,996.李化禹.0,996,996,李化禹,笔记RE,EZ|HD|IN|AT,4.0|9.4|14.7|0.0,0|0|0|0,False,False,False
extraSongs,85,FutureMind.RayNauticaRekuMochizuki.0,Future Mind,Future Mind,Ray Nautica & Reku Mochizuki,Keiby.comics,EZ|HD|IN|AT,4.5|11.0|14.2|0.0,0|0|0|0,False,False,False
extraSongs,86,Luminescent.Daison.0,Luminescent,Luminescent,Daison,鲸弑,EZ|HD|IN|AT,5.5|10.5|14.4|0.0,0|0|0|0,False,False,False
extraSongs,87,FULiAUTOBUSTER.MYUKKE.0,FULi AUTO BUSTER,FULi AUTO BUSTER,MYUKKE.,cycats,EZ|HD|IN|AT,3.5|9.7|14.6|0.0,0|0|0|0,False,False,False
extraSongs,88,IMustSayNo.TangJuan.0,I Must Say No,I Must Say No,TangJuan,cycats,EZ|HD|IN|AT,1.5|9.2|13.5|0.0,0|0|0|0,False,False,False
extraSongs,89,opia.rN.0,opia,opia,rN,rN @ 湯元画伯,EZ|HD|IN|AT,5.5|10.6|15.6|0.0,0|0|0|0,False,False,False
extraSongs,90,Apocalypse.アリスシャッハと魔法の楽団.0,Apocalypse,Apocalypse,アリスシャッハと魔法の楽団,Lanota © Noxy Games Inc. ,EZ|HD|IN|AT,4.0|8.6|13.5|0.0,0|0|0|0,False,False,False
extraSongs,91,Protoflicker.Silentroom.0,Protoflicker,Protoflicker,Silentroom,Lanota © Noxy Games Inc. ,EZ|HD|IN|AT,3.5|9.7|15.4|0.0,0|0|0|0,False,False,False
extraSongs,92,HorizonBlue.NothingButRequiemfeatAikapinChiyoko.0,Horizon Blue,Horizon Blue,Nothing But Requiem feat. Aikapin & Chiyoko,Lanota © Noxy Games Inc. ,EZ|HD|IN|AT,6.5|11.6|15.7|0.0,0|0|0|0,False,False,False
extraSongs,93,YouaretheMiserable.tpazolite.0,You are the Miserable,You are the Miserable,t+pazolite,Lanota © Noxy Games Inc. ,EZ|HD|IN|AT,6.0|11.7|14.1|15.8,0|0|0|2,False,False,False
extraSongs,94,Stasis.Maozon.0,Stasis,Stasis,Maozon,Lanota © Noxy Games Inc. ,EZ|HD|IN|AT,5.0|10.1|15.3|16.7,0|0|0|2,False,False,False
extraSongs,95,いざ参ります.Uskefeat棗いつき.0,いざ、参ります,いざ、参ります,U-ske feat. 棗いつき,緑風マルト,EZ|HD|IN|AT,3.5|9.2|15.0|0.0,0|0|0|0,False,False,False
extraSongs,96,月下缭乱.月見静華vsLUNARiUM.0,月下缭乱,月下缭乱,月見静華 vs. LUNARiUM,TNiK,EZ|HD|IN|AT,4.5|9.4|14.9|0.0,0|0|0|0,False,False,False
extraSongs,97,OnAndOn.ETIAfeatJenga.0,On And On!!,On And On!!,ETIA. feat. Jenga,わっふゑ,EZ|HD|IN|AT,5.0|9.6|15.2|0.0,0|0|0|0,False,False,False
extraSongs,98,DataErr0r.Cosmograph.0,DataErr0r,DataErr0r,Cosmograph,Photonskyto,EZ|HD|IN|AT,6.0|11.8|14.5|0.0,0|0|0|0,False,False,False
extraSongs,99,Shadow.SumaiLightvs姜米條.0,Shadow,Shadow,姜米條&SumaiLight,御坂果子,EZ|HD|IN|AT,6.5|10.5|14.6|16.2,0|0|0|2,False,False,False
extraSongs,100,心之所向.姜米條.0,心之所向,心之所向,姜米條,笔记RE,EZ|HD|IN|AT,4.0|8.2|13.8|0.0,0|0|0|0,False,False,False
extraSongs,101,inferior.姜米條.0,inferior,inferior,姜米條,群青kurara,EZ|HD|IN|AT,7.0|7.5|14.6|0.0,0|0|0|0,False,False,False
extraSongs,102,csqn.Aoi.0,c.s.q.n.,c.s.q.n.,Aoi,Ctymax vs. TNiK feat. 出前,EZ|HD|IN|AT,5.0|12.2|15.9|0.0,0|0|0|0,False,False,False
extraSongs,103,BraveNotes.TurquoiseDRIVENota.0,Brave Notes,Brave Notes,Turquoise(DRIVE.+Nota),林语,EZ|HD|IN|AT,5.5|11.4|14.6|0.0,0|0|0|0,False,False,False
extraSongs,104,盏茗.茶鸣拾贰律.0,盏茗,盏茗,茶鸣拾贰律,茶鸣拾贰律,EZ|HD|IN|AT,1.5|4.5|13.4|0.0,0|0|0|0,False,False,False
extraSongs,105,青芽.茶鸣拾贰律.0,青芽,青芽,茶鸣拾贰律,茶鸣拾贰律,EZ|HD|IN|AT,5.0|10.4|15.2|0.0,0|0|0|0,False,False,False
extraSongs,106,EternalSnow.AbyssIdols.0,Eternal Snow,Eternal Snow,Abyss Idols,Sak,EZ|HD|IN|AT,4.0|9.6|13.5|0.0,0|0|0|0,False,False,False
extraSongs,107,RainySeason.AbyssIdols.0,Rainy Season,Rainy Season,Abyss Idols,Robin,EZ|HD|IN|AT,5.5|10.7|14.2|0.0,0|0|0|0,False,False,False
extraSongs,108,ElCondorPasaPhigrosEdit.PlasticFruits.0,El Condor Pasa (Phigros Edit),El Condor Pasa (Phigros Edit),Plastic Fruits,青鸟,EZ|HD|IN|AT,6.5|12.5|15.6|0.0,0|0|0|0,False,False,False
extraSongs,109,BreakOver.Kforest.0,Break Over,Break Over,K-forest,圆规compasses,EZ|HD|IN|AT,5.0|11.5|14.1|14.9,0|0|0|0,False,False,False
extraSongs,110,BelieveLightfeat果丸哒呦.ScalerMestie果丸哒呦.0,Believe Light (feat. 果丸哒呦),Believe Light (feat. 果丸哒呦),Scaler & Mestie & 果丸哒呦,圆规compasses,EZ|HD|IN|AT,2.5|8.9|14.6|0.0,0|0|0|0,False,False,False
extraSongs,111,Pontdessouvenirs.VeetaCrushvsitsufeatitsu.0,Pont des souvenirs,Pont des souvenirs,VeetaCrush vs. [itsu(feat.itsu)],林语,EZ|HD|IN|AT,5.5|10.7|15.3|0.0,0|0|0|0,False,False,False
extraSongs,112,青丘.BLACK0.0,青丘,青丘,BLACK 0,BLACK 0,EZ|HD|IN|AT,5.5|10.5|15.5|0.0,0|0|0|0,False,False,False
extraSongs,113,瓷岁.茶鸣拾贰律.0,瓷岁,瓷岁,茶鸣拾贰律,茶鸣拾贰律,EZ|HD|IN|AT,2.0|6.5|7.0|0.0,0|0|0|0,False,False,False
extraSongs,114,Feast远东之宴.茶鸣拾贰律.0,Feast远东之宴,Feast远东之宴,茶鸣拾贰律,茶鸣拾贰律,EZ|HD|IN|AT,6.5|12.1|15.6|0.0,0|0|0|0,False,False,False
extraSongs,115,インフェルノシティ.Ponchifeatはぁち.0,インフェルノシティ,インフェルノシティ,Ponchi♪ feat. はぁち,LESYEF & 藍瀬 まなみ,EZ|HD|IN|AT,4.5|11.5|15.7|0.0,0|0|0|0,False,False,False
extraSongs,116,Upshift.Iriss-Frantzz.0,Upshift,Upshift,Iriss-Frantzz,Iriss=Frantzz=s-don,EZ|HD|IN|AT,6.0|10.8|15.5|0.0,0|0|0|0,False,False,False
extraSongs,117,PoisonANDORAffection.LeaF.0,Poison AND÷OR Affection,Poison AND÷OR Affection,LeaF,笔记RE/海产,EZ|HD|IN|AT,3.5|9.9|15.7|0.0,0|0|0|0,False,False,False
extraSongs,118,Random.SobremSilentroom.0,Random,Random,Sobrem × Silentroom,Harkiadel,EZ|HD|IN|AT,5.5|12.2|14.7|0.0,0|0|0|0,False,False,False
extraSongs,119,零號車輛.seatrus.0,零號車輛,零號車輛,seatrus,2AI4wU4,EZ|HD|IN|AT,7.5|12.1|16.2|0.0,0|0|0|0,False,False,False
extraSongs,120,NowIsTheTimeDoIt.RoyMikelate.0,"Now Is The Time, Do It","Now Is The Time, Do It",Roy Mikelate,青鸟,EZ|HD|IN|AT,4.5|11.2|14.3|0.0,0|0|0|0,False,False,False
extraSongs,121,Bougainvillea.Jade.0,Bougainvillea,Bougainvillea,Jade,TNiK,EZ|HD|IN|AT,4.0|8.3|13.2|0.0,0|0|0|0,False,False,False
extraSongs,122,神話.PicaM2U.0,神話,神話,Pica & M2U,mology (青鸟&V17AMax Modified),EZ|HD|IN|AT,4.0|8.7|13.5|0.0,0|0|0|0,False,False,False
extraSongs,123,Elúltimobaile.Θ.0,El último baile,El último baile,Θ,mology (青鸟&V17AMax Modified),EZ|HD|IN|AT,4.5|9.5|14.1|0.0,0|0|0|0,False,False,False
extraSongs,124,Trojan.litmus.0,Trojan,Trojan,litmus*,Lapelristar (青鸟&V17AMax Modified),EZ|HD|IN|AT,5.5|10.8|15.0|0.0,0|0|0|0,False,False,False
extraSongs,125,TemporalShifting.LureRabbitVC.0,Temporal Shifting,Temporal Shifting,Lure Rabbit & V!C,mology (青鸟&V17AMax Modified),EZ|HD|IN|AT,4.0|11.5|15.2|0.0,0|0|0|0,False,False,False
extraSongs,126,Adastraperaspera.RabbitHouse.0,Ad astra per aspera,Ad astra per aspera,Rabbit House,Lyrebird Ferdinant (青鸟&V17AMax Modified),EZ|HD|IN|AT,6.5|12.1|16.3|0.0,0|0|0|0,False,False,False
extraSongs,127,Ajourneytothemoonlight.Yesod.0,A journey to the moonlight,A journey to the moonlight,Yesod,汉堡,EZ|HD|IN|AT,4.5|10.7|14.5|0.0,0|0|0|0,False,False,False
extraSongs,128,RainyHeart.BelieverInYou阿卡姆巫师.0,Rainy Heart,Rainy Heart,BelieverInYou(阿卡姆巫师),Sodhelium,EZ|HD|IN|AT,4.0|9.4|12.9|0.0,0|0|0|0,False,False,False
extraSongs,129,Realms.HinkikAHimitsu.0,Realms,Realms,Hinkik & A Himitsu,圆规compasses,EZ|HD|IN|AT,3.5|10.2|13.8|0.0,0|0|0|0,False,False,False
extraSongs,130,ぱぴぷぴぷぴぱ.ころねぽちWith立秋.0,ぱぴぷぴぷぴぱ,ぱぴぷぴぷぴぱ,ころねぽち With 立秋,上倉エク,EZ|HD|IN|AT,5.0|12.3|15.9|0.0,0|0|0|0,False,False,False
extraSongs,131,TriumphRegret.typeMARS.0,Triumph & Regret,Triumph & Regret,typeMARS,何呵,EZ|HD|IN|AT,5.0|10.3|15.0|0.0,0|0|0|0,False,False,False
extraSongs,132,SATELLITE.かめりあ.0,S.A.T.E.L.L.I.T.E.,S.A.T.E.L.L.I.T.E.,かめりあ,青鸟,EZ|HD|IN|AT,5.0|9.9|14.3|16.2,0|0|0|2,False,False,False
extraSongs,133,DancewithSilence.かめりあ.0,Dance with Silence,Dance with Silence,かめりあ,林语,EZ|HD|IN|AT,7.0|10.9|15.2|0.0,0|0|0|0,False,False,False
extraSongs,134,LabyrinthinKowloonWalledWorld.かめりあ.0,Labyrinth in Kowloon: Walled World,Labyrinth in Kowloon: Walled World,かめりあ,鲸弑,EZ|HD|IN|AT,6.0|11.4|15.6|0.0,0|0|0|0,False,False,False
extraSongs,135,ComputeItWithSomeDevilishAlcoholicSteampunkEngines.かめりあ.0,Compute It With Some Devilish Alcoholic Steampunk Engines,Compute It With Some Devilish Alcoholic Steampunk Engines,かめりあ,山崎团,EZ|HD|IN|AT,5.5|10.6|15.7|0.0,0|0|0|0,False,False,False
extraSongs,136,ERABYECONNEC10N.かめりあ.0,+ERABY+E CONNEC+10N,+ERABY+E CONNEC+10N,かめりあ,猫箱Catbox feat. 祈莲,EZ|HD|IN|AT,5.5|11.6|16.3|17.3,0|0|0|0,False,False,False
extraSongs,137,DiamondEyes.SYNTHETIC.0,Diamond Eyes,Diamond Eyes,SYNTHETIC,彗星 feat. 祈莲,EZ|HD|IN|AT,3.5|6.5|13.4|0.0,0|0|0|0,False,False,False
extraSongs,138,Bitterblossom.imvi.0,Bitterblossom,Bitterblossom,imvi,鲸弑,EZ|HD|IN|AT,2.5|9.9|13.5|0.0,0|0|0|0,False,False,False
extraSongs,139,SilenceisGoldenSpeechisGolden.NIWASHI.0,"Silence is Golden, Speech is Golden","Silence is Golden, Speech is Golden",NIWASHI,Jerry & OsuMe65,EZ|HD|IN|AT,5.0|9.3|15.7|0.0,0|0|0|0,False,False,False
extraSongs,140,FracturedAngel.DJRaisei.0,Fractured Angel,Fractured Angel,DJ Raisei,OsuMe65,EZ|HD|IN|AT,4.0|10.9|16.3|0.0,0|0|0|0,False,False,False
extraSongs,141,JourneywithYou.Iris.0,Journey with You,Journey with You,Iris,BTKCyber (青鸟 modified),EZ|HD|IN|AT,5.0|10.0|13.7|0.0,0|0|0|0,False,False,False
extraSongs,142,SecretIllumination.Yooh.0,Secret Illumination,Secret Illumination,Yooh,Juice Black (青鸟 modified),EZ|HD|IN|AT,5.0|10.2|14.7|0.0,0|0|0|0,False,False,False
extraSongs,143,InvertedWorld.ARForest.0,Inverted World,Inverted World,ARForest,Mechari (青鸟 modified),EZ|HD|IN|AT,5.5|11.2|15.5|0.0,0|0|0|0,False,False,False
extraSongs,144,月詠に鳴る.Feryquitousfeat藍月なくる.0,月詠に鳴る,月詠に鳴る,Feryquitous feat.藍月なくる,SEGA (V17AMax modified),EZ|HD|IN|AT,6.0|11.4|14.5|15.7,0|0|0|0,False,False,False
extraSongs,145,TECHNOPOLIS2085.PRASTIKDANCEFLOOR.0,TECHNOPOLIS 2085,TECHNOPOLIS 2085,PRASTIK DANCEFLOOR,SEGA (V17AMax modified),EZ|HD|IN|AT,5.0|10.2|14.1|15.9,0|0|0|0,False,False,False
extraSongs,146,祈-我ら神祖と共に歩む者なり-.光吉猛修VS穴山大輔VSKaiVS水野健治VS大国奏音.0,祈 -我ら神祖と共に歩む者なり-,祈 -我ら神祖と共に歩む者なり-,光吉猛修 VS 穴山大輔 VS Kai VS 水野健治 VS 大国奏音,SEGA (V17AMax modified),EZ|HD|IN|AT,7.0|13.2|16.4|17.3,0|0|0|0,False,False,False
extraSongs,147,bye.DingerBox.0,bye,bye,DingerBox,海产,EZ|HD|IN|AT,4.0|9.1|14.8|0.0,0|0|0|0,False,False,False
extraSongs,148,聖夜讃歌.A39沙包P.0,聖夜讃歌,聖夜讃歌,A-39/沙包P,绀屋,EZ|HD|IN|AT,4.5|10.1|15.2|0.0,0|0|0|0,False,False,False
extraSongs,149,ストレイソウルアラウンド.みーに.0,ストレイソウル・アラウンド,ストレイソウル・アラウンド,みーに,伊恩 (青鸟 modified),EZ|HD|IN|AT,6.0|9.8|14.3|0.0,0|0|0|0,False,False,False
extraSongs,150,ManifoldHypothesis.cybermisofeattigerlily.0,Manifold Hypothesis,Manifold Hypothesis,cybermiso feat. tigerlily,阿清 (青鸟 modified),EZ|HD|IN|AT,4.0|9.1|14.6|0.0,0|0|0|0,False,False,False
extraSongs,151,KMoeVIP.ZxNX.0,K.Moe (VIP),K.Moe (VIP),ZxNX,BTKCyber (青鸟 modified),EZ|HD|IN|AT,3.0|8.4|15.9|0.0,0|0|0|0,False,False,False
extraSongs,152,GVNGlitterVomitusandNeon.SaltySaltUnfold33.0,"G.V.N. (Glitter,Vomitus and Neon)","G.V.N. (Glitter,Vomitus and Neon)",Salty Salt & Unfold33,祈莲,EZ|HD|IN|AT,5.0|9.9|15.8|0.0,0|0|0|0,False,False,False
extraSongs,153,CrushBETA.shadow_bling.0,Crush BETA,Crush BETA,shadow_bling,笔记RE,EZ|HD|IN|AT,4.0|10.5|15.1|0.0,0|0|0|0,False,False,False
extraSongs,154,BrokenSky.JungoMAX3feat刘佳宜Snow幻影刃shadow.0,Broken Sky,Broken Sky,Jungo & MAX 3 feat. 刘佳宜Snow & 幻影刃shadow,午苔veeee~,EZ|HD|IN|AT,3.0|8.6|13.3|0.0,0|0|0|0,False,False,False
extraSongs,155,BRAINHACKER.SOMON.0,BRAIN HACKER,BRAIN HACKER,SOMON,SOMON,EZ|HD|IN|AT,4.5|9.3|14.8|0.0,0|0|0|0,False,False,False
extraSongs,156,Xenolith.Tatsh.0,Xenolith,Xenolith,Tatsh,2AI4wU4,EZ|HD|IN|AT,4.0|8.5|14.2|0.0,0|0|0|0,False,False,False
extraSongs,157,ArtificialExistence.JunKuroda.0,Artificial Existence,Artificial Existence,Jun Kuroda,2AI4wU4,EZ|HD|IN|AT,3.5|9.4|14.7|0.0,0|0|0|0,False,False,False
extraSongs,158,IndelibleScar.Noah.0,Indelible Scar,Indelible Scar,Noah,兜,EZ|HD|IN|AT,7.0|11.5|15.3|16.5,0|0|0|0,False,False,False
extraSongs,159,Antithese.Blacklolita.0,Antithese,Antithese,Blacklolita,釜飯轟々丸 + jht (Design: 祈莲),EZ|HD|IN|AT,4.5|10.8|15.4|16.4,0|0|0|0,False,False,False
extraSongs,160,PRAGMATISMRESURRECTION.Laur.0,PRAGMATISM -RESURRECTION-,PRAGMATISM -RESURRECTION-,Laur,シエラ (Design: 祈莲),EZ|HD|IN|AT,7.5|12.9|16.0|16.6,0|0|0|0,False,False,False
extraSongs,161,ShineAfter.ADeanJocularACE.0,Shine After,Shine After,ADean & JocularACE,海里狄七 feat. 存艺,EZ|HD|IN|AT,4.0|9.7|14.6|0.0,0|0|0|0,False,False,False
extraSongs,162,Bloom.targ麻团qwq.0,Bloom,Bloom,targ & 麻团qwq,注射,EZ|HD|IN|AT,3.5|11.2|14.9|0.0,0|0|0|0,False,False,False
extraSongs,163,幽世桔梗.Capchiifeatまるもこ.0,幽世桔梗,幽世桔梗,Capchii feat. まるもこ,瀬名,EZ|HD|IN|AT,4.5|10.1|14.8|0.0,0|0|0|0,False,False,False
extraSongs,164,千紫万紅.r0yvsWABI.0,千紫万紅,千紫万紅,r0y vs. WABI,中本ひょうり,EZ|HD|IN|AT,4.5|12.1|15.5|0.0,0|0|0|0,False,False,False
extraSongs,165,明鏡烈火.MUEvsRekuMochizuki.0,明鏡烈火,明鏡烈火,M-UE vs. Reku Mochizuki,中本ひょうり,EZ|HD|IN|AT,6.0|11.1|15.9|0.0,0|0|0|0,False,False,False
extraSongs,166,今天不是明天.PIKASONICfeat兰音Reine.0,今天不是明天,今天不是明天,PIKASONIC feat. 兰音Reine,KiTA & 一击即溃,EZ|HD|IN|AT,2.5|8.3|13.4|0.0,0|0|0|0,False,False,False
extraSongs,167,Cuvism.Fl00tvsHalv.0,Cuvism³,Cuvism³,Fl00t vs Halv,sikkari,EZ|HD|IN|AT,3.0|12.2|13.9|16.7,0|0|0|2,False,False,False
extraSongs,168,iLArtifact.Link0.0,iL-Artifact,iL-Artifact,Link''0,Fl00t,EZ|HD|IN|AT,5.5|10.5|15.7|0.0,0|0|0|0,False,False,False
extraSongs,169,atruthseekerCommunicationwithUtopiawillbelost.kuro.0,a truth seeker -Communication with Utopia will be lost-,a truth seeker -Communication with Utopia will be lost-,kuro,rokopon,EZ|HD|IN|AT,6.5|12.4|15.7|0.0,0|0|0|0,False,False,False
extraSongs,170,BoundedQuietude.FiniteLimitvsSiLiS.0,Bounded Quietude,Bounded Quietude,Finite Limit vs SiLiS,Hiro vs Zeth,EZ|HD|IN|AT,7.0|7.5|16.2|0.0,0|0|0|0,False,False,False
extraSongs,171,君往何处QuoVadis.M2U.0,君往何处 (Quo Vadis),君往何处 (Quo Vadis),M2U,LRAY (青鸟 modified),EZ|HD|IN|AT,4.0|8.6|14.1|0.0,0|0|0|0,False,False,False
extraSongs,172,暗夜苏醒REANIMATE.Warak.0,暗夜苏醒 (REANIMATE),暗夜苏醒 (REANIMATE),Warak,MHK (青鸟 modified),EZ|HD|IN|AT,5.0|12.8|15.3|0.0,0|0|0|0,False,False,False
extraSongs,173,Grimheart.Puru.0,Grimheart,Grimheart,Puru,临时工 & 倪尔,EZ|HD|IN|AT,3.0|8.9|13.8|0.0,0|0|0|0,False,False,False
extraSongs,174,Thrashforce.KAHvsE0ri4.0,Thrash force,Thrash force,KAH vs. E0ri4,自動車 原付 vs. GAMEBAKA,EZ|HD|IN|AT,4.5|10.7|15.3|0.0,0|0|0|0,False,False,False
extraSongs,175,Originally.SNKSMizku.0,Originally,Originally,SNKS & Mizku,Keiby.comics,EZ|HD|IN|AT,1.0|9.3|14.5|0.0,0|0|0|0,False,False,False
extraSongs,176,黄金之城GOLDTOWN.Memme.0,黄金之城 (GOLD TOWN),黄金之城 (GOLD TOWN),MEMME,RM Design Team (青鸟 modified),EZ|HD|IN|AT,2.0|10.2|14.7|0.0,0|0|0|0,False,False,False
extraSongs,177,双重间谍DoubleAgent.WAVAV.0,双重间谍 (Double Agent),双重间谍 (Double Agent),Wav.AV,RM Design Team (青鸟 modified),EZ|HD|IN|AT,4.5|11.8|15.7|0.0,0|0|0|0,False,False,False
extraSongs,178,幻影鬼魅PLEASE.R300K.0,幻影鬼魅 (PLEASE),幻影鬼魅 (PLEASE),R300K,RM Design Team (青鸟 modified),EZ|HD|IN|AT,5.5|9.6|15.2|17.0,0|0|0|0,False,False,False
extraSongs,179,Schadenfreude.ZxNX.0,Schadenfreude,Schadenfreude,ZxNX,验光蒸鱼,EZ|HD|IN|AT,4.5|10.6|15.1|0.0,0|0|0|0,False,False,False
extraSongs,180,Letempsperdu.Daison.0,Le temps perdu,Le temps perdu,Daison,子狼,EZ|HD|IN|AT,4.0|9.0|12.3|0.0,0|0|0|0,False,False,False
extraSongs,181,FixationsTowardtheStars.Foodbot.0,Fixations Toward the Stars,Fixations Toward the Stars,Foodbot,AriaL [edited by Stelli],EZ|HD|IN|AT,3.5|10.9|14.5|0.0,0|0|0|0,False,False,False
extraSongs,182,valorstarcross.LundyvsWyvren.0,valor/starcross,valor/starcross,Lundy vs. Wyvren,AriaL & 57_dayo [edited by Stelli],EZ|HD|IN|AT,6.5|12.7|15.8|0.0,0|0|0|0,False,False,False
extraSongs,183,CometFeat符白牙.CNHKSS.0,Comet,Comet,CNHKSS feat. 符白牙,小黄鸡叽叽叽叽叽叽修复中,EZ|HD|IN|AT,3.0|10.5|13.7|0.0,0|0|0|0,False,False,False
extraSongs,184,白と黒のバケモノ.テヅカ.0,白と黒のバケモノ,白と黒のバケモノ,テヅカ,久世,EZ|HD|IN|AT,4.0|11.4|15.9|0.0,0|0|0|0,False,False,False
extraSongs,185,Devotion.Connexio.0,Devotion,Devotion,Connexio,Shimoruchiko,EZ|HD|IN|AT,4.5|9.6|13.7|0.0,0|0|0|0,False,False,False
extraSongs,186,KirakiraNoelStory.RekuMochizuki.0,Kirakira Noel Story!!,Kirakira Noel Story!!,Reku Mochizuki,ナナシ,EZ|HD|IN|AT,4.0|10.2|14.2|0.0,0|0|0|0,False,False,False
extraSongs,187,Shelter.MeatyRabbitNceS.0,Shelter,Shelter,MeatyRabbit & NceS,诡异童话,EZ|HD|IN|AT,3.5|8.8|13.2|0.0,0|0|0|0,False,False,False
extraSongs,188,蝎虎天体Lacertid.CreamvsDaily天利.0,蝎虎天体 -Lacertid-,蝎虎天体 -Lacertid-,Cream vs. Daily天利,白 & 小鹏xpeng,EZ|HD|IN|AT,4.5|10.8|15.5|0.0,0|0|0|0,False,False,False
extraSongs,189,贝多芬祝福BeethovenBlessing.Nauts.0,贝多芬祝福 (Beethoven Blessing),贝多芬祝福 (Beethoven Blessing),Nauts,RM Design Team (青鸟 modified),EZ|HD|IN|AT,4.5|10.3|15.0|0.0,0|0|0|0,False,False,False
extraSongs,190,インマイマインド.レシオP.0,インマイマインド,インマイマインド,レシオP,すずか爆弾,EZ|HD|IN|AT,1.5|9.2|12.5|0.0,0|0|0|0,False,False,False
extraSongs,191,ニライカナイNiraicA_naiMix.roopfromSTR.0,ニライカナイ (NiraicA_nai Mix),ニライカナイ (NiraicA_nai Mix),roop from STR,3z,EZ|HD|IN|AT,3.0|8.3|13.5|0.0,0|0|0|0,False,False,False
extraSongs,192,SwingSkipDrop.ミハイル.0,Swing Skip Drop,Swing Skip Drop,ミハイル,ディン,EZ|HD|IN|AT,4.5|9.1|15.5|0.0,0|0|0|0,False,False,False
extraSongs,193,宇宙残骸少女CosmicDustyGirl.辻原一郎.0,宇宙残骸少女 (Cosmic Dusty Girl),宇宙残骸少女 (Cosmic Dusty Girl),辻原一郎,TOTOTO ,EZ|HD|IN|AT,6.0|10.2|13.7|0.0,0|0|0|0,False,False,False
extraSongs,194,Resolver.Gomadare.0,Resolver,Resolver,Gomadare,Transendium,EZ|HD|IN|AT,3.0|8.4|14.4|0.0,0|0|0|0,False,False,False
extraSongs,195,LuminousEntitiesLostHeart.NormalMfeatUsagiDenki.0,Luminous Entities Lost Heart,Luminous Entities Lost Heart,NormalM feat. Usagi Denki,Transendium,EZ|HD|IN|AT,5.0|10.7|15.2|0.0,0|0|0|0,False,False,False
extraSongs,196,KIZUNAResolution.TAG.0,KIZUNA Resolution,KIZUNA Resolution,TAG,Transendium,EZ|HD|IN|AT,8.0|13.4|16.4|0.0,0|0|0|0,False,False,False
extraSongs,197,AbsoluTedisoRdeR.AcuteDisarray.0,AbsoluTe disoRdeR,AbsoluTe disoRdeR,Acute Disarray,Kyuare & Wsx,EZ|HD|IN|AT,6.5|12.4|16.3|17.2,0|0|0|0,False,False,False
extraSongs,198,AphroditesChildshortver.RUQOA.0,Aphrodite's Child (short ver.),Aphrodite's Child (short ver.),RUQOA,cala for Immaculée Sekai,EZ|HD|IN|AT,3.5|8.1|13.3|0.0,0|0|0|0,False,False,False
extraSongs,199,DevIAtiOnshortver.polysha.0,DevIAtiOn (short ver.),DevIAtiOn (short ver.),polysha,cala for Immaculée Sekai,EZ|HD|IN|AT,5.0|11.1|15.8|0.0,0|0|0|0,False,False,False
extraSongs,200,NOx.Juggernaut.0,NO x,NO x,Juggernaut.,cala for Immaculée Sekai,EZ|HD|IN|AT,4.5|10.1|16.1|0.0,0|0|0|0,False,False,False
extraSongs,201,Aliceinaxxxxxxxx.Nagiha.0,Alice in a xxxxxxxx,Alice in a xxxxxxxx,Nagiha,神居冰绘 feat. 祈莲,EZ|HD|IN|AT,5.0|9.5|15.8|0.0,0|0|0|0,False,False,False
extraSongs,202,Radiance.Nhato.0,Radiance,Radiance,Nhato,SEGA (V17AMax modified),EZ|HD|IN|AT,3.5|11.9|14.1|15.6,0|0|0|0,False,False,False
extraSongs,203,DiamondDust.MasahiroGodspeedAoki.0,Diamond Dust,Diamond Dust,Masahiro “Godspeed” Aoki,SEGA (V17AMax modified),EZ|HD|IN|AT,5.0|10.8|15.3|16.7,0|0|0|0,False,False,False
extraSongs,204,StardustRAY.kanonevsBlackY.0,Stardust:RAY,Stardust:RAY,kanone vs. BlackY,SEGA (V17AMax modified),EZ|HD|IN|AT,6.0|12.3|16.5|17.2,0|0|0|0,False,False,False
extraSongs,205,FrozenHeart.A39沙包P.0,Frozen Heart,Frozen Heart,A-39 / 沙包P,山山奇,EZ|HD|IN|AT,5.0|10.6|14.6|0.0,0|0|0|0,False,False,False
extraSongs,206,Helios.NOABotaNya.0,Helios,Helios,NOA(Cortrix) & BotaNya,Spectro,EZ|HD|IN|AT,5.5|9.1|14.2|0.0,0|0|0|0,False,False,False
extraSongs,207,FlutterEcho.Cansol.0,Flutter Echo,Flutter Echo,Cansol,Taurell,EZ|HD|IN|AT,3.5|9.8|14.9|0.0,0|0|0|0,False,False,False
extraSongs,208,Rebirth.ああああ.0,Re：birth,Re：birth,ああああ,"QueseraGames Co., Ltd.",EZ|HD|IN|AT,6.0|12.0|15.4|0.0,0|0|0|0,False,False,False
extraSongs,209,AvataarReincarnationofKalpa.ScarletteakaCrYmson.0,Avataar~Reincarnation of Kalpa~,Avataar ~Reincarnation of Kalpa~,Scarlette a.k.a CrYmson,"QueseraGames Co., Ltd.",EZ|HD|IN|AT,2.0|8.2|13.2|16.6,0|0|0|0,False,False,False
extraSongs,210,雪降り雪が降っている.AiSSw夜輪ft結月ゆかり.0,雪降り ~雪が降っている~,雪降り ~雪が降っている~,AiSS w/ 夜輪 ft. 結月ゆかり,Vios.NoFurry.git,EZ|HD|IN|AT,1.5|7.5|12.0|14.0,0|0|0|0,False,False,False
extraSongs,211,RetributionCycleofRedemption.ArdolfvsDaily天利.0,Retribution ~ Cycle of Redemption ~ ,Retribution ~ Cycle of Redemption ~ ,Ardolf vs. Daily天利,死と花の大祭司(ʌᴉoƨმᴉϝ);;,EZ|HD|IN|AT,6.0|11.3|16.2|0.0,0|0|0|0,False,False,False
extraSongs,212,アンビバレンス.すりぃ相沢.0,アンビバレンス,アンビバレンス,すりぃ×相沢,SEGA (祈莲 modified),EZ|HD|IN|AT,3.5|8.7|14.2|0.0,0|0|0|0,False,False,False
extraSongs,213,Komplexe.雄之助featSennzai.0,Komplexe,Komplexe,雄之助 feat. Sennzai,SEGA (祈莲 modified),EZ|HD|IN|AT,4.0|9.6|14.3|0.0,0|0|0|0,False,False,False
extraSongs,214,slips.rintarosoma.0,sølips,sølips,rintaro soma,SEGA (祈莲 modified),EZ|HD|IN|AT,7.5|12.8|16.0|16.8,0|0|0|0,False,False,False
extraSongs,215,QZKagoRequiem.tpazolite.0,QZKago Requiem,QZKago Requiem,t+pazolite,SEGA (祈莲 modified),EZ|HD|IN|AT,7.0|13.3|16.3|17.4,0|0|0|0,False,False,False
extraSongs,216,SolaggyfeatUzumaki.ShrimpCatsはぁち後藤涼輔.0,So laggy! (feat. Uzumaki),So laggy! (feat. Uzumaki),ShrimpCats. (はぁち×後藤涼輔),塩焼とまと,EZ|HD|IN|AT,5.0|9.5|14.6|0.0,0|0|0|0,False,False,False
extraSongs,217,000AinSophAur.Yumeji.0,000 -Ain Soph Aur-,000 -Ain Soph Aur-,Yumeji,NerSAN,EZ|HD|IN|AT,2.5|8.4|14.4|0.0,0|0|0|0,False,False,False
extraSongs,218,Xepion.Acotto.0,Xep+ion,Xep+ion,Acotto,クルス (Ctymax modified),EZ|HD|IN|AT,2.5|9.8|14.8|0.0,0|0|0|0,False,False,False
extraSongs,219,Archidoxen.Se_IRA.0,Archidoxen,Archidoxen,Se_IRA,n/a (Ctymax modified),EZ|HD|IN|AT,4.0|10.0|15.6|16.9,0|0|0|0,False,False,False
extraSongs,220,百鬼夜行.SaladSavior.0,百鬼֎夜行,百鬼֎夜行,Salad Savior,軽目くお (Ctymax modified),EZ|HD|IN|AT,4.5|10.1|15.8|0.0,0|0|0|0,False,False,False
extraSongs,221,BANGINGSTRIKE.DewPleiades.0,BANGING STRIKE,BANGING STRIKE,Dew Pleiades,Rutumn feat. 汉堡,EZ|HD|IN|AT,5.0|10.2|15.9|16.8,0|0|0|0,False,False,False
extraSongs,222,TheWholeRest.KIVΛ.0,The Whole Rest,The Whole Rest,KIVΛ,©2025 Rayark Inc. CYTUS II®,EZ|HD|IN|AT,5.0|9.9|13.6|0.0,0|0|0|0,False,False,False
extraSongs,223,Cristalisia.onoken.0,Cristalisia,Cristalisia,onoken,©2025 Rayark Inc. CYTUS II®,EZ|HD|IN|AT,4.0|10.4|14.4|0.0,0|0|0|0,True,False,False
extraSongs,224,Hydra.JamesLandinoXAkiraComplex.0,Hydra,Hydra,James Landino X Akira Complex,©2025 Rayark Inc. CYTUS II®,EZ|HD|IN|AT,6.0|11.6|15.4|17.1,0|0|0|0,False,False,False
extraSongs,225,最高傑作.PYKAMIA.0,最高傑作,最高傑作,PYKAMIA,Nai Guozi,EZ|HD|IN|AT,4.5|9.3|13.9|0.0,0|0|0|0,False,False,False
extraSongs,226,Locomotive.K.0,Locomotive,Locomotive,♠K,Otaku_宅,EZ|HD|IN|AT,4.0|9.7|13.5|0.0,0|0|0|0,False,False,False
extraSongs,227,Alb.Avans.0,Alb,Alb,Avans,©2026 Rayark Inc. CYTUS II®,EZ|HD|IN|AT,3.5|8.9|14.7|0.0,0|0|0|0,False,False,False
extraSongs,228,Incyde.YbeLL.0,Incyde,Incyde,YbeLL,©2026 Rayark Inc. CYTUS II®,EZ|HD|IN|AT,7.0|12.1|16.2|0.0,0|0|0|0,False,False,False
extraSongs,229,彩.MisoilePunch.0,彩,彩,MisoilePunch♪,©2026 Rayark Inc. CYTUS II®,EZ|HD|IN|AT,6.0|12.5|16.4|0.0,0|0|0|0,False,False,False
extraSongs,230,彼方へ名もなき海辺より.打打だいず&月乃.0,彼方へ、名もなき海辺より,彼方へ、名もなき海辺より,打打だいず&月乃,月乃,EZ|HD|IN|AT,3.5|8.1|14.5|0.0,0|0|0|0,False,False,False
extraSongs,231,ABYSSMOTION192333.ariiolTSAR奏Sou.0,ABYSS MOTION 192.333,ABYSS MOTION 192.333,ariiol & 奏Sou,kkmfd,EZ|HD|IN|AT,4.0|9.7|14.7|0.0,0|0|0|0,False,False,False
extraSongs,232,Xenophobia.XinG.0,Xenophobia,Xenophobia,XinG,Ots-15,EZ|HD|IN|AT,6.5|12.6|14.9|0.0,0|0|0|0,False,False,False
extraSongs,233,Verruckt.Raimukun.0,Verrückt,Verrückt,Raimukun,AiLANE,EZ|HD|IN|AT,7.0|12.7|16.5|0.0,0|0|0|0,False,False,False
extraSongs,234,AfterZABANIYAMUGEdit.Daily天利.0,After ZABANIYA (MUG Edit),After ZABANIYA (MUG Edit),Daily天利,Nakaiankow feat. Daily天利,EZ|HD|IN|AT,5.0|10.6|15.8|0.0,0|0|0|0,False,False,False
extraSongs,235,下一秒.BobHouSherlock卓智媛feat兰音Reine.0,下一秒,下一秒,Bob Hou & Sherlock卓智媛 feat. 兰音Reine,虚拟九点,EZ|HD|IN|AT,4.0|8.5|13.6|0.0,0|0|0|0,False,False,False
extraSongs,236,玩具狂奏曲終焉.きくお.0,玩具狂奏曲 -終焉-,玩具狂奏曲 -終焉-,きくお,SEGA (V17AMax modified),EZ|HD|IN|AT,8.4|13.1|16.0|17.0,0|0|0|0,False,False,False
extraSongs,237,SnowDance.悠叶いのり.0,Snow Dance,Snow Dance,悠叶いのり,群青kurara,EZ|HD|IN|AT,4.0|8.3|12.4|0.0,0|0|0|0,False,False,False
extraSongs,238,亂舞.NekockLK.0,亂★舞,亂★舞,Nekock·LK,鲸弑,EZ|HD|IN|AT,2.0|7.5|13.2|0.0,0|0|0|0,False,False,False
extraSongs,239,Cleyera.Riya.0,Cleyera,Cleyera,Riya,神居冰绘,EZ|HD|IN|AT,5.0|11.0|15.4|0.0,0|0|0|0,False,False,False
extraSongs,240,70MinutesFighters.かたぎり.0,70 Minutes Fighters,70 Minutes Fighters,かたぎり,青鸟,EZ|HD|IN|AT,7.5|12.5|16.5|0.0,0|0|0|0,False,False,False
extraSongs,241,GungnirFracture.Kryexe.0,Gungnir Fracture,Gungnir Fracture,Kry.exe,PEZZ,EZ|HD|IN|AT,6.0|11.5|16.6|0.0,0|0|0|0,False,False,False
extraSongs,242,夢の降る日に.seatrus.0,夢の降る日に,夢の降る日に,seatrus,翠冷兮,EZ|HD|IN|AT,2.5|9.8|16.6|0.0,0|0|0|0,False,False,False
extraSongs,243,DerSchneid.Ωμεγα.0,Der Schneid,Der Schneid,Ωμεγα,群青kurara feat. 祈莲 & 夏宇Detristy,EZ|HD|IN|AT,7.0|12.0|16.1|17.5,0|0|0|0,False,False,False
extraSongs,244,星拂云锦featkoi.S9ryne.0,星拂云锦 feat. koi,星拂云锦 feat. koi,S9ryne,青鸟,EZ|HD|IN|AT,4.0|9.0|15.5|0.0,0|0|0|0,False,False,False
extraSongs,245,NWAD.Knighthood.0,[NWAD],[NWAD],Knighthood,2Al4wU4,EZ|HD|IN|AT,5.5|9.2|15.6|0.0,0|0|0|0,False,False,False
extraSongs,246,DevastatingHistory.NAMV.0,Devastating History,Devastating History,NAMV,わせ (Ctymax modified),EZ|HD|IN|AT,6.0|11.8|15.5|0.0,0|0|0|0,False,False,False
sideStorySongs,0,Poseidon.1112vsStar.0,Ποσειδών,Ποσειδών,1112 vs. Star＊,老张,EZ|HD|IN|AT,6.0|8.8|12.8|16.2,0|0|0|0,False,False,False
sideStorySongs,1,WATER.A39沙包P.0,WATER,WATER,A-39/沙包P,knife美工刀,EZ|HD|IN|AT,4.5|9.5|13.6|0.0,0|0|0|0,False,False,False
sideStorySongs,2,MiracleForestVIPMix.Rinthlive.0,Miracle Forest (VIP Mix),Miracle Forest (VIP Mix),Rinth_live,L-sp4,EZ|HD|IN|AT,3.0|7.5|13.1|0.0,0|0|0|0|0,False,False,False
sideStorySongs,3,MOBILYS.Dachs.0,MOBILYS,MOBILYS,Dachs,わっふゑ,EZ|HD|IN|AT,5.5|9.3|14.3|0.0,0|0|0|0,False,False,False
sideStorySongs,4,Lyrith迷宮リリス.ユメミド.0,Lyrith -迷宮リリス-,Lyrith -迷宮リリス-,ユメミド,何呵,EZ|HD|IN|AT|Legacy,5.0|11.1|16.1|16.5|15.9,0|0|0|0,False,False,False
sideStorySongs,5,Demiurge.Rabpit.0,Demiurge,Demiurge,Rabpit,青鸟,EZ|HD|IN|AT,1.5|7.5|11.8|0.0,0|0|0|0,False,False,False
sideStorySongs,6,Demonkin.ForgedReigns.0,Demonkin,Demonkin,Forged Reigns,Jeffery,EZ|HD|IN|AT,4.5|9.2|13.8|0.0,0|0|0|0,False,False,False
sideStorySongs,7,Re_NascencePsystyleVer.Rinth_live.0,Re_Nascence (Psystyle Ver.) ,Re_Nascence (Psystyle Ver.) ,Rinth_live,Tsuioku,EZ|HD|IN|AT,5.5|11.7|14.4|0.0,0|0|0|0,False,False,False
sideStorySongs,8,Ark.kanoryo.0,Ark,Ark,kanoryo,MOAI WORKS,EZ|HD|IN|AT,3.5|9.5|15.0|16.4,0|0|0|0,False,False,False
sideStorySongs,9,AfterDawn.S9ryne.0,After Dawn,After Dawn,S9ryne,月亮酱,EZ|HD|IN|AT,3.0|10.4|15.3|0.0,0|0|0|0,False,False,False
sideStorySongs,10,INFiNiTEENERZYOverdoze.RekuMochizuki.0,INFiNiTE ENERZY -Overdoze-,INFiNiTE ENERZY -Overdoze-,Reku Mochizuki,knife美工刀,EZ|HD|IN|AT,6.5|12.3|14.8|16.9,0|0|0|0,False,False,False
sideStorySongs,11,Khalid.Dolphin.0,Khalid,Khalid,Dolphin,HAZUQU,EZ|HD|IN|AT,4.0|8.2|13.0|0.0,0|0|0|0,False,False,False
sideStorySongs,12,QuantumHyperspace.D_AAN.0,Quantum Hyperspace,Quantum Hyperspace,D_AAN,sa1t,EZ|HD|IN|AT,6.0|11.2|15.0|0.0,0|0|0|0,False,False,False
sideStorySongs,13,FreakyUndulationsNobleKnightsofTune.JehezukielKURORAK.0,Freaky Undulations ~Noble Knights of Tune~,Freaky Undulations ~Noble Knights of Tune~,Jehezukiel + KURORAK,PEZZ feat. 祈莲 & CattoHato,EZ|HD|IN|AT,7.0|10.9|15.3|0.0,0|0|0|0,False,False,False
sideStorySongs,14,PANICPARADISE.DJSHIONY.0,PANIC PARADISE,PANIC PARADISE,DJ SHION.Y,百九十八,EZ|HD|IN|AT,6.5|11.5|15.5|16.6,0|0|0|0,False,False,False
sideStorySongs,15,ReEndofaDream.umavsモリモリあつし.0,Re：End of a Dream,Re：End of a Dream,uma vs. モリモリあつし,masiro vs. adaptor,EZ|HD|IN|AT,7.5|13.0|15.9|16.9,0|0|0|0,False,False,False
sideStorySongs,16,心の記憶.A39沙包P.0,心の記憶,心の記憶,A-39/沙包P,爱39的Konya,EZ|HD|IN|AT,3.5|9.1|13.4|0.0,0|0|0|0,False,False,False
sideStorySongs,17,Spotlight.Ardolf.0,Spotlight,Spotlight,Ardolf,NerSAN,EZ|HD|IN|AT,4.5|9.9|14.4|0.0,0|0|0|0,False,False,False
sideStorySongs,18,NightTheater.わかどり.0,NightTheater,NightTheater,わかどり,青鸟,EZ|HD|IN|AT,4.0|10.6|14.3|0.0,0|0|0|0,False,False,False
sideStorySongs,19,Ramification.rareguyReina.0,Ramification,Ramification,rareguy & Reina,cokeAnut,EZ|HD|IN|AT,5.0|10.4|14.8|0.0,0|0|0|0,False,False,False
sideStorySongs,20,DerRichter.Ωμεγα.0,Der Richter,Der Richter,Ωμεγα,森灵,EZ|HD|IN|AT,5.5|11.4|15.6|16.9,0|0|0|0,False,False,False
sideStorySongs,21,ATHAZA.LeaF.0,ATHAZA,ATHAZA,LeaF,御坂果子,EZ|HD|IN|AT,8.6|12.9|15.7|16.6,0|0|0|0,False,False,False
otherSongs,0,Introduction,Introduction,Introduction,,L-sp4,EZ|HD|IN|AT,1.0|0.0|0.0|0.0,0|0|0|0,False,False,False
