resourceId,resourceType,category,displayTitle,sourceFilename,sourceRelativePath,sourceSha256,sourceFileExists,sourceFileSha256Verified,variantId,variantSemanticStatus,originalRenditionId,originalObjectId,originalSha256,originalMime,originalWidth,originalHeight,matchStatus,matchMethod,confidence,confidenceReason,matchedTrackFolder,matchedTrackPath,matchedTrackKey,sourceTitle,sourceArtist,matchedArtworkPath,matchedSourceBundlePath,pixelMAE,smallPixelMAE,pixelThreshold,decodedPixelEqual,normalizedRGBHashEqual,candidateCount,secondBestMAE,candidateEvidence,semanticStatus,specialType,canonicalCandidate,canonicalReason,evidence
01a00092-d857-7fb0-9166-4805109e2afd,jacket,jacket,Anomaly,Anomaly.png,Phigros/曲绘/Anomaly.png,a11efce4f8f39c0fe7ded7bf55cf4b174cc7b66c3b3a542cdc2e5ea9875975fb,true,true,01a00092-d858-7e98-a3d9-3380c2e1c81e,confirmed,01a00092-d858-7f59-8de6-e6637641464b,sha256:a11efce4f8f39c0fe7ded7bf55cf4b174cc7b66c3b3a542cdc2e5ea9875975fb,a11efce4f8f39c0fe7ded7bf55cf4b174cc7b66c3b3a542cdc2e5ea9875975fb,image/png,2048,1080,unmatched,image-candidate-rejected,unresolved,Best decoded image candidate MAE=42.277534 exceeds 8.0,,,,,,,,42.277534,40.082756,2.0,false,false,313,50.773094,"[{""trackFolder"":""InvertedWorld.ARForest.0"",""sourceTitle"":""InvertedWorld"",""sourceArtist"":""ARForest"",""smallMAE"":40.082756,""mediumMAE"":42.277534},{""trackFolder"":""Starduster.Quree.0"",""sourceTitle"":""Starduster"",""sourceArtist"":""Quree"",""smallMAE"":48.100117,""mediumMAE"":50.773094},{""trackFolder"":""BonusTime.MegaloPaleWhite.0"",""sourceTitle"":""BonusTime"",""sourceArtist"":""MegaloPaleWhite"",""smallMAE"":48.960648,""mediumMAE"":54.230621}]",historical-artwork,,,,"Catalog source=Phigros/曲绘/Anomaly.png; sourceSha256=a11efce4f8f39c0fe7ded7bf55cf4b174cc7b66c3b3a542cdc2e5ea9875975fb; APK source=assets/aa/Android/82c68481baeb758cec3e327761da2880.bundle; trackPath=Assets/Tracks/InvertedWorld.ARForest.0/; decoded pixel MAE=42.277534; thresholds high<=2.0, medium<=8.0"
01a00092-dd86-7202-a360-e2b04e382fb7,jacket,jacket,Aphrodite's Child (short ver.),Aphrodite's Child (short ver.).png,Phigros/曲绘/Aphrodite's Child (short ver.).png,03ecc0723843f346a49150e07d3376f062e13bd002acc47931d64c3eda987a4c,true,true,01a00092-dd86-798c-a26f-22ea36d70e0d,confirmed,01a00092-dd87-7422-9cb8-1a6fa9714720,sha256:03ecc0723843f346a49150e07d3376f062e13bd002acc47931d64c3eda987a4c,03ecc0723843f346a49150e07d3376f062e13bd002acc47931d64c3eda987a4c,image/png,2048,1080,unmatched,image-candidate-rejected,unresolved,Best decoded image candidate MAE=34.183403 exceeds 8.0,,,,,,,,34.183403,25.939816,2.0,false,false,313,37.934856,"[{""trackFolder"":""SilenceisGoldenSpeechisGolden.NIWASHI.0"",""sourceTitle"":""SilenceisGoldenSpeechisGolden"",""sourceArtist"":""NIWASHI"",""smallMAE"":25.939816,""mediumMAE"":40.720051},{""trackFolder"":""AphroditesChildshortver.RUQOA.0"",""sourceTitle"":""AphroditesChildshortver"",""sourceArtist"":""RUQOA"",""smallMAE"":27.782986,""mediumMAE"":34.183403},{""trackFolder"":""FracturedAngel.DJRaisei.0"",""sourceTitle"":""FracturedAngel"",""sourceArtist"":""DJRaisei"",""smallMAE"":34.322338,""mediumMAE"":37.934856}]",historical-artwork,,,,"Catalog source=Phigros/曲绘/Aphrodite's Child (short ver.).png; sourceSha256=03ecc0723843f346a49150e07d3376f062e13bd002acc47931d64c3eda987a4c; APK source=assets/aa/Android/7f411e36908d51d37de6084ee148c6b1.bundle; trackPath=Assets/Tracks/AphroditesChildshortver.RUQOA.0/; decoded pixel MAE=34.183403; thresholds high<=2.0, medium<=8.0"
01a00092-e769-72ba-b55c-41b19b554298,jacket,jacket,BANGING STRIKE,BANGING STRIKE - Dew Pleiades.png,Phigros/曲绘/BANGING STRIKE - Dew Pleiades.png,875dbcec4d312fff3fa05999f9a501f93075b2f3512981c43c493ca8148d15d7,true,true,01a00092-e769-7262-852e-4b38fd85112a,confirmed,01a00092-e76a-750c-8da5-4ef0962e4dd8,sha256:875dbcec4d312fff3fa05999f9a501f93075b2f3512981c43c493ca8148d15d7,875dbcec4d312fff3fa05999f9a501f93075b2f3512981c43c493ca8148d15d7,image/png,2048,1080,unmatched,image-candidate-rejected,unresolved,Best decoded image candidate MAE=41.731579 exceeds 8.0,,,,,,,,41.731579,35.424191,2.0,false,false,313,62.256702,"[{""trackFolder"":""BANGINGSTRIKE.DewPleiades.0"",""sourceTitle"":""BANGINGSTRIKE"",""sourceArtist"":""DewPleiades"",""smallMAE"":35.424191,""mediumMAE"":41.731579},{""trackFolder"":""彩.MisoilePunch.0"",""sourceTitle"":""彩"",""sourceArtist"":""MisoilePunch"",""smallMAE"":54.09375,""mediumMAE"":62.256702},{""trackFolder"":""WithYou.Cashew.0"",""sourceTitle"":""WithYou"",""sourceArtist"":""Cashew"",""smallMAE"":57.071182,""mediumMAE"":64.225761}]",historical-artwork,,,,"Catalog source=Phigros/曲绘/BANGING STRIKE - Dew Pleiades.png; sourceSha256=875dbcec4d312fff3fa05999f9a501f93075b2f3512981c43c493ca8148d15d7; APK source=assets/aa/Android/8dd68a63e3f4d7565e015c62ff76659f.bundle; trackPath=Assets/Tracks/BANGINGSTRIKE.DewPleiades.0/; decoded pixel MAE=41.731579; thresholds high<=2.0, medium<=8.0"
01a00093-1196-7c78-83ec-3281c8990638,jacket,jacket,Destination,Destination.png,Phigros/曲绘/Destination.png,2ea56a150526d6e22a79c5688cdca4f075633ea4f7aebbf46a4b0ac933f23a04,true,true,01a00093-1196-7e43-b1e1-e5bee08a825f,confirmed,01a00093-1196-7d12-9a53-0dff72b57c13,sha256:2ea56a150526d6e22a79c5688cdca4f075633ea4f7aebbf46a4b0ac933f23a04,2ea56a150526d6e22a79c5688cdca4f075633ea4f7aebbf46a4b0ac933f23a04,image/png,2048,1080,unmatched,image-candidate-rejected,unresolved,Best decoded image candidate MAE=52.273628 exceeds 8.0,,,,,,,,52.273628,45.339699,2.0,false,false,313,55.646713,"[{""trackFolder"":""ClassMemories.AntistarfeatCtymax.0"",""sourceTitle"":""ClassMemories"",""sourceArtist"":""AntistarfeatCtymax"",""smallMAE"":45.339699,""mediumMAE"":52.273628},{""trackFolder"":""DancewithSilence.かめりあ.0"",""sourceTitle"":""DancewithSilence"",""sourceArtist"":""かめりあ"",""smallMAE"":47.493633,""mediumMAE"":55.646713},{""trackFolder"":""Hydra.JamesLandinoXAkiraComplex.0"",""sourceTitle"":""Hydra"",""sourceArtist"":""JamesLandinoXAkiraComplex"",""smallMAE"":48.579861,""mediumMAE"":57.874043}]",historical-artwork,,,,"Catalog source=Phigros/曲绘/Destination.png; sourceSha256=2ea56a150526d6e22a79c5688cdca4f075633ea4f7aebbf46a4b0ac933f23a04; APK source=assets/aa/Android/e0040c6035cee2f6cdf6e3102d2aa95f.bundle; trackPath=Assets/Tracks/ClassMemories.AntistarfeatCtymax.0/; decoded pixel MAE=52.273628; thresholds high<=2.0, medium<=8.0"
01a00093-18db-75e7-818d-e96cd320993e,jacket,jacket,Dlyrotz -SUPER ULTIMATE AMAZING AWESOME PRO MAX EXTRA REMIX-,Dlyrotz -SUPER ULTIMATE AMAZING AWESOME PRO MAX EXTRA REMIX-.png,Phigros/曲绘/Dlyrotz -SUPER ULTIMATE AMAZING AWESOME PRO MAX EXTRA REMIX-.png,60a0fb176ab66404ca317989c3fbcafced8464821f05b1d199d54384c67d8468,true,true,01a00093-18db-7f5b-a894-18cdd7a9e0b3,confirmed,01a00093-18db-770c-bd2a-cab95150796c,sha256:60a0fb176ab66404ca317989c3fbcafced8464821f05b1d199d54384c67d8468,60a0fb176ab66404ca317989c3fbcafced8464821f05b1d199d54384c67d8468,image/png,2048,1080,unmatched,image-candidate-rejected,unresolved,Best decoded image candidate MAE=54.237324 exceeds 8.0,,,,,,,,54.237324,47.734375,2.0,false,false,313,60.007469,"[{""trackFolder"":""Dlyrotz.Likey.0"",""sourceTitle"":""Dlyrotz"",""sourceArtist"":""Likey"",""smallMAE"":47.734375,""mediumMAE"":54.237324},{""trackFolder"":""Apocalypse.アリスシャッハと魔法の楽団.0"",""sourceTitle"":""Apocalypse"",""sourceArtist"":""アリスシャッハと魔法の楽団"",""smallMAE"":54.102432,""mediumMAE"":60.007469},{""trackFolder"":""JourneywithYou.Iris.0"",""sourceTitle"":""JourneywithYou"",""sourceArtist"":""Iris"",""smallMAE"":54.360531,""mediumMAE"":60.14587}]",historical-artwork,,,,"Catalog source=Phigros/曲绘/Dlyrotz -SUPER ULTIMATE AMAZING AWESOME PRO MAX EXTRA REMIX-.png; sourceSha256=60a0fb176ab66404ca317989c3fbcafced8464821f05b1d199d54384c67d8468; APK source=assets/aa/Android/ca45b9956f2d73124b29b4fc4dace929.bundle; trackPath=Assets/Tracks/Dlyrotz.Likey.0/; decoded pixel MAE=54.237324; thresholds high<=2.0, medium<=8.0"
01a00093-676b-7e47-b6ff-5d4f0a66bcc6,jacket,jacket,Oblivion： Phin,Oblivion： Phin.png,Phigros/曲绘/Oblivion： Phin.png,4a92b12483ce68036671cc14fc3954263257f612613c0d272a4ff92505a7ba41,true,true,01a00093-676b-71a4-955c-5972464e1d14,confirmed,01a00093-676b-78be-8568-9a8d98729d4f,sha256:4a92b12483ce68036671cc14fc3954263257f612613c0d272a4ff92505a7ba41,4a92b12483ce68036671cc14fc3954263257f612613c0d272a4ff92505a7ba41,image/png,2048,1080,unmatched,image-candidate-rejected,unresolved,Best decoded image candidate MAE=44.423714 exceeds 8.0,,,,,,,,44.423714,39.146992,2.0,false,false,313,44.838196,"[{""trackFolder"":""Aliceinaxxxxxxxx.Nagiha.0"",""sourceTitle"":""Aliceinaxxxxxxxx"",""sourceArtist"":""Nagiha"",""smallMAE"":39.146992,""mediumMAE"":44.423714},{""trackFolder"":""LuminousEntitiesLostHeart.NormalMfeatUsagiDenki.0"",""sourceTitle"":""LuminousEntitiesLostHeart"",""sourceArtist"":""NormalMfeatUsagiDenki"",""smallMAE"":40.409721,""mediumMAE"":44.838196},{""trackFolder"":""FracturedAngel.DJRaisei.0"",""sourceTitle"":""FracturedAngel"",""sourceArtist"":""DJRaisei"",""smallMAE"":41.572918,""mediumMAE"":46.429688}]",historical-artwork,,,,"Catalog source=Phigros/曲绘/Oblivion： Phin.png; sourceSha256=4a92b12483ce68036671cc14fc3954263257f612613c0d272a4ff92505a7ba41; APK source=assets/aa/Android/5e3440b767a50ae5e1dda9a2a7db01f9.bundle; trackPath=Assets/Tracks/Aliceinaxxxxxxxx.Nagiha.0/; decoded pixel MAE=44.423714; thresholds high<=2.0, medium<=8.0"
01a00093-b43a-73f9-9bd0-9d22827320ab,jacket,jacket,テリトリーバトル,テリトリーバトル.png,Phigros/曲绘/テリトリーバトル.png,6775b6893523f171f6c0a198b0090f0ad17765c511322366fbefa6f419605349,true,true,01a00093-b43a-7a0d-82c1-c1fd53a9596e,confirmed,01a00093-b43a-765c-b0e7-b7b40d75511d,sha256:6775b6893523f171f6c0a198b0090f0ad17765c511322366fbefa6f419605349,6775b6893523f171f6c0a198b0090f0ad17765c511322366fbefa6f419605349,image/png,2048,1080,unmatched,image-candidate-rejected,unresolved,Best decoded image candidate MAE=41.075443 exceeds 8.0,,,,,,,,41.075443,35.276043,2.0,false,false,313,42.105354,"[{""trackFolder"":""Shelter.MeatyRabbitNceS.0"",""sourceTitle"":""Shelter"",""sourceArtist"":""MeatyRabbitNceS"",""smallMAE"":35.276043,""mediumMAE"":41.075443},{""trackFolder"":""WATER.A39沙包P.0"",""sourceTitle"":""WATER"",""sourceArtist"":""A39沙包P"",""smallMAE"":35.645832,""mediumMAE"":42.105354},{""trackFolder"":""Aleph0.LeaF.0"",""sourceTitle"":""Aleph0"",""sourceArtist"":""LeaF"",""smallMAE"":37.505207,""mediumMAE"":44.070312}]",historical-artwork,,,,"Catalog source=Phigros/曲绘/テリトリーバトル.png; sourceSha256=6775b6893523f171f6c0a198b0090f0ad17765c511322366fbefa6f419605349; APK source=assets/aa/Android/118e23ecd7b5f9c6eea6ab2b06034d72.bundle; trackPath=Assets/Tracks/Shelter.MeatyRabbitNceS.0/; decoded pixel MAE=41.075443; thresholds high<=2.0, medium<=8.0"
01a00093-bf33-7131-a1d1-63b6d79b88dd,phigros-april-fools,phigros-april-fools,哎呀吉诺_0,哎呀吉诺_0.png,Phigros/April Fools/哎呀吉诺_0.png,59fa5ca17234b18ab44ca671c270354c65ee34aa57e87596d046c5db418d506d,true,true,01a00093-bf33-7a92-983a-6f075454165a,confirmed,01a00093-bf33-711b-9b25-accd14b3d126,sha256:59fa5ca17234b18ab44ca671c270354c65ee34aa57e87596d046c5db418d506d,59fa5ca17234b18ab44ca671c270354c65ee34aa57e87596d046c5db418d506d,image/png,2048,1080,unmatched,image-candidate-rejected,unresolved,Best decoded image candidate MAE=66.452011 exceeds 8.0,,,,,,,,66.452011,59.248264,2.0,false,false,313,66.469322,"[{""trackFolder"":""JourneywithYou.Iris.0"",""sourceTitle"":""JourneywithYou"",""sourceArtist"":""Iris"",""smallMAE"":59.248264,""mediumMAE"":66.512444},{""trackFolder"":""HAZARD.Limpid.0"",""sourceTitle"":""HAZARD"",""sourceArtist"":""Limpid"",""smallMAE"":60.615162,""mediumMAE"":66.469322},{""trackFolder"":""NYA.FLuoRiTe姜米條.0"",""sourceTitle"":""NYA"",""sourceArtist"":""FLuoRiTe姜米條"",""smallMAE"":61.089119,""mediumMAE"":66.452011}]",april-fools-artwork,april-fools,,,"Catalog source=Phigros/April Fools/哎呀吉诺_0.png; sourceSha256=59fa5ca17234b18ab44ca671c270354c65ee34aa57e87596d046c5db418d506d; APK source=assets/aa/Android/d43625a55345ff9a95d026b0db8d2643.bundle; trackPath=Assets/Tracks/NYA.FLuoRiTe姜米條.0/; decoded pixel MAE=66.452011; thresholds high<=2.0, medium<=8.0; April Fools source remains special even when pixels equal a current track"
01a00093-c047-74c0-8289-a3296c86a95c,phigros-april-fools,phigros-april-fools,哎呀吉诺,哎呀吉诺.png,Phigros/April Fools/哎呀吉诺.png,49acc09988ffda93891e42af4d5eadbb27b68312701a32deb1529ecda196f422,true,true,01a00093-c047-736a-9380-26f5a07ee2dd,confirmed,01a00093-c047-767d-a6ed-a199f702c12e,sha256:49acc09988ffda93891e42af4d5eadbb27b68312701a32deb1529ecda196f422,49acc09988ffda93891e42af4d5eadbb27b68312701a32deb1529ecda196f422,image/png,2048,1080,unmatched,image-candidate-rejected,unresolved,Best decoded image candidate MAE=66.863243 exceeds 8.0,,,,,,,,66.863243,59.395256,2.0,false,false,313,67.226219,"[{""trackFolder"":""JourneywithYou.Iris.0"",""sourceTitle"":""JourneywithYou"",""sourceArtist"":""Iris"",""smallMAE"":59.395256,""mediumMAE"":66.863243},{""trackFolder"":""NYA.FLuoRiTe姜米條.0"",""sourceTitle"":""NYA"",""sourceArtist"":""FLuoRiTe姜米條"",""smallMAE"":61.625,""mediumMAE"":67.226219},{""trackFolder"":""HAZARD.Limpid.0"",""sourceTitle"":""HAZARD"",""sourceArtist"":""Limpid"",""smallMAE"":62.103588,""mediumMAE"":67.908661}]",april-fools-artwork,april-fools,,,"Catalog source=Phigros/April Fools/哎呀吉诺.png; sourceSha256=49acc09988ffda93891e42af4d5eadbb27b68312701a32deb1529ecda196f422; APK source=assets/aa/Android/e02cde62ca6c91a1dcc2afb7d97ef193.bundle; trackPath=Assets/Tracks/JourneywithYou.Iris.0/; decoded pixel MAE=66.863243; thresholds high<=2.0, medium<=8.0; April Fools source remains special even when pixels equal a current track"
01a00093-c15c-78db-8360-63e19874c60f,phigros-april-fools,phigros-april-fools,笨笨鸠_0,笨笨鸠_0.png,Phigros/April Fools/笨笨鸠_0.png,35f5821f0c239ded467708d21e00ad2be759d1032f28c3db819fe37dcfff1793,true,true,01a00093-c15c-744f-ad41-00128aed24fc,confirmed,01a00093-c15c-7ce4-a89d-2319599c6ef8,sha256:35f5821f0c239ded467708d21e00ad2be759d1032f28c3db819fe37dcfff1793,35f5821f0c239ded467708d21e00ad2be759d1032f28c3db819fe37dcfff1793,image/png,2048,1080,unmatched,image-candidate-rejected,unresolved,Best decoded image candidate MAE=55.968979 exceeds 8.0,,,,,,,,55.968979,47.785881,2.0,false,false,313,64.857422,"[{""trackFolder"":""JourneywithYou.Iris.0"",""sourceTitle"":""JourneywithYou"",""sourceArtist"":""Iris"",""smallMAE"":47.785881,""mediumMAE"":55.968979},{""trackFolder"":""RetributionCycleofRedemption.ArdolfvsDaily天利.0"",""sourceTitle"":""RetributionCycleofRedemption"",""sourceArtist"":""ArdolfvsDaily天利"",""smallMAE"":57.019096,""mediumMAE"":64.857422},{""trackFolder"":""Realms.HinkikAHimitsu.0"",""sourceTitle"":""Realms"",""sourceArtist"":""HinkikAHimitsu"",""smallMAE"":59.982639,""mediumMAE"":71.000877}]",april-fools-artwork,april-fools,,,"Catalog source=Phigros/April Fools/笨笨鸠_0.png; sourceSha256=35f5821f0c239ded467708d21e00ad2be759d1032f28c3db819fe37dcfff1793; APK source=assets/aa/Android/e02cde62ca6c91a1dcc2afb7d97ef193.bundle; trackPath=Assets/Tracks/JourneywithYou.Iris.0/; decoded pixel MAE=55.968979; thresholds high<=2.0, medium<=8.0; April Fools source remains special even when pixels equal a current track"
01a00093-c270-7034-9d9b-ab7a9fa6bee9,phigros-april-fools,phigros-april-fools,笨笨鸠,笨笨鸠.png,Phigros/April Fools/笨笨鸠.png,ca5f89cda19e30ca070602584350581a38c8aee590083e5d5a7b8c387c1c3fa1,true,true,01a00093-c270-7149-b17a-7738d1a0bbea,confirmed,01a00093-c270-75c5-9467-4640a176f880,sha256:ca5f89cda19e30ca070602584350581a38c8aee590083e5d5a7b8c387c1c3fa1,ca5f89cda19e30ca070602584350581a38c8aee590083e5d5a7b8c387c1c3fa1,image/png,2048,1080,unmatched,image-candidate-rejected,unresolved,Best decoded image candidate MAE=57.520145 exceeds 8.0,,,,,,,,57.520145,49.898727,2.0,false,false,313,66.867989,"[{""trackFolder"":""JourneywithYou.Iris.0"",""sourceTitle"":""JourneywithYou"",""sourceArtist"":""Iris"",""smallMAE"":49.898727,""mediumMAE"":57.520145},{""trackFolder"":""RetributionCycleofRedemption.ArdolfvsDaily天利.0"",""sourceTitle"":""RetributionCycleofRedemption"",""sourceArtist"":""ArdolfvsDaily天利"",""smallMAE"":59.214119,""mediumMAE"":67.374123},{""trackFolder"":""Shadow.SumaiLightvs姜米條.0"",""sourceTitle"":""Shadow"",""sourceArtist"":""SumaiLightvs姜米條"",""smallMAE"":61.229744,""mediumMAE"":66.867989}]",april-fools-artwork,april-fools,,,"Catalog source=Phigros/April Fools/笨笨鸠.png; sourceSha256=ca5f89cda19e30ca070602584350581a38c8aee590083e5d5a7b8c387c1c3fa1; APK source=assets/aa/Android/e02cde62ca6c91a1dcc2afb7d97ef193.bundle; trackPath=Assets/Tracks/JourneywithYou.Iris.0/; decoded pixel MAE=57.520145; thresholds high<=2.0, medium<=8.0; April Fools source remains special even when pixels equal a current track"
01a00093-c383-7c35-b168-187c7d5ee4c9,phigros-april-fools,phigros-april-fools,大神口牙___0,大神口牙___0.png,Phigros/April Fools/大神口牙___0.png,a260f3eec9343fd836f68bbd78c58b15e73fe4b49d70cc0d4a2c765a7ce3c0c1,true,true,01a00093-c383-779f-8a3d-26a731a10f21,confirmed,01a00093-c383-7de9-a13b-7bd76de644fb,sha256:a260f3eec9343fd836f68bbd78c58b15e73fe4b49d70cc0d4a2c765a7ce3c0c1,a260f3eec9343fd836f68bbd78c58b15e73fe4b49d70cc0d4a2c765a7ce3c0c1,image/png,2048,1080,unmatched,image-candidate-rejected,unresolved,Best decoded image candidate MAE=64.669617 exceeds 8.0,,,,,,,,64.669617,58.276043,2.0,false,false,313,69.469017,"[{""trackFolder"":""GOODTEK.EBIMAYO.0"",""sourceTitle"":""GOODTEK"",""sourceArtist"":""EBIMAYO"",""smallMAE"":58.276043,""mediumMAE"":64.669617},{""trackFolder"":""FULiAUTOSHOOTER.MYUKKE.0"",""sourceTitle"":""FULiAUTOSHOOTER"",""sourceArtist"":""MYUKKE"",""smallMAE"":63.260994,""mediumMAE"":70.497971},{""trackFolder"":""GOODBOUNCE.EBIMAYO.0"",""sourceTitle"":""GOODBOUNCE"",""sourceArtist"":""EBIMAYO"",""smallMAE"":66.137154,""mediumMAE"":69.469017}]",april-fools-artwork,april-fools,,,"Catalog source=Phigros/April Fools/大神口牙___0.png; sourceSha256=a260f3eec9343fd836f68bbd78c58b15e73fe4b49d70cc0d4a2c765a7ce3c0c1; APK source=assets/aa/Android/b249b8b2d4a52b5e336b8a3957ec189f.bundle; trackPath=Assets/Tracks/GOODTEK.EBIMAYO.0/; decoded pixel MAE=64.669617; thresholds high<=2.0, medium<=8.0; April Fools source remains special even when pixels equal a current track"
01a00093-c496-74c5-a688-383a3e072810,phigros-april-fools,phigros-april-fools,大神口牙__,大神口牙__.png,Phigros/April Fools/大神口牙__.png,ed6a16cb4609ea284444d01d434bcc86b3308b1f2a249620ae73e64edcc0004a,true,true,01a00093-c496-7442-b417-c068c1c8c7fe,confirmed,01a00093-c497-7f64-be13-7014b1a44d86,sha256:ed6a16cb4609ea284444d01d434bcc86b3308b1f2a249620ae73e64edcc0004a,ed6a16cb4609ea284444d01d434bcc86b3308b1f2a249620ae73e64edcc0004a,image/png,2048,1080,unmatched,image-candidate-rejected,unresolved,Best decoded image candidate MAE=64.119484 exceeds 8.0,,,,,,,,64.119484,57.534721,2.0,false,false,313,70.027115,"[{""trackFolder"":""GOODTEK.EBIMAYO.0"",""sourceTitle"":""GOODTEK"",""sourceArtist"":""EBIMAYO"",""smallMAE"":57.534721,""mediumMAE"":64.119484},{""trackFolder"":""FULiAUTOSHOOTER.MYUKKE.0"",""sourceTitle"":""FULiAUTOSHOOTER"",""sourceArtist"":""MYUKKE"",""smallMAE"":63.069443,""mediumMAE"":70.027115},{""trackFolder"":""RESSiSTANCE.ぐるたみん.0"",""sourceTitle"":""RESSiSTANCE"",""sourceArtist"":""ぐるたみん"",""smallMAE"":66.403358,""mediumMAE"":74.25605}]",april-fools-artwork,april-fools,,,"Catalog source=Phigros/April Fools/大神口牙__.png; sourceSha256=ed6a16cb4609ea284444d01d434bcc86b3308b1f2a249620ae73e64edcc0004a; APK source=assets/aa/Android/b249b8b2d4a52b5e336b8a3957ec189f.bundle; trackPath=Assets/Tracks/GOODTEK.EBIMAYO.0/; decoded pixel MAE=64.119484; thresholds high<=2.0, medium<=8.0; April Fools source remains special even when pixels equal a current track"
01a00093-c5b8-7901-871e-c3c69e3d0fee,phigros-april-fools,phigros-april-fools,旅行者_0,旅行者_0.png,Phigros/April Fools/旅行者_0.png,ea32ae62bd6127021d47d6cc6774285d6729d743f8f686c2aa786a5f7abc706e,true,true,01a00093-c5b8-7545-818b-efdb7f73a415,confirmed,01a00093-c5b8-7a4e-a85f-c2b0ea48c40c,sha256:ea32ae62bd6127021d47d6cc6774285d6729d743f8f686c2aa786a5f7abc706e,ea32ae62bd6127021d47d6cc6774285d6729d743f8f686c2aa786a5f7abc706e,image/png,2048,1080,unmatched,image-candidate-rejected,unresolved,Best decoded image candidate MAE=58.513557 exceeds 8.0,,,,,,,,58.513557,51.728008,2.0,false,false,313,60.488510,"[{""trackFolder"":""GOODTEK.EBIMAYO.0"",""sourceTitle"":""GOODTEK"",""sourceArtist"":""EBIMAYO"",""smallMAE"":51.728008,""mediumMAE"":58.513557},{""trackFolder"":""Realms.HinkikAHimitsu.0"",""sourceTitle"":""Realms"",""sourceArtist"":""HinkikAHimitsu"",""smallMAE"":51.763309,""mediumMAE"":61.011871},{""trackFolder"":""FULiAUTOSHOOTER.MYUKKE.0"",""sourceTitle"":""FULiAUTOSHOOTER"",""sourceArtist"":""MYUKKE"",""smallMAE"":52.216434,""mediumMAE"":60.48851}]",april-fools-artwork,april-fools,,,"Catalog source=Phigros/April Fools/旅行者_0.png; sourceSha256=ea32ae62bd6127021d47d6cc6774285d6729d743f8f686c2aa786a5f7abc706e; APK source=assets/aa/Android/b249b8b2d4a52b5e336b8a3957ec189f.bundle; trackPath=Assets/Tracks/GOODTEK.EBIMAYO.0/; decoded pixel MAE=58.513557; thresholds high<=2.0, medium<=8.0; April Fools source remains special even when pixels equal a current track"
01a00093-c6c4-76e8-9c7c-db9ca33d0904,phigros-april-fools,phigros-april-fools,旅行者,旅行者.png,Phigros/April Fools/旅行者.png,0a0b4d506adbb9b74c8c57ebd598b65ed2a0a2f42069f96b13c8adc3ebabd9eb,true,true,01a00093-c6c4-771a-a66c-4a8bab665b48,confirmed,01a00093-c6c4-793b-91bb-d5f3b51ecfc8,sha256:0a0b4d506adbb9b74c8c57ebd598b65ed2a0a2f42069f96b13c8adc3ebabd9eb,0a0b4d506adbb9b74c8c57ebd598b65ed2a0a2f42069f96b13c8adc3ebabd9eb,image/png,2048,1080,unmatched,image-candidate-rejected,unresolved,Best decoded image candidate MAE=58.930031 exceeds 8.0,,,,,,,,58.930031,52.028934,2.0,false,false,313,60.584061,"[{""trackFolder"":""FULiAUTOSHOOTER.MYUKKE.0"",""sourceTitle"":""FULiAUTOSHOOTER"",""sourceArtist"":""MYUKKE"",""smallMAE"":52.028934,""mediumMAE"":60.584061},{""trackFolder"":""Realms.HinkikAHimitsu.0"",""sourceTitle"":""Realms"",""sourceArtist"":""HinkikAHimitsu"",""smallMAE"":52.144096,""mediumMAE"":61.568283},{""trackFolder"":""GOODTEK.EBIMAYO.0"",""sourceTitle"":""GOODTEK"",""sourceArtist"":""EBIMAYO"",""smallMAE"":52.184029,""mediumMAE"":58.930031}]",april-fools-artwork,april-fools,,,"Catalog source=Phigros/April Fools/旅行者.png; sourceSha256=0a0b4d506adbb9b74c8c57ebd598b65ed2a0a2f42069f96b13c8adc3ebabd9eb; APK source=assets/aa/Android/b249b8b2d4a52b5e336b8a3957ec189f.bundle; trackPath=Assets/Tracks/GOODTEK.EBIMAYO.0/; decoded pixel MAE=58.930031; thresholds high<=2.0, medium<=8.0; April Fools source remains special even when pixels equal a current track"
01a00093-c7dc-76f2-8ce2-c215ce9add10,phigros-april-fools,phigros-april-fools,美食家_0,美食家_0.png,Phigros/April Fools/美食家_0.png,79b030e6e956067779c4bb3dd1061a495771bbb7c6fb2173a09740441cbdd04c,true,true,01a00093-c7dc-7ed3-ac9d-61f5e96c760f,confirmed,01a00093-c7dc-79b4-8794-8e63776e067d,sha256:79b030e6e956067779c4bb3dd1061a495771bbb7c6fb2173a09740441cbdd04c,79b030e6e956067779c4bb3dd1061a495771bbb7c6fb2173a09740441cbdd04c,image/png,2048,1080,unmatched,image-candidate-rejected,unresolved,Best decoded image candidate MAE=47.937767 exceeds 8.0,,,,,,,,47.937767,42.295719,2.0,false,false,313,61.703739,"[{""trackFolder"":""JourneywithYou.Iris.0"",""sourceTitle"":""JourneywithYou"",""sourceArtist"":""Iris"",""smallMAE"":42.295719,""mediumMAE"":47.937767},{""trackFolder"":""RetributionCycleofRedemption.ArdolfvsDaily天利.0"",""sourceTitle"":""RetributionCycleofRedemption"",""sourceArtist"":""ArdolfvsDaily天利"",""smallMAE"":56.503471,""mediumMAE"":61.703739},{""trackFolder"":""心之所向.姜米條.0"",""sourceTitle"":""心之所向"",""sourceArtist"":""姜米條"",""smallMAE"":57.211807,""mediumMAE"":63.570732}]",april-fools-artwork,april-fools,,,"Catalog source=Phigros/April Fools/美食家_0.png; sourceSha256=79b030e6e956067779c4bb3dd1061a495771bbb7c6fb2173a09740441cbdd04c; APK source=assets/aa/Android/e02cde62ca6c91a1dcc2afb7d97ef193.bundle; trackPath=Assets/Tracks/JourneywithYou.Iris.0/; decoded pixel MAE=47.937767; thresholds high<=2.0, medium<=8.0; April Fools source remains special even when pixels equal a current track"
01a00093-c8c6-7c12-a3fc-57f91c648759,phigros-april-fools,phigros-april-fools,美食家,美食家.png,Phigros/April Fools/美食家.png,a6775efd9e5981147fba95e2d373dea7bb4fb12b72877d51fa8a585afa706328,true,true,01a00093-c8c7-73df-9b4b-f70b9d0cd499,confirmed,01a00093-c8c7-7586-82ef-17852a7802d1,sha256:a6775efd9e5981147fba95e2d373dea7bb4fb12b72877d51fa8a585afa706328,a6775efd9e5981147fba95e2d373dea7bb4fb12b72877d51fa8a585afa706328,image/png,2048,1080,unmatched,image-candidate-rejected,unresolved,Best decoded image candidate MAE=48.624619 exceeds 8.0,,,,,,,,48.624619,43.352432,2.0,false,false,313,62.056793,"[{""trackFolder"":""JourneywithYou.Iris.0"",""sourceTitle"":""JourneywithYou"",""sourceArtist"":""Iris"",""smallMAE"":43.352432,""mediumMAE"":48.624619},{""trackFolder"":""RetributionCycleofRedemption.ArdolfvsDaily天利.0"",""sourceTitle"":""RetributionCycleofRedemption"",""sourceArtist"":""ArdolfvsDaily天利"",""smallMAE"":56.782406,""mediumMAE"":62.056793},{""trackFolder"":""心之所向.姜米條.0"",""sourceTitle"":""心之所向"",""sourceArtist"":""姜米條"",""smallMAE"":57.491898,""mediumMAE"":63.924095}]",april-fools-artwork,april-fools,,,"Catalog source=Phigros/April Fools/美食家.png; sourceSha256=a6775efd9e5981147fba95e2d373dea7bb4fb12b72877d51fa8a585afa706328; APK source=assets/aa/Android/e02cde62ca6c91a1dcc2afb7d97ef193.bundle; trackPath=Assets/Tracks/JourneywithYou.Iris.0/; decoded pixel MAE=48.624619; thresholds high<=2.0, medium<=8.0; April Fools source remains special even when pixels equal a current track"
01a00093-c9ae-76a6-8093-d564fac10d01,phigros-april-fools,phigros-april-fools,随机出来的_0,随机出来的_0.png,Phigros/April Fools/随机出来的_0.png,01e9756fa50f7901092732e51dd7394a3e140042a95271f36c7cbbb5316f8efd,true,true,01a00093-c9af-7c33-bb8a-253ba52ed190,confirmed,01a00093-c9af-7770-8bc8-cab6e7305097,sha256:01e9756fa50f7901092732e51dd7394a3e140042a95271f36c7cbbb5316f8efd,01e9756fa50f7901092732e51dd7394a3e140042a95271f36c7cbbb5316f8efd,image/png,2048,1080,unmatched,image-candidate-rejected,unresolved,Best decoded image candidate MAE=73.104744 exceeds 8.0,,,,,,,,73.104744,68.426506,2.0,false,false,313,74.790863,"[{""trackFolder"":""瓷岁.茶鸣拾贰律.0"",""sourceTitle"":""瓷岁"",""sourceArtist"":""茶鸣拾贰律"",""smallMAE"":68.426506,""mediumMAE"":75.687881},{""trackFolder"":""GOODBOUNCE.EBIMAYO.0"",""sourceTitle"":""GOODBOUNCE"",""sourceArtist"":""EBIMAYO"",""smallMAE"":68.722221,""mediumMAE"":73.104744},{""trackFolder"":""もぺもぺ.LeaF.0"",""sourceTitle"":""もぺもぺ"",""sourceArtist"":""LeaF"",""smallMAE"":69.838539,""mediumMAE"":74.790863}]",april-fools-artwork,april-fools,,,"Catalog source=Phigros/April Fools/随机出来的_0.png; sourceSha256=01e9756fa50f7901092732e51dd7394a3e140042a95271f36c7cbbb5316f8efd; APK source=assets/aa/Android/7a2a3120b7d61e230acfdef19ceb0480.bundle; trackPath=Assets/Tracks/GOODBOUNCE.EBIMAYO.0/; decoded pixel MAE=73.104744; thresholds high<=2.0, medium<=8.0; April Fools source remains special even when pixels equal a current track"
01a00093-cac1-755c-97ac-91df90926b51,phigros-april-fools,phigros-april-fools,随机出来的,随机出来的.png,Phigros/April Fools/随机出来的.png,5408cba98cd7d8c052a0da360653ddeb94536d95abe57d4c56778842192be32d,true,true,01a00093-cac2-7873-8690-a4717e5feb18,confirmed,01a00093-cac2-7a19-b01e-8ae3ff6b5e85,sha256:5408cba98cd7d8c052a0da360653ddeb94536d95abe57d4c56778842192be32d,5408cba98cd7d8c052a0da360653ddeb94536d95abe57d4c56778842192be32d,image/png,2048,1080,unmatched,image-candidate-rejected,unresolved,Best decoded image candidate MAE=72.940491 exceeds 8.0,,,,,,,,72.940491,68.658562,2.0,false,false,313,74.967140,"[{""trackFolder"":""瓷岁.茶鸣拾贰律.0"",""sourceTitle"":""瓷岁"",""sourceArtist"":""茶鸣拾贰律"",""smallMAE"":68.658562,""mediumMAE"":76.104515},{""trackFolder"":""GOODBOUNCE.EBIMAYO.0"",""sourceTitle"":""GOODBOUNCE"",""sourceArtist"":""EBIMAYO"",""smallMAE"":68.715858,""mediumMAE"":72.940491},{""trackFolder"":""もぺもぺ.LeaF.0"",""sourceTitle"":""もぺもぺ"",""sourceArtist"":""LeaF"",""smallMAE"":69.884262,""mediumMAE"":74.96714}]",april-fools-artwork,april-fools,,,"Catalog source=Phigros/April Fools/随机出来的.png; sourceSha256=5408cba98cd7d8c052a0da360653ddeb94536d95abe57d4c56778842192be32d; APK source=assets/aa/Android/7a2a3120b7d61e230acfdef19ceb0480.bundle; trackPath=Assets/Tracks/GOODBOUNCE.EBIMAYO.0/; decoded pixel MAE=72.940491; thresholds high<=2.0, medium<=8.0; April Fools source remains special even when pixels equal a current track"
01a00093-cbda-7948-b123-7037b82aec25,phigros-april-fools,phigros-april-fools,舞者_0,舞者_0.png,Phigros/April Fools/舞者_0.png,cc86578602e26d4478af61cfb7d0f02d970e25d2a6ac94ac8eaebdcd01fa0579,true,true,01a00093-cbda-7f4e-9871-bebe658e07c0,confirmed,01a00093-cbda-7de0-915e-722c7d8d35ca,sha256:cc86578602e26d4478af61cfb7d0f02d970e25d2a6ac94ac8eaebdcd01fa0579,cc86578602e26d4478af61cfb7d0f02d970e25d2a6ac94ac8eaebdcd01fa0579,image/png,2048,1080,unmatched,image-candidate-rejected,unresolved,Best decoded image candidate MAE=75.578049 exceeds 8.0,,,,,,,,75.578049,65.019676,2.0,false,false,313,86.434319,"[{""trackFolder"":""JourneywithYou.Iris.0"",""sourceTitle"":""JourneywithYou"",""sourceArtist"":""Iris"",""smallMAE"":65.019676,""mediumMAE"":75.578049},{""trackFolder"":""SATELLITE.かめりあ.0"",""sourceTitle"":""SATELLITE"",""sourceArtist"":""かめりあ"",""smallMAE"":76.392937,""mediumMAE"":86.839005},{""trackFolder"":""DiamondEyes.SYNTHETIC.0"",""sourceTitle"":""DiamondEyes"",""sourceArtist"":""SYNTHETIC"",""smallMAE"":76.482063,""mediumMAE"":86.434319}]",april-fools-artwork,april-fools,,,"Catalog source=Phigros/April Fools/舞者_0.png; sourceSha256=cc86578602e26d4478af61cfb7d0f02d970e25d2a6ac94ac8eaebdcd01fa0579; APK source=assets/aa/Android/e02cde62ca6c91a1dcc2afb7d97ef193.bundle; trackPath=Assets/Tracks/JourneywithYou.Iris.0/; decoded pixel MAE=75.578049; thresholds high<=2.0, medium<=8.0; April Fools source remains special even when pixels equal a current track"
01a00093-ccf8-7db3-9d40-d1b5e0e1e7dc,phigros-april-fools,phigros-april-fools,舞者,舞者.png,Phigros/April Fools/舞者.png,2b88e7f94790371cb5cf9c5d60e3d88fcd500707f2e9ae0290f95b4d56043010,true,true,01a00093-ccf8-7e90-813e-a58f7f96fe37,confirmed,01a00093-ccf8-7250-abf3-3606340b1a13,sha256:2b88e7f94790371cb5cf9c5d60e3d88fcd500707f2e9ae0290f95b4d56043010,2b88e7f94790371cb5cf9c5d60e3d88fcd500707f2e9ae0290f95b4d56043010,image/png,2048,1080,unmatched,image-candidate-rejected,unresolved,Best decoded image candidate MAE=77.364510 exceeds 8.0,,,,,,,,77.364510,67.764465,2.0,false,false,313,84.346779,"[{""trackFolder"":""JourneywithYou.Iris.0"",""sourceTitle"":""JourneywithYou"",""sourceArtist"":""Iris"",""smallMAE"":67.764465,""mediumMAE"":77.36451},{""trackFolder"":""DiamondEyes.SYNTHETIC.0"",""sourceTitle"":""DiamondEyes"",""sourceArtist"":""SYNTHETIC"",""smallMAE"":77.055557,""mediumMAE"":86.627563},{""trackFolder"":""TheWholeRest.KIVΛ.0"",""sourceTitle"":""TheWholeRest"",""sourceArtist"":""KIVΛ"",""smallMAE"":77.836807,""mediumMAE"":84.346779}]",april-fools-artwork,april-fools,,,"Catalog source=Phigros/April Fools/舞者.png; sourceSha256=2b88e7f94790371cb5cf9c5d60e3d88fcd500707f2e9ae0290f95b4d56043010; APK source=assets/aa/Android/e02cde62ca6c91a1dcc2afb7d97ef193.bundle; trackPath=Assets/Tracks/JourneywithYou.Iris.0/; decoded pixel MAE=77.364510; thresholds high<=2.0, medium<=8.0; April Fools source remains special even when pixels equal a current track"
01a00093-ce11-7c56-933f-f0f91f3e2d52,phigros-april-fools,phigros-april-fools,吸铁石_0,吸铁石_0.png,Phigros/April Fools/吸铁石_0.png,06537dfbea35182983deff187164dcd3ec37d14b72118e2b18faea52b65a55f9,true,true,01a00093-ce11-7988-9598-68fcb22743a9,confirmed,01a00093-ce11-77cd-a12b-ac0ec5500d5b,sha256:06537dfbea35182983deff187164dcd3ec37d14b72118e2b18faea52b65a55f9,06537dfbea35182983deff187164dcd3ec37d14b72118e2b18faea52b65a55f9,image/png,2048,1080,unmatched,image-candidate-rejected,unresolved,Best decoded image candidate MAE=45.554459 exceeds 8.0,,,,,,,,45.554459,41.566551,2.0,false,false,313,47.071575,"[{""trackFolder"":""雪降り雪が降っている.AiSSw夜輪ft結月ゆかり.0"",""sourceTitle"":""雪降り雪が降っている"",""sourceArtist"":""AiSSw夜輪ft結月ゆかり"",""smallMAE"":41.566551,""mediumMAE"":45.554459},{""trackFolder"":""下一秒.BobHouSherlock卓智媛feat兰音Reine.0"",""sourceTitle"":""下一秒"",""sourceArtist"":""BobHouSherlock卓智媛feat兰音Reine"",""smallMAE"":42.853008,""mediumMAE"":48.089806},{""trackFolder"":""ストレイソウルアラウンド.みーに.0"",""sourceTitle"":""ストレイソウルアラウンド"",""sourceArtist"":""みーに"",""smallMAE"":43.484955,""mediumMAE"":47.071575}]",april-fools-artwork,april-fools,,,"Catalog source=Phigros/April Fools/吸铁石_0.png; sourceSha256=06537dfbea35182983deff187164dcd3ec37d14b72118e2b18faea52b65a55f9; APK source=assets/aa/Android/ad491432b683cd87d9f5fbc99dc4513f.bundle; trackPath=Assets/Tracks/雪降り雪が降っている.AiSSw夜輪ft結月ゆかり.0/; decoded pixel MAE=45.554459; thresholds high<=2.0, medium<=8.0; April Fools source remains special even when pixels equal a current track"
01a00093-cf13-74b3-848a-335ae021e394,phigros-april-fools,phigros-april-fools,吸铁石,吸铁石.png,Phigros/April Fools/吸铁石.png,f4cdcdbd99c862d5b60eef76315304ea89cdcd9cb6ce7c49bfe173104670cfd3,true,true,01a00093-cf13-7bdb-805a-f9435de5c02b,confirmed,01a00093-cf13-77f4-a809-a6ef88384015,sha256:f4cdcdbd99c862d5b60eef76315304ea89cdcd9cb6ce7c49bfe173104670cfd3,f4cdcdbd99c862d5b60eef76315304ea89cdcd9cb6ce7c49bfe173104670cfd3,image/png,2048,1080,unmatched,image-candidate-rejected,unresolved,Best decoded image candidate MAE=45.362823 exceeds 8.0,,,,,,,,45.362823,41.401043,2.0,false,false,313,46.736404,"[{""trackFolder"":""雪降り雪が降っている.AiSSw夜輪ft結月ゆかり.0"",""sourceTitle"":""雪降り雪が降っている"",""sourceArtist"":""AiSSw夜輪ft結月ゆかり"",""smallMAE"":41.401043,""mediumMAE"":45.362823},{""trackFolder"":""下一秒.BobHouSherlock卓智媛feat兰音Reine.0"",""sourceTitle"":""下一秒"",""sourceArtist"":""BobHouSherlock卓智媛feat兰音Reine"",""smallMAE"":43.045139,""mediumMAE"":48.25333},{""trackFolder"":""ストレイソウルアラウンド.みーに.0"",""sourceTitle"":""ストレイソウルアラウンド"",""sourceArtist"":""みーに"",""smallMAE"":43.23148,""mediumMAE"":46.736404}]",april-fools-artwork,april-fools,,,"Catalog source=Phigros/April Fools/吸铁石.png; sourceSha256=f4cdcdbd99c862d5b60eef76315304ea89cdcd9cb6ce7c49bfe173104670cfd3; APK source=assets/aa/Android/ad491432b683cd87d9f5fbc99dc4513f.bundle; trackPath=Assets/Tracks/雪降り雪が降っている.AiSSw夜輪ft結月ゆかり.0/; decoded pixel MAE=45.362823; thresholds high<=2.0, medium<=8.0; April Fools source remains special even when pixels equal a current track"
01a00093-d01b-719d-91ed-747192d3901d,phigros-april-fools,phigros-april-fools,一只烤鸭_0,一只烤鸭_0.png,Phigros/April Fools/一只烤鸭_0.png,3f86752c9704671c89b2e74a64b2d4f745660c6191c16fa93cd78bc2d21cdc42,true,true,01a00093-d01b-70b5-bed3-ce5dc05c963b,confirmed,01a00093-d01b-7f9a-ba51-6f0dc207f4f3,sha256:3f86752c9704671c89b2e74a64b2d4f745660c6191c16fa93cd78bc2d21cdc42,3f86752c9704671c89b2e74a64b2d4f745660c6191c16fa93cd78bc2d21cdc42,image/png,2048,1080,unmatched,image-candidate-rejected,unresolved,Best decoded image candidate MAE=83.922409 exceeds 8.0,,,,,,,,83.922409,76.043404,2.0,false,false,313,84.631241,"[{""trackFolder"":""Kerberos.Zris.0"",""sourceTitle"":""Kerberos"",""sourceArtist"":""Zris"",""smallMAE"":76.043404,""mediumMAE"":84.631241},{""trackFolder"":""DataErr0r.Cosmograph.0"",""sourceTitle"":""DataErr0r"",""sourceArtist"":""Cosmograph"",""smallMAE"":76.118057,""mediumMAE"":83.922409},{""trackFolder"":""盏茗.茶鸣拾贰律.0"",""sourceTitle"":""盏茗"",""sourceArtist"":""茶鸣拾贰律"",""smallMAE"":78.24942,""mediumMAE"":86.037529}]",april-fools-artwork,april-fools,,,"Catalog source=Phigros/April Fools/一只烤鸭_0.png; sourceSha256=3f86752c9704671c89b2e74a64b2d4f745660c6191c16fa93cd78bc2d21cdc42; APK source=assets/aa/Android/b107c32045ad92540be398fc2770bac5.bundle; trackPath=Assets/Tracks/DataErr0r.Cosmograph.0/; decoded pixel MAE=83.922409; thresholds high<=2.0, medium<=8.0; April Fools source remains special even when pixels equal a current track"
01a00093-d116-779d-bb5e-349344fa09c0,phigros-april-fools,phigros-april-fools,一只烤鸭,一只烤鸭.png,Phigros/April Fools/一只烤鸭.png,81b87762ed6b8ab546cd0ed2adf4949dd2f048ae376b6839547d9636031c4acd,true,true,01a00093-d116-722f-b0fd-9c077e377e0b,confirmed,01a00093-d116-797f-83a2-e6f996adb945,sha256:81b87762ed6b8ab546cd0ed2adf4949dd2f048ae376b6839547d9636031c4acd,81b87762ed6b8ab546cd0ed2adf4949dd2f048ae376b6839547d9636031c4acd,image/png,2048,1080,unmatched,image-candidate-rejected,unresolved,Best decoded image candidate MAE=82.271141 exceeds 8.0,,,,,,,,82.271141,73.188080,2.0,false,false,313,83.286957,"[{""trackFolder"":""DataErr0r.Cosmograph.0"",""sourceTitle"":""DataErr0r"",""sourceArtist"":""Cosmograph"",""smallMAE"":73.18808,""mediumMAE"":82.271141},{""trackFolder"":""Kerberos.Zris.0"",""sourceTitle"":""Kerberos"",""sourceArtist"":""Zris"",""smallMAE"":73.729164,""mediumMAE"":83.286957},{""trackFolder"":""萤火虫の怨.闫东炜.0"",""sourceTitle"":""萤火虫の怨"",""sourceArtist"":""闫东炜"",""smallMAE"":76.348381,""mediumMAE"":83.929916}]",april-fools-artwork,april-fools,,,"Catalog source=Phigros/April Fools/一只烤鸭.png; sourceSha256=81b87762ed6b8ab546cd0ed2adf4949dd2f048ae376b6839547d9636031c4acd; APK source=assets/aa/Android/b107c32045ad92540be398fc2770bac5.bundle; trackPath=Assets/Tracks/DataErr0r.Cosmograph.0/; decoded pixel MAE=82.271141; thresholds high<=2.0, medium<=8.0; April Fools source remains special even when pixels equal a current track"
01a00093-d216-7498-8e34-86df1398f17a,phigros-april-fools,phigros-april-fools,幽蓝边界受害者_0,幽蓝边界受害者_0.png,Phigros/April Fools/幽蓝边界受害者_0.png,1691085a4d387a442cef36264a897d005743fd83a7738ddf552ecac4312a8b18,true,true,01a00093-d216-73b6-937b-c937eb0cd220,confirmed,01a00093-d216-7b08-8d05-740db0eff0f3,sha256:1691085a4d387a442cef36264a897d005743fd83a7738ddf552ecac4312a8b18,1691085a4d387a442cef36264a897d005743fd83a7738ddf552ecac4312a8b18,image/png,2048,1080,unmatched,image-candidate-rejected,unresolved,Best decoded image candidate MAE=75.608498 exceeds 8.0,,,,,,,,75.608498,68.814240,2.0,false,false,313,79.792625,"[{""trackFolder"":""DataErr0r.Cosmograph.0"",""sourceTitle"":""DataErr0r"",""sourceArtist"":""Cosmograph"",""smallMAE"":68.81424,""mediumMAE"":75.608498},{""trackFolder"":""萤火虫の怨.闫东炜.0"",""sourceTitle"":""萤火虫の怨"",""sourceArtist"":""闫东炜"",""smallMAE"":74.120369,""mediumMAE"":79.792625},{""trackFolder"":""Aleph0.LeaF.0"",""sourceTitle"":""Aleph0"",""sourceArtist"":""LeaF"",""smallMAE"":75.410881,""mediumMAE"":82.580536}]",april-fools-artwork,april-fools,,,"Catalog source=Phigros/April Fools/幽蓝边界受害者_0.png; sourceSha256=1691085a4d387a442cef36264a897d005743fd83a7738ddf552ecac4312a8b18; APK source=assets/aa/Android/b107c32045ad92540be398fc2770bac5.bundle; trackPath=Assets/Tracks/DataErr0r.Cosmograph.0/; decoded pixel MAE=75.608498; thresholds high<=2.0, medium<=8.0; April Fools source remains special even when pixels equal a current track"
01a00093-d32d-7118-8983-915df469fb21,phigros-april-fools,phigros-april-fools,幽蓝边界受害者,幽蓝边界受害者.png,Phigros/April Fools/幽蓝边界受害者.png,478a6f352f6674e65a8dacde34f61c3f7f89e6b456b63a4af8256e46bce7689f,true,true,01a00093-d32d-73d9-bdd7-46481aa89175,confirmed,01a00093-d32d-7b5a-b2a1-bedbdc9041a8,sha256:478a6f352f6674e65a8dacde34f61c3f7f89e6b456b63a4af8256e46bce7689f,478a6f352f6674e65a8dacde34f61c3f7f89e6b456b63a4af8256e46bce7689f,image/png,2048,1080,unmatched,image-candidate-rejected,unresolved,Best decoded image candidate MAE=74.194855 exceeds 8.0,,,,,,,,74.194855,66.935188,2.0,false,false,313,78.992645,"[{""trackFolder"":""DataErr0r.Cosmograph.0"",""sourceTitle"":""DataErr0r"",""sourceArtist"":""Cosmograph"",""smallMAE"":66.935188,""mediumMAE"":74.194855},{""trackFolder"":""萤火虫の怨.闫东炜.0"",""sourceTitle"":""萤火虫の怨"",""sourceArtist"":""闫东炜"",""smallMAE"":72.37674,""mediumMAE"":78.992645},{""trackFolder"":""MiracleForestVIPMix.Rinthlive.0"",""sourceTitle"":""MiracleForestVIPMix"",""sourceArtist"":""Rinthlive"",""smallMAE"":74.310188,""mediumMAE"":82.637794}]",april-fools-artwork,april-fools,,,"Catalog source=Phigros/April Fools/幽蓝边界受害者.png; sourceSha256=478a6f352f6674e65a8dacde34f61c3f7f89e6b456b63a4af8256e46bce7689f; APK source=assets/aa/Android/b107c32045ad92540be398fc2770bac5.bundle; trackPath=Assets/Tracks/DataErr0r.Cosmograph.0/; decoded pixel MAE=74.194855; thresholds high<=2.0, medium<=8.0; April Fools source remains special even when pixels equal a current track"
01a00093-d43d-79ed-8de9-e7d0bcb012f4,phigros-april-fools,phigros-april-fools,这么强！？_0,这么强！？_0.png,Phigros/April Fools/这么强！？_0.png,122c2fd9cc7965181e4a957bf276f8ea1165e6a4547e73884c131677c8455a05,true,true,01a00093-d43d-7df1-a895-73c2384be073,confirmed,01a00093-d43d-727b-805c-31bdd67d7823,sha256:122c2fd9cc7965181e4a957bf276f8ea1165e6a4547e73884c131677c8455a05,122c2fd9cc7965181e4a957bf276f8ea1165e6a4547e73884c131677c8455a05,image/png,2048,1080,unmatched,image-candidate-rejected,unresolved,Best decoded image candidate MAE=60.812157 exceeds 8.0,,,,,,,,60.812157,53.548611,2.0,false,false,313,61.931602,"[{""trackFolder"":""RetributionCycleofRedemption.ArdolfvsDaily天利.0"",""sourceTitle"":""RetributionCycleofRedemption"",""sourceArtist"":""ArdolfvsDaily天利"",""smallMAE"":53.548611,""mediumMAE"":60.812157},{""trackFolder"":""JourneywithYou.Iris.0"",""sourceTitle"":""JourneywithYou"",""sourceArtist"":""Iris"",""smallMAE"":55.181133,""mediumMAE"":61.931602},{""trackFolder"":""Realms.HinkikAHimitsu.0"",""sourceTitle"":""Realms"",""sourceArtist"":""HinkikAHimitsu"",""smallMAE"":57.862846,""mediumMAE"":67.69635}]",april-fools-artwork,april-fools,,,"Catalog source=Phigros/April Fools/这么强！？_0.png; sourceSha256=122c2fd9cc7965181e4a957bf276f8ea1165e6a4547e73884c131677c8455a05; APK source=assets/aa/Android/fa859487068efbe952b6b1d74bf54164.bundle; trackPath=Assets/Tracks/RetributionCycleofRedemption.ArdolfvsDaily天利.0/; decoded pixel MAE=60.812157; thresholds high<=2.0, medium<=8.0; April Fools source remains special even when pixels equal a current track"
01a00093-d54c-7d7a-9d62-a8b6f19d935c,phigros-april-fools,phigros-april-fools,这么强！？,这么强！？.png,Phigros/April Fools/这么强！？.png,a1c9e991247777c14bcb34bb5dcabb81fcd3c86ac99d9265af55b1efe3793a5f,true,true,01a00093-d54c-7138-99dd-23035e68ab42,confirmed,01a00093-d54c-7e09-820b-d1d5de9ee857,sha256:a1c9e991247777c14bcb34bb5dcabb81fcd3c86ac99d9265af55b1efe3793a5f,a1c9e991247777c14bcb34bb5dcabb81fcd3c86ac99d9265af55b1efe3793a5f,image/png,2048,1080,unmatched,image-candidate-rejected,unresolved,Best decoded image candidate MAE=61.847618 exceeds 8.0,,,,,,,,61.847618,54.144096,2.0,false,false,313,63.703278,"[{""trackFolder"":""RetributionCycleofRedemption.ArdolfvsDaily天利.0"",""sourceTitle"":""RetributionCycleofRedemption"",""sourceArtist"":""ArdolfvsDaily天利"",""smallMAE"":54.144096,""mediumMAE"":61.847618},{""trackFolder"":""JourneywithYou.Iris.0"",""sourceTitle"":""JourneywithYou"",""sourceArtist"":""Iris"",""smallMAE"":56.709492,""mediumMAE"":63.703278},{""trackFolder"":""Realms.HinkikAHimitsu.0"",""sourceTitle"":""Realms"",""sourceArtist"":""HinkikAHimitsu"",""smallMAE"":57.60648,""mediumMAE"":68.175972}]",april-fools-artwork,april-fools,,,"Catalog source=Phigros/April Fools/这么强！？.png; sourceSha256=a1c9e991247777c14bcb34bb5dcabb81fcd3c86ac99d9265af55b1efe3793a5f; APK source=assets/aa/Android/fa859487068efbe952b6b1d74bf54164.bundle; trackPath=Assets/Tracks/RetributionCycleofRedemption.ArdolfvsDaily天利.0/; decoded pixel MAE=61.847618; thresholds high<=2.0, medium<=8.0; April Fools source remains special even when pixels equal a current track"
01a00093-d70e-7844-92dc-72347f3198b3,phigros-april-fools,phigros-april-fools,AprilFool2026Content0,AprilFool2026Content0.png,Phigros/April Fools/AprilFool2026Content0.png,a38afcae8e21731a6b3d87e30ebfdc960468dab93d0fbdad08a789e103ea385b,true,true,01a00093-d70e-7802-afe7-8b68228b7f0c,confirmed,01a00093-d70f-7b55-b572-235bf3532e5a,sha256:a38afcae8e21731a6b3d87e30ebfdc960468dab93d0fbdad08a789e103ea385b,a38afcae8e21731a6b3d87e30ebfdc960468dab93d0fbdad08a789e103ea385b,image/png,976,477,unmatched,image-candidate-rejected,unresolved,Best decoded image candidate MAE=53.996208 exceeds 8.0,,,,,,,,53.996208,47.368057,2.0,false,false,313,58.281059,"[{""trackFolder"":""Wintercube.CtymaxfeatNceS.0"",""sourceTitle"":""Wintercube"",""sourceArtist"":""CtymaxfeatNceS"",""smallMAE"":47.368057,""mediumMAE"":53.996208},{""trackFolder"":""SwingSkipDrop.ミハイル.0"",""sourceTitle"":""SwingSkipDrop"",""sourceArtist"":""ミハイル"",""smallMAE"":50.942707,""mediumMAE"":58.281059},{""trackFolder"":""ぱぴぷぴぷぴぱ.ころねぽちWith立秋.0"",""sourceTitle"":""ぱぴぷぴぷぴぱ"",""sourceArtist"":""ころねぽちWith立秋"",""smallMAE"":51.535301,""mediumMAE"":59.380669}]",april-fools-artwork,april-fools,,,"Catalog source=Phigros/April Fools/AprilFool2026Content0.png; sourceSha256=a38afcae8e21731a6b3d87e30ebfdc960468dab93d0fbdad08a789e103ea385b; APK source=assets/aa/Android/8ddcecd4aca536f64ad0e9e7b1e05b9d.bundle; trackPath=Assets/Tracks/Wintercube.CtymaxfeatNceS.0/; decoded pixel MAE=53.996208; thresholds high<=2.0, medium<=8.0; April Fools source remains special even when pixels equal a current track"
01a00093-d766-727c-9d36-5f68aaa77c24,phigros-april-fools,phigros-april-fools,AprilFool2026Content1,AprilFool2026Content1.png,Phigros/April Fools/AprilFool2026Content1.png,83b94f6d3f5d3d1198146478aa5af5baf46afe07a1b3c941e8e2bdcedf09481e,true,true,01a00093-d766-7165-b79d-e978bcf75e54,confirmed,01a00093-d766-72a1-9b49-96f6e9cc4e8a,sha256:83b94f6d3f5d3d1198146478aa5af5baf46afe07a1b3c941e8e2bdcedf09481e,83b94f6d3f5d3d1198146478aa5af5baf46afe07a1b3c941e8e2bdcedf09481e,image/png,976,477,unmatched,image-candidate-rejected,unresolved,Best decoded image candidate MAE=23.960823 exceeds 8.0,,,,,,,,23.960823,22.888309,2.0,false,false,313,26.704849,"[{""trackFolder"":""parsey.siqlo.0"",""sourceTitle"":""parsey"",""sourceArtist"":""siqlo"",""smallMAE"":22.888309,""mediumMAE"":23.960823},{""trackFolder"":""Wintercube.CtymaxfeatNceS.0"",""sourceTitle"":""Wintercube"",""sourceArtist"":""CtymaxfeatNceS"",""smallMAE"":25.083912,""mediumMAE"":26.704849},{""trackFolder"":""SwingSkipDrop.ミハイル.0"",""sourceTitle"":""SwingSkipDrop"",""sourceArtist"":""ミハイル"",""smallMAE"":30.269676,""mediumMAE"":32.298904}]",april-fools-artwork,april-fools,,,"Catalog source=Phigros/April Fools/AprilFool2026Content1.png; sourceSha256=83b94f6d3f5d3d1198146478aa5af5baf46afe07a1b3c941e8e2bdcedf09481e; APK source=assets/aa/Android/e417dc4eefe85142cf3332fe0faa1e72.bundle; trackPath=Assets/Tracks/parsey.siqlo.0/; decoded pixel MAE=23.960823; thresholds high<=2.0, medium<=8.0; April Fools source remains special even when pixels equal a current track"
01a00093-d7b6-78bd-ac71-5fa68d189956,phigros-april-fools,phigros-april-fools,AprilFool2026EntryCN_0,AprilFool2026EntryCN_0.png,Phigros/April Fools/AprilFool2026EntryCN_0.png,df5072e8908af94a4ca826f8eb6aa75146343b774efed63187c03d627bfe00d7,true,true,01a00093-d7b6-7b78-873e-932db17dd257,confirmed,01a00093-d7b6-73de-93e9-60a7c1b8e6a0,sha256:df5072e8908af94a4ca826f8eb6aa75146343b774efed63187c03d627bfe00d7,df5072e8908af94a4ca826f8eb6aa75146343b774efed63187c03d627bfe00d7,image/png,451,123,unmatched,image-candidate-rejected,unresolved,Best decoded image candidate MAE=52.562157 exceeds 8.0,,,,,,,,52.562157,46.543404,2.0,false,false,313,55.523895,"[{""trackFolder"":""SwingSkipDrop.ミハイル.0"",""sourceTitle"":""SwingSkipDrop"",""sourceArtist"":""ミハイル"",""smallMAE"":46.543404,""mediumMAE"":52.562157},{""trackFolder"":""云女孩.符白牙SiYFics.0"",""sourceTitle"":""云女孩"",""sourceArtist"":""符白牙SiYFics"",""smallMAE"":47.921295,""mediumMAE"":56.455616},{""trackFolder"":""ぱぴぷぴぷぴぱ.ころねぽちWith立秋.0"",""sourceTitle"":""ぱぴぷぴぷぴぱ"",""sourceArtist"":""ころねぽちWith立秋"",""smallMAE"":48.217014,""mediumMAE"":55.523895}]",april-fools-artwork,april-fools,,,"Catalog source=Phigros/April Fools/AprilFool2026EntryCN_0.png; sourceSha256=df5072e8908af94a4ca826f8eb6aa75146343b774efed63187c03d627bfe00d7; APK source=assets/aa/Android/b6cc2d0ce9ee5e2f48b1b6163fff09e8.bundle; trackPath=Assets/Tracks/SwingSkipDrop.ミハイル.0/; decoded pixel MAE=52.562157; thresholds high<=2.0, medium<=8.0; April Fools source remains special even when pixels equal a current track"
01a00093-d7e1-715f-bb29-730a0244d8ea,phigros-april-fools,phigros-april-fools,AprilFool2026EntryCN,AprilFool2026EntryCN.png,Phigros/April Fools/AprilFool2026EntryCN.png,524551236670a440369857740945199ff422b6274a252f30fa8771cc29e73ddd,true,true,01a00093-d7e1-74aa-84da-ed6fcc8e03e9,confirmed,01a00093-d7e1-7a1c-900f-b8a9f23cf61e,sha256:524551236670a440369857740945199ff422b6274a252f30fa8771cc29e73ddd,524551236670a440369857740945199ff422b6274a252f30fa8771cc29e73ddd,image/png,976,477,unmatched,image-candidate-rejected,unresolved,Best decoded image candidate MAE=51.545074 exceeds 8.0,,,,,,,,51.545074,45.120949,2.0,false,false,313,55.481274,"[{""trackFolder"":""KMoeVIP.ZxNX.0"",""sourceTitle"":""KMoeVIP"",""sourceArtist"":""ZxNX"",""smallMAE"":45.120949,""mediumMAE"":51.545074},{""trackFolder"":""AphroditesChildshortver.RUQOA.0"",""sourceTitle"":""AphroditesChildshortver"",""sourceArtist"":""RUQOA"",""smallMAE"":47.951969,""mediumMAE"":55.481274},{""trackFolder"":""もぺもぺ.LeaF.0"",""sourceTitle"":""もぺもぺ"",""sourceArtist"":""LeaF"",""smallMAE"":50.122105,""mediumMAE"":56.20121}]",april-fools-artwork,april-fools,,,"Catalog source=Phigros/April Fools/AprilFool2026EntryCN.png; sourceSha256=524551236670a440369857740945199ff422b6274a252f30fa8771cc29e73ddd; APK source=assets/aa/Android/35337a36b57d95233e4157e60cbd685d.bundle; trackPath=Assets/Tracks/KMoeVIP.ZxNX.0/; decoded pixel MAE=51.545074; thresholds high<=2.0, medium<=8.0; April Fools source remains special even when pixels equal a current track"
01a00093-d84e-762c-9410-8c5dff073d4a,phigros-april-fools,phigros-april-fools,AprilFool2026EntryEN_0,AprilFool2026EntryEN_0.png,Phigros/April Fools/AprilFool2026EntryEN_0.png,2b40e31a262f7489bc96d3b4d32e0ff58baef1616c7cb5ec0b1a7d004896a4de,true,true,01a00093-d84e-744d-b849-4300cbf97d96,confirmed,01a00093-d84f-7d06-88fc-582c00cc6966,sha256:2b40e31a262f7489bc96d3b4d32e0ff58baef1616c7cb5ec0b1a7d004896a4de,2b40e31a262f7489bc96d3b4d32e0ff58baef1616c7cb5ec0b1a7d004896a4de,image/png,976,477,unmatched,image-candidate-rejected,unresolved,Best decoded image candidate MAE=55.388748 exceeds 8.0,,,,,,,,55.388748,47.605904,2.0,false,false,313,58.508465,"[{""trackFolder"":""KMoeVIP.ZxNX.0"",""sourceTitle"":""KMoeVIP"",""sourceArtist"":""ZxNX"",""smallMAE"":47.605904,""mediumMAE"":55.388748},{""trackFolder"":""AphroditesChildshortver.RUQOA.0"",""sourceTitle"":""AphroditesChildshortver"",""sourceArtist"":""RUQOA"",""smallMAE"":49.266781,""mediumMAE"":58.508465},{""trackFolder"":""SilenceisGoldenSpeechisGolden.NIWASHI.0"",""sourceTitle"":""SilenceisGoldenSpeechisGolden"",""sourceArtist"":""NIWASHI"",""smallMAE"":50.098381,""mediumMAE"":63.360142}]",april-fools-artwork,april-fools,,,"Catalog source=Phigros/April Fools/AprilFool2026EntryEN_0.png; sourceSha256=2b40e31a262f7489bc96d3b4d32e0ff58baef1616c7cb5ec0b1a7d004896a4de; APK source=assets/aa/Android/35337a36b57d95233e4157e60cbd685d.bundle; trackPath=Assets/Tracks/KMoeVIP.ZxNX.0/; decoded pixel MAE=55.388748; thresholds high<=2.0, medium<=8.0; April Fools source remains special even when pixels equal a current track"
01a00093-d8b9-721c-a969-0c914a38f239,phigros-april-fools,phigros-april-fools,AprilFool2026EntryEN,AprilFool2026EntryEN.png,Phigros/April Fools/AprilFool2026EntryEN.png,f7986c3a2ad93a005efc532b2c0b3635df834478b4925c1f0c36d095e4fc7dc4,true,true,01a00093-d8ba-7019-8bf5-afc9d32acfdc,confirmed,01a00093-d8ba-7360-91a6-d171e029632f,sha256:f7986c3a2ad93a005efc532b2c0b3635df834478b4925c1f0c36d095e4fc7dc4,f7986c3a2ad93a005efc532b2c0b3635df834478b4925c1f0c36d095e4fc7dc4,image/png,451,123,unmatched,image-candidate-rejected,unresolved,Best decoded image candidate MAE=58.676201 exceeds 8.0,,,,,,,,58.676201,51.608795,2.0,false,false,313,60.279259,"[{""trackFolder"":""FracturedAngel.DJRaisei.0"",""sourceTitle"":""FracturedAngel"",""sourceArtist"":""DJRaisei"",""smallMAE"":51.608795,""mediumMAE"":60.279259},{""trackFolder"":""SilenceisGoldenSpeechisGolden.NIWASHI.0"",""sourceTitle"":""SilenceisGoldenSpeechisGolden"",""sourceArtist"":""NIWASHI"",""smallMAE"":51.820023,""mediumMAE"":67.248123},{""trackFolder"":""SwingSkipDrop.ミハイル.0"",""sourceTitle"":""SwingSkipDrop"",""sourceArtist"":""ミハイル"",""smallMAE"":52.261574,""mediumMAE"":58.676201}]",april-fools-artwork,april-fools,,,"Catalog source=Phigros/April Fools/AprilFool2026EntryEN.png; sourceSha256=f7986c3a2ad93a005efc532b2c0b3635df834478b4925c1f0c36d095e4fc7dc4; APK source=assets/aa/Android/b6cc2d0ce9ee5e2f48b1b6163fff09e8.bundle; trackPath=Assets/Tracks/SwingSkipDrop.ミハイル.0/; decoded pixel MAE=58.676201; thresholds high<=2.0, medium<=8.0; April Fools source remains special even when pixels equal a current track"
01a00093-d8e9-7651-a21b-cb1d287f9b7a,phigros-april-fools,phigros-april-fools,Oblivion： Phin,Oblivion： Phin.png,Phigros/April Fools/Oblivion： Phin.png,4a92b12483ce68036671cc14fc3954263257f612613c0d272a4ff92505a7ba41,true,true,01a00093-d8ea-79b1-bfff-fca3e9944264,confirmed,01a00093-d8ea-7b97-8fa4-557f0cf871f8,sha256:4a92b12483ce68036671cc14fc3954263257f612613c0d272a4ff92505a7ba41,4a92b12483ce68036671cc14fc3954263257f612613c0d272a4ff92505a7ba41,image/png,2048,1080,unmatched,image-candidate-rejected,unresolved,Best decoded image candidate MAE=44.423714 exceeds 8.0,,,,,,,,44.423714,39.146992,2.0,false,false,313,44.838196,"[{""trackFolder"":""Aliceinaxxxxxxxx.Nagiha.0"",""sourceTitle"":""Aliceinaxxxxxxxx"",""sourceArtist"":""Nagiha"",""smallMAE"":39.146992,""mediumMAE"":44.423714},{""trackFolder"":""LuminousEntitiesLostHeart.NormalMfeatUsagiDenki.0"",""sourceTitle"":""LuminousEntitiesLostHeart"",""sourceArtist"":""NormalMfeatUsagiDenki"",""smallMAE"":40.409721,""mediumMAE"":44.838196},{""trackFolder"":""FracturedAngel.DJRaisei.0"",""sourceTitle"":""FracturedAngel"",""sourceArtist"":""DJRaisei"",""smallMAE"":41.572918,""mediumMAE"":46.429688}]",april-fools-artwork,april-fools,,,"Catalog source=Phigros/April Fools/Oblivion： Phin.png; sourceSha256=4a92b12483ce68036671cc14fc3954263257f612613c0d272a4ff92505a7ba41; APK source=assets/aa/Android/5e3440b767a50ae5e1dda9a2a7db01f9.bundle; trackPath=Assets/Tracks/Aliceinaxxxxxxxx.Nagiha.0/; decoded pixel MAE=44.423714; thresholds high<=2.0, medium<=8.0; April Fools source remains special even when pixels equal a current track"
01a00093-d982-799d-b544-5ecb30380073,phigros-april-fools,phigros-april-fools,Phigros_Logo20260401,Phigros_Logo20260401.png,Phigros/April Fools/Phigros_Logo20260401.png,f9cdf638d40f3c9a94d20f8fc292f2c0a7b94da551282fba61bbabdf92cf6ebe,true,true,01a00093-d982-7a20-98e7-c114618903f9,confirmed,01a00093-d982-7ecc-b633-76ee8300c3cb,sha256:f9cdf638d40f3c9a94d20f8fc292f2c0a7b94da551282fba61bbabdf92cf6ebe,f9cdf638d40f3c9a94d20f8fc292f2c0a7b94da551282fba61bbabdf92cf6ebe,image/png,1150,414,unmatched,image-candidate-rejected,unresolved,Best decoded image candidate MAE=98.892540 exceeds 8.0,,,,,,,,98.892540,97.050346,2.0,false,false,313,100.374657,"[{""trackFolder"":""valorstarcross.LundyvsWyvren.0"",""sourceTitle"":""valorstarcross"",""sourceArtist"":""LundyvsWyvren"",""smallMAE"":97.050346,""mediumMAE"":98.89254},{""trackFolder"":""Chronomia.Lime.0"",""sourceTitle"":""Chronomia"",""sourceArtist"":""Lime"",""smallMAE"":98.484375,""mediumMAE"":100.374657},{""trackFolder"":""贝多芬祝福BeethovenBlessing.Nauts.0"",""sourceTitle"":""贝多芬祝福BeethovenBlessing"",""sourceArtist"":""Nauts"",""smallMAE"":98.671875,""mediumMAE"":100.876534}]",april-fools-artwork,april-fools,,,"Catalog source=Phigros/April Fools/Phigros_Logo20260401.png; sourceSha256=f9cdf638d40f3c9a94d20f8fc292f2c0a7b94da551282fba61bbabdf92cf6ebe; APK source=assets/aa/Android/1409caf0b675db2ff32ba4aef2e82783.bundle; trackPath=Assets/Tracks/valorstarcross.LundyvsWyvren.0/; decoded pixel MAE=98.892540; thresholds high<=2.0, medium<=8.0; April Fools source remains special even when pixels equal a current track"
01a00093-da4b-7532-93e3-00e3cb316a2a,phigros-april-fools,phigros-april-fools,SUS_0,SUS_0.png,Phigros/April Fools/SUS_0.png,9aca7bd5d442ae3af9085f8df937317395d07915adfbb2535a25aca4c40ba284,true,true,01a00093-da4b-7085-a27b-924fa0416877,confirmed,01a00093-da4b-7e51-9bd8-1588a129c74c,sha256:9aca7bd5d442ae3af9085f8df937317395d07915adfbb2535a25aca4c40ba284,9aca7bd5d442ae3af9085f8df937317395d07915adfbb2535a25aca4c40ba284,image/png,2048,1080,unmatched,image-candidate-rejected,unresolved,Best decoded image candidate MAE=81.500534 exceeds 8.0,,,,,,,,81.500534,74.609955,2.0,false,false,313,82.010109,"[{""trackFolder"":""SATELLITE.かめりあ.0"",""sourceTitle"":""SATELLITE"",""sourceArtist"":""かめりあ"",""smallMAE"":74.609955,""mediumMAE"":81.500534},{""trackFolder"":""BraveNotes.TurquoiseDRIVENota.0"",""sourceTitle"":""BraveNotes"",""sourceArtist"":""TurquoiseDRIVENota"",""smallMAE"":75.870949,""mediumMAE"":82.010109},{""trackFolder"":""RubbishSorting.CtymaxvsNceS.0"",""sourceTitle"":""RubbishSorting"",""sourceArtist"":""CtymaxvsNceS"",""smallMAE"":75.972801,""mediumMAE"":82.329239}]",april-fools-artwork,april-fools,,,"Catalog source=Phigros/April Fools/SUS_0.png; sourceSha256=9aca7bd5d442ae3af9085f8df937317395d07915adfbb2535a25aca4c40ba284; APK source=assets/aa/Android/ab7fb4e8f57c4678ab181cb79c2a58c3.bundle; trackPath=Assets/Tracks/SATELLITE.かめりあ.0/; decoded pixel MAE=81.500534; thresholds high<=2.0, medium<=8.0; April Fools source remains special even when pixels equal a current track"
01a00093-db4a-7ec4-9c17-93563e1df74c,phigros-april-fools,phigros-april-fools,SUS,SUS.png,Phigros/April Fools/SUS.png,2ef34485e31ff63be0e1f42ec075d6c1c0a66e66b432f20e419f17ba59464ce9,true,true,01a00093-db4a-7f74-9713-581c06c4689d,confirmed,01a00093-db4b-7189-9a7e-0e06cb6b614c,sha256:2ef34485e31ff63be0e1f42ec075d6c1c0a66e66b432f20e419f17ba59464ce9,2ef34485e31ff63be0e1f42ec075d6c1c0a66e66b432f20e419f17ba59464ce9,image/png,2048,1080,unmatched,image-candidate-rejected,unresolved,Best decoded image candidate MAE=80.850525 exceeds 8.0,,,,,,,,80.850525,73.616898,2.0,false,false,313,81.497971,"[{""trackFolder"":""SATELLITE.かめりあ.0"",""sourceTitle"":""SATELLITE"",""sourceArtist"":""かめりあ"",""smallMAE"":73.616898,""mediumMAE"":80.850525},{""trackFolder"":""RubbishSorting.CtymaxvsNceS.0"",""sourceTitle"":""RubbishSorting"",""sourceArtist"":""CtymaxvsNceS"",""smallMAE"":74.737846,""mediumMAE"":81.513557},{""trackFolder"":""Alb.Avans.0"",""sourceTitle"":""Alb"",""sourceArtist"":""Avans"",""smallMAE"":74.783562,""mediumMAE"":81.497971}]",april-fools-artwork,april-fools,,,"Catalog source=Phigros/April Fools/SUS.png; sourceSha256=2ef34485e31ff63be0e1f42ec075d6c1c0a66e66b432f20e419f17ba59464ce9; APK source=assets/aa/Android/ab7fb4e8f57c4678ab181cb79c2a58c3.bundle; trackPath=Assets/Tracks/SATELLITE.かめりあ.0/; decoded pixel MAE=80.850525; thresholds high<=2.0, medium<=8.0; April Fools source remains special even when pixels equal a current track"
